"query_id","arm","runtime_ms","node_type","startup_cost","total_cost","plan_rows","plan_width","actual_rows","actual_total_time","oracle_arm","oracle_runtime","regret_ms"
"job_7a","default","853.903","Aggregate","13335","13335.01","1","64","1","853.837","no_hashjoin","780.5456666666665","73.35733333333349"
"job_7a","default","895.017","Aggregate","13335","13335.01","1","64","1","894.924","no_hashjoin","780.5456666666665","114.47133333333352"
"job_7a","default","838.5","Aggregate","13335","13335.01","1","64","1","838.432","no_hashjoin","780.5456666666665","57.954333333333466"
"job_7a","no_mergejoin","809.9","Aggregate","13335","13335.01","1","64","1","809.841","no_hashjoin","780.5456666666665","29.354333333333443"
"job_7a","no_mergejoin","805.339","Aggregate","13335","13335.01","1","64","1","805.255","no_hashjoin","780.5456666666665","24.79333333333352"
"job_7a","no_mergejoin","776.756","Aggregate","13335","13335.01","1","64","1","776.454","no_hashjoin","780.5456666666665","-3.7896666666665624"
"job_7a","no_hashjoin","775.539","Aggregate","13335","13335.01","1","64","1","775.478","no_hashjoin","780.5456666666665","-5.006666666666547"
"job_7a","no_hashjoin","803.115","Aggregate","13335","13335.01","1","64","1","803.052","no_hashjoin","780.5456666666665","22.569333333333475"
"job_7a","no_hashjoin","762.983","Aggregate","13335","13335.01","1","64","1","762.928","no_hashjoin","780.5456666666665","-17.562666666666587"
"job_6c","no_hashjoin","11.226","Aggregate","3769.62","3769.63","1","96","1","11.166","no_mergejoin","10.292666666666667","0.9333333333333336"
"job_7a","no_nestloop","6751.132","Aggregate","693317.28","693317.29","1","64","1","6743.458","no_hashjoin","780.5456666666665","5970.586333333333"
"job_7a","no_nestloop","5690.675","Aggregate","693317.28","693317.29","1","64","1","5684.458","no_hashjoin","780.5456666666665","4910.129333333333"
"job_7a","no_nestloop","5034.096","Aggregate","693317.28","693317.29","1","64","1","5027.268","no_hashjoin","780.5456666666665","4253.550333333333"
"job_6c","no_mergejoin","9.328","Aggregate","3769.62","3769.63","1","96","1","9.282","no_mergejoin","10.292666666666667","-0.9646666666666679"
"job_6c","no_mergejoin","11.685","Aggregate","3769.62","3769.63","1","96","1","11.627","no_mergejoin","10.292666666666667","1.3923333333333332"
"job_6c","no_mergejoin","9.865","Aggregate","3769.62","3769.63","1","96","1","9.818","no_mergejoin","10.292666666666667","-0.4276666666666671"
"job_6c","no_nestloop","4731.365","Aggregate","621754.64","621754.65","1","96","1","4726.335","no_mergejoin","10.292666666666667","4721.0723333333335"
"job_6c","no_nestloop","4642.856","Aggregate","621754.64","621754.65","1","96","1","4638.697","no_mergejoin","10.292666666666667","4632.5633333333335"
"job_6c","no_nestloop","4583.281","Aggregate","621754.64","621754.65","1","96","1","4578.94","no_mergejoin","10.292666666666667","4572.988333333334"
"job_6c","no_hashjoin","11.119","Aggregate","3769.62","3769.63","1","96","1","11.066","no_mergejoin","10.292666666666667","0.8263333333333325"
"job_6c","no_hashjoin","11.487","Aggregate","3769.62","3769.63","1","96","1","11.434","no_mergejoin","10.292666666666667","1.1943333333333328"
"job_6c","default","10.932","Aggregate","3769.62","3769.63","1","96","1","10.88","no_mergejoin","10.292666666666667","0.6393333333333331"
"job_6c","default","11.088","Aggregate","3769.62","3769.63","1","96","1","11.034","no_mergejoin","10.292666666666667","0.7953333333333319"
"job_6c","default","10.308","Aggregate","3769.62","3769.63","1","96","1","10.26","no_mergejoin","10.292666666666667","0.015333333333332533"
"job_5b","default","292.801","Aggregate","38861.95","38861.96","1","32","1","292.739","no_mergejoin","270.469","22.331999999999994"
"job_5b","default","308.297","Aggregate","38861.95","38861.96","1","32","1","308.207","no_mergejoin","270.469","37.82800000000003"
"job_5b","default","316.285","Aggregate","38861.95","38861.96","1","32","1","316.223","no_mergejoin","270.469","45.81600000000003"
"job_5b","no_hashjoin","211.499","Aggregate","38862.44","38862.45","1","32","1","211.441","no_mergejoin","270.469","-58.97"
"job_5b","no_hashjoin","234.443","Aggregate","38862.44","38862.45","1","32","1","234.383","no_mergejoin","270.469","-36.02599999999998"
"job_5b","no_hashjoin","393.128","Aggregate","38862.44","38862.45","1","32","1","393.038","no_mergejoin","270.469","122.65899999999999"
"job_5b","no_mergejoin","279.594","Aggregate","38861.95","38861.96","1","32","1","279.542","no_mergejoin","270.469","9.125"
"job_5b","no_mergejoin","231.282","Aggregate","38861.95","38861.96","1","32","1","231.223","no_mergejoin","270.469","-39.18699999999998"
"job_5b","no_mergejoin","300.531","Aggregate","38861.95","38861.96","1","32","1","300.475","no_mergejoin","270.469","30.062000000000012"
"job_5b","no_nestloop","290.743","Aggregate","328711.46","328711.47","1","32","1","286.248","no_mergejoin","270.469","20.274"
"job_2a","default","495.439","Aggregate","3853.46","3853.47","1","32","1","495.393","no_hashjoin","550.3683333333333","-54.92933333333332"
"job_5b","no_nestloop","285.767","Aggregate","328711.46","328711.47","1","32","1","281.265","no_mergejoin","270.469","15.298000000000002"
"job_5b","no_nestloop","284.741","Aggregate","328711.46","328711.47","1","32","1","280.222","no_mergejoin","270.469","14.271999999999991"
"job_11a","no_nestloop","336.062","Aggregate","25126.11","25126.12","1","96","1","335.958","default","82.09833333333334","253.96366666666665"
"job_11a","no_nestloop","347.71","Aggregate","25126.11","25126.12","1","96","1","347.614","default","82.09833333333334","265.6116666666666"
"job_11a","no_nestloop","307.299","Aggregate","25126.11","25126.12","1","96","1","307.203","default","82.09833333333334","225.20066666666662"
"job_11a","no_mergejoin","87.514","Aggregate","3768.98","3768.99","1","96","1","87.434","default","82.09833333333334","5.415666666666652"
"job_11a","no_mergejoin","82.243","Aggregate","3768.98","3768.99","1","96","1","82.161","default","82.09833333333334","0.14466666666665162"
"job_11a","no_mergejoin","87.18","Aggregate","3768.98","3768.99","1","96","1","87.096","default","82.09833333333334","5.0816666666666634"
"job_11a","default","75.786","Aggregate","3768.98","3768.99","1","96","1","75.704","default","82.09833333333334","-6.312333333333342"
"job_11a","default","90.386","Aggregate","3768.98","3768.99","1","96","1","90.294","default","82.09833333333334","8.287666666666652"
"job_11a","default","80.123","Aggregate","3768.98","3768.99","1","96","1","80.031","default","82.09833333333334","-1.9753333333333387"
"job_11a","no_hashjoin","90.81","Aggregate","3768.98","3768.99","1","96","1","90.698","default","82.09833333333334","8.711666666666659"
"job_11a","no_hashjoin","78.091","Aggregate","3768.98","3768.99","1","96","1","77.968","default","82.09833333333334","-4.007333333333349"
"job_11a","no_hashjoin","78.736","Aggregate","3768.98","3768.99","1","96","1","78.645","default","82.09833333333334","-3.362333333333339"
"job_20c","no_hashjoin","1901.724","Aggregate","14842.38","14842.39","1","64","1","1901.589","no_mergejoin","1184.6026666666667","717.1213333333333"
"job_20c","no_hashjoin","1359.543","Aggregate","14842.38","14842.39","1","64","1","1359.38","no_mergejoin","1184.6026666666667","174.94033333333323"
"job_20c","no_hashjoin","939.39","Aggregate","14842.38","14842.39","1","64","1","939.265","no_mergejoin","1184.6026666666667","-245.21266666666668"
"job_20c","no_nestloop","7231.805","Aggregate","687498.19","687498.2","1","64","1","7220.819","no_mergejoin","1184.6026666666667","6047.202333333334"
"job_20c","no_nestloop","7399.987","Aggregate","687498.19","687498.2","1","64","1","7390.566","no_mergejoin","1184.6026666666667","6215.384333333333"
"job_20c","no_nestloop","9074.719","Aggregate","687498.19","687498.2","1","64","1","9066.685","no_mergejoin","1184.6026666666667","7890.1163333333325"
"job_2a","no_nestloop","1129.708","Aggregate","139829.47","139829.48","1","32","1","1125.683","no_hashjoin","550.3683333333333","579.3396666666667"
"job_4a","no_hashjoin","99.639","Aggregate","16519.33","16519.34","1","64","1","99.58","no_mergejoin","85.90066666666667","13.73833333333333"
"job_20c","default","1736.03","Aggregate","14842.38","14842.39","1","64","1","1735.879","no_mergejoin","1184.6026666666667","551.4273333333333"
"job_20c","default","1344.754","Aggregate","14842.38","14842.39","1","64","1","1344.662","no_mergejoin","1184.6026666666667","160.15133333333324"
"job_20c","default","1423.722","Aggregate","14842.38","14842.39","1","64","1","1423.633","no_mergejoin","1184.6026666666667","239.11933333333332"
"job_20c","no_mergejoin","1350.134","Aggregate","14842.38","14842.39","1","64","1","1349.985","no_mergejoin","1184.6026666666667","165.53133333333335"
"job_20c","no_mergejoin","1186.728","Aggregate","14842.38","14842.39","1","64","1","1186.595","no_mergejoin","1184.6026666666667","2.1253333333334012"
"job_2a","no_nestloop","1188.598","Aggregate","139829.47","139829.48","1","32","1","1184.651","no_hashjoin","550.3683333333333","638.2296666666666"
"job_2a","no_nestloop","1137.867","Aggregate","139829.47","139829.48","1","32","1","1133.932","no_hashjoin","550.3683333333333","587.4986666666666"
"job_20c","no_mergejoin","1016.946","Aggregate","14842.38","14842.39","1","64","1","1016.854","no_mergejoin","1184.6026666666667","-167.65666666666664"
"job_25a","no_nestloop","6444.003","Aggregate","937652.65","937652.66","1","128","1","6433.314","no_mergejoin","1415.3016666666665","5028.701333333333"
"job_25a","no_nestloop","6250.015","Aggregate","937652.65","937652.66","1","128","1","6241.29","no_mergejoin","1415.3016666666665","4834.713333333334"
"job_25a","no_nestloop","7064.778","Aggregate","937652.65","937652.66","1","128","1","7055.54","no_mergejoin","1415.3016666666665","5649.476333333334"
"job_25a","no_hashjoin","2549.631","Aggregate","7532.74","7532.75","1","128","1","2548.734","no_mergejoin","1415.3016666666665","1134.3293333333334"
"job_16b","no_nestloop","19052.498","Aggregate","697917.77","697917.78","1","64","1","19045.697","no_nestloop","15446.581","3605.9169999999995"
"job_25a","no_hashjoin","2213.728","Aggregate","7532.74","7532.75","1","128","1","2213.063","no_mergejoin","1415.3016666666665","798.4263333333336"
"job_25a","no_hashjoin","1508.844","Aggregate","7532.74","7532.75","1","128","1","1508.224","no_mergejoin","1415.3016666666665","93.54233333333354"
"job_25a","default","1932.218","Aggregate","7524.13","7524.14","1","128","1","1932.048","no_mergejoin","1415.3016666666665","516.9163333333336"
"job_25a","default","1943.68","Aggregate","7524.13","7524.14","1","128","1","1943.536","no_mergejoin","1415.3016666666665","528.3783333333336"
"job_25a","default","1697.679","Aggregate","7524.13","7524.14","1","128","1","1697.571","no_mergejoin","1415.3016666666665","282.3773333333336"
"job_16b","no_nestloop","15368.949","Aggregate","697917.77","697917.78","1","64","1","15360.826","no_nestloop","15446.581","-77.6319999999996"
"job_25a","no_mergejoin","1458.577","Aggregate","7524.13","7524.14","1","128","1","1458.491","no_mergejoin","1415.3016666666665","43.27533333333349"
"job_25a","no_mergejoin","1422.426","Aggregate","7524.13","7524.14","1","128","1","1422.335","no_mergejoin","1415.3016666666665","7.124333333333425"
"job_25a","no_mergejoin","1364.902","Aggregate","7524.13","7524.14","1","128","1","1364.802","no_mergejoin","1415.3016666666665","-50.39966666666646"
"job_2a","no_hashjoin","502.983","Aggregate","3853.46","3853.47","1","32","1","502.939","no_hashjoin","550.3683333333333","-47.385333333333335"
"job_2a","no_hashjoin","504.946","Aggregate","3853.46","3853.47","1","32","1","504.9","no_hashjoin","550.3683333333333","-45.42233333333331"
"job_2a","no_hashjoin","643.176","Aggregate","3853.46","3853.47","1","32","1","643.121","no_hashjoin","550.3683333333333","92.8076666666667"
"job_2a","no_mergejoin","615.53","Aggregate","3853.46","3853.47","1","32","1","615.485","no_hashjoin","550.3683333333333","65.16166666666663"
"job_2a","no_mergejoin","572.093","Aggregate","3853.46","3853.47","1","32","1","572.041","no_hashjoin","550.3683333333333","21.72466666666662"
"job_2a","no_mergejoin","751.165","Aggregate","3853.46","3853.47","1","32","1","751.1","no_hashjoin","550.3683333333333","200.79666666666662"
"job_2a","default","692.942","Aggregate","3853.46","3853.47","1","32","1","692.89","no_hashjoin","550.3683333333333","142.57366666666667"
"job_2a","default","513.614","Aggregate","3853.46","3853.47","1","32","1","513.553","no_hashjoin","550.3683333333333","-36.75433333333331"
"job_16b","no_nestloop","11918.296","Aggregate","697917.77","697917.78","1","64","1","11907.118","no_nestloop","15446.581","-3528.285"
"job_16b","default","26892.276","Aggregate","5105.93","5105.94","1","64","1","26892.168","no_nestloop","15446.581","11445.695000000002"
"job_16b","default","21882.048","Aggregate","5105.93","5105.94","1","64","1","21881.974","no_nestloop","15446.581","6435.466999999999"
"job_16b","default","20406.004","Aggregate","5105.93","5105.94","1","64","1","20405.936","no_nestloop","15446.581","4959.423000000001"
"job_16b","no_mergejoin","21603.245","Aggregate","5105.93","5105.94","1","64","1","21603.175","no_nestloop","15446.581","6156.663999999999"
"job_16b","no_mergejoin","21153.8","Aggregate","5105.93","5105.94","1","64","1","21153.735","no_nestloop","15446.581","5707.218999999999"
"job_16b","no_mergejoin","28711.971","Aggregate","5105.93","5105.94","1","64","1","28711.871","no_nestloop","15446.581","13265.390000000001"
"job_16b","no_hashjoin","22809.309","Aggregate","5105.93","5105.94","1","64","1","22809.214","no_nestloop","15446.581","7362.728000000001"
"job_16b","no_hashjoin","24139.514","Aggregate","5105.93","5105.94","1","64","1","24139.408","no_nestloop","15446.581","8692.932999999999"
"job_16b","no_hashjoin","22709.81","Aggregate","5105.93","5105.94","1","64","1","22709.736","no_nestloop","15446.581","7263.229000000001"
"job_17f","no_hashjoin","8643.644","Aggregate","4657.27","4657.28","1","32","1","8643.573","no_nestloop","8361.506","282.13800000000083"
"job_17f","no_hashjoin","9534.058","Aggregate","4657.27","4657.28","1","32","1","9533.906","no_nestloop","8361.506","1172.5520000000015"
"job_17f","no_hashjoin","9514.7","Aggregate","4657.27","4657.28","1","32","1","9514.594","no_nestloop","8361.506","1153.1940000000013"
"job_17f","no_nestloop","8755.482","Aggregate","682284.82","682284.83","1","32","1","8748.369","no_nestloop","8361.506","393.97600000000057"
"job_17f","no_nestloop","8020.671","Aggregate","682284.82","682284.83","1","32","1","8012.856","no_nestloop","8361.506","-340.8349999999991"
"job_17f","no_nestloop","8308.365","Aggregate","682284.82","682284.83","1","32","1","8300.418","no_nestloop","8361.506","-53.14099999999962"
"job_17f","no_mergejoin","9800.394","Aggregate","4657.27","4657.28","1","32","1","9800.263","no_nestloop","8361.506","1438.8880000000008"
"job_17f","no_mergejoin","8490.262","Aggregate","4657.27","4657.28","1","32","1","8490.185","no_nestloop","8361.506","128.75600000000122"
"job_17f","no_mergejoin","8705.203","Aggregate","4657.27","4657.28","1","32","1","8705.143","no_nestloop","8361.506","343.6970000000001"
"job_4a","no_hashjoin","114.915","Aggregate","16519.33","16519.34","1","64","1","114.815","no_mergejoin","85.90066666666667","29.01433333333334"
"job_17f","default","11443.876","Aggregate","4657.27","4657.28","1","32","1","11443.791","no_nestloop","8361.506","3082.370000000001"
"job_17f","default","8736.084","Aggregate","4657.27","4657.28","1","32","1","8736.006","no_nestloop","8361.506","374.57800000000134"
"job_17f","default","10487.185","Aggregate","4657.27","4657.28","1","32","1","10487.098","no_nestloop","8361.506","2125.679"
"job_17a","no_hashjoin","13894.926","Aggregate","4530.4","4530.41","1","64","1","13894.854","no_nestloop","8891.386333333334","5003.539666666666"
"job_17a","no_hashjoin","12094.806","Aggregate","4530.4","4530.41","1","64","1","12094.67","no_nestloop","8891.386333333334","3203.4196666666667"
"job_17a","no_hashjoin","11268.999","Aggregate","4530.4","4530.41","1","64","1","11268.927","no_nestloop","8891.386333333334","2377.612666666666"
"job_17a","no_mergejoin","12946.793","Aggregate","4530.4","4530.41","1","64","1","12946.736","no_nestloop","8891.386333333334","4055.406666666666"
"job_17a","no_mergejoin","11859.608","Aggregate","4530.4","4530.41","1","64","1","11859.541","no_nestloop","8891.386333333334","2968.2216666666664"
"job_17a","no_mergejoin","12415.496","Aggregate","4530.4","4530.41","1","64","1","12415.437","no_nestloop","8891.386333333334","3524.1096666666654"
"job_17a","no_nestloop","7291.239","Aggregate","680560.85","680560.86","1","64","1","7282.25","no_nestloop","8891.386333333334","-1600.1473333333342"
"job_17a","no_nestloop","8579.972","Aggregate","680560.85","680560.86","1","64","1","8574.248","no_nestloop","8891.386333333334","-311.41433333333407"
"job_17a","no_nestloop","10802.948","Aggregate","680560.85","680560.86","1","64","1","10792.974","no_nestloop","8891.386333333334","1911.5616666666665"
"job_17a","default","15257.125","Aggregate","4530.4","4530.41","1","64","1","15257.034","no_nestloop","8891.386333333334","6365.738666666666"
"job_17a","default","11420.577","Aggregate","4530.4","4530.41","1","64","1","11420.507","no_nestloop","8891.386333333334","2529.1906666666655"
"job_17a","default","11991.695","Aggregate","4530.4","4530.41","1","64","1","11991.622","no_nestloop","8891.386333333334","3100.308666666666"
"job_8a","no_mergejoin","1245.382","Aggregate","42233.14","42233.15","1","64","1","1245.323","no_mergejoin","1322.0003333333334","-76.61833333333334"
"job_8a","no_mergejoin","1337.716","Aggregate","42233.14","42233.15","1","64","1","1337.643","no_mergejoin","1322.0003333333334","15.715666666666493"
"job_8a","no_mergejoin","1382.903","Aggregate","42233.14","42233.15","1","64","1","1382.838","no_mergejoin","1322.0003333333334","60.90266666666662"
"job_8a","no_nestloop","2894.314","Aggregate","631074.49","631074.5","1","64","1","2887.676","no_mergejoin","1322.0003333333334","1572.3136666666664"
"job_8a","no_nestloop","3007.748","Aggregate","631074.49","631074.5","1","64","1","3002.233","no_mergejoin","1322.0003333333334","1685.7476666666666"
"job_8a","no_nestloop","2772.068","Aggregate","631074.49","631074.5","1","64","1","2765.866","no_mergejoin","1322.0003333333334","1450.0676666666668"
"job_8a","no_hashjoin","1383.773","Aggregate","44273.64","44273.65","1","64","1","1383.702","no_mergejoin","1322.0003333333334","61.77266666666651"
"job_8a","no_hashjoin","1355.648","Aggregate","44273.64","44273.65","1","64","1","1355.575","no_mergejoin","1322.0003333333334","33.64766666666651"
"job_8a","no_hashjoin","1353.22","Aggregate","44273.64","44273.65","1","64","1","1353.142","no_mergejoin","1322.0003333333334","31.219666666666626"
"job_8a","default","1462.955","Aggregate","42233.14","42233.15","1","64","1","1462.876","no_mergejoin","1322.0003333333334","140.95466666666653"
"job_8a","default","1288.993","Aggregate","42233.14","42233.15","1","64","1","1288.888","no_mergejoin","1322.0003333333334","-33.00733333333346"
"job_8a","default","1517.856","Aggregate","42233.14","42233.15","1","64","1","1517.791","no_mergejoin","1322.0003333333334","195.8556666666666"
"job_4a","no_hashjoin","129.26","Aggregate","16519.33","16519.34","1","64","1","129.199","no_mergejoin","85.90066666666667","43.359333333333325"
"job_4a","no_nestloop","923.112","Aggregate","118377.82","118377.83","1","64","1","918.111","no_mergejoin","85.90066666666667","837.2113333333333"
"job_4a","no_nestloop","958.8","Aggregate","118377.82","118377.83","1","64","1","954.039","no_mergejoin","85.90066666666667","872.8993333333333"
"job_4a","no_nestloop","881.233","Aggregate","118377.82","118377.83","1","64","1","876.905","no_mergejoin","85.90066666666667","795.3323333333333"
"job_4a","default","89.78","Aggregate","16519.33","16519.34","1","64","1","89.736","no_mergejoin","85.90066666666667","3.879333333333335"
"job_4a","default","84.729","Aggregate","16519.33","16519.34","1","64","1","84.688","no_mergejoin","85.90066666666667","-1.1716666666666669"
"job_4a","default","87.58","Aggregate","16519.33","16519.34","1","64","1","87.542","no_mergejoin","85.90066666666667","1.6793333333333322"
"job_4a","no_mergejoin","86.842","Aggregate","16519.33","16519.34","1","64","1","86.795","no_mergejoin","85.90066666666667","0.9413333333333327"
"job_4a","no_mergejoin","83.961","Aggregate","16519.33","16519.34","1","64","1","83.899","no_mergejoin","85.90066666666667","-1.9396666666666675"
"job_4a","no_mergejoin","86.899","Aggregate","16519.33","16519.34","1","64","1","86.854","no_mergejoin","85.90066666666667","0.9983333333333348"
"job_16c","no_hashjoin","1608.759","Aggregate","4271.15","4271.16","1","64","1","1608.693","no_hashjoin","1610.9513333333334","-2.1923333333334085"
"job_16c","no_hashjoin","1634.976","Aggregate","4271.15","4271.16","1","64","1","1634.873","no_hashjoin","1610.9513333333334","24.02466666666669"
"job_16c","no_hashjoin","1589.119","Aggregate","4271.15","4271.16","1","64","1","1589.054","no_hashjoin","1610.9513333333334","-21.83233333333351"
"job_2b","no_mergejoin","497.564","Aggregate","3850.96","3850.97","1","32","1","497.515","default","496.981","0.5830000000000268"
"job_16c","no_mergejoin","1687.063","Aggregate","4271.15","4271.16","1","64","1","1686.963","no_hashjoin","1610.9513333333334","76.11166666666668"
"job_16c","no_mergejoin","1653.401","Aggregate","4271.15","4271.16","1","64","1","1653.331","no_hashjoin","1610.9513333333334","42.449666666666644"
"job_16c","no_mergejoin","1558.349","Aggregate","4271.15","4271.16","1","64","1","1558.282","no_hashjoin","1610.9513333333334","-52.60233333333349"
"job_16c","no_nestloop","8402.292","Aggregate","698064.72","698064.73","1","64","1","8367.38","no_hashjoin","1610.9513333333334","6791.340666666666"
"job_16c","no_nestloop","7420.303","Aggregate","698064.72","698064.73","1","64","1","7410.814","no_hashjoin","1610.9513333333334","5809.3516666666665"
"job_16c","no_nestloop","8010.721","Aggregate","698064.72","698064.73","1","64","1","8001.997","no_hashjoin","1610.9513333333334","6399.769666666666"
"job_16c","default","2095.032","Aggregate","4271.15","4271.16","1","64","1","2094.949","no_hashjoin","1610.9513333333334","484.08066666666673"
"job_16c","default","1890.673","Aggregate","4271.15","4271.16","1","64","1","1890.545","no_hashjoin","1610.9513333333334","279.7216666666666"
"job_16c","default","1786.68","Aggregate","4271.15","4271.16","1","64","1","1786.596","no_hashjoin","1610.9513333333334","175.72866666666664"
"job_2b","no_mergejoin","521.846","Aggregate","3850.96","3850.97","1","32","1","521.806","default","496.981","24.86500000000001"
"job_2b","no_mergejoin","476.114","Aggregate","3850.96","3850.97","1","32","1","476.064","default","496.981","-20.86700000000002"
"job_2b","no_nestloop","1143.116","Aggregate","139660.5","139660.51","1","32","1","1139.429","default","496.981","646.135"
"job_2b","no_nestloop","1100.819","Aggregate","139660.5","139660.51","1","32","1","1096.839","default","496.981","603.838"
"job_2b","no_nestloop","1017.216","Aggregate","139660.5","139660.51","1","32","1","1013.536","default","496.981","520.235"
"job_2b","no_hashjoin","548.976","Aggregate","3850.96","3850.97","1","32","1","548.917","default","496.981","51.995000000000005"
"job_2b","no_hashjoin","506.374","Aggregate","3850.96","3850.97","1","32","1","506.334","default","496.981","9.393000000000029"
"job_2b","no_hashjoin","504.317","Aggregate","3850.96","3850.97","1","32","1","504.273","default","496.981","7.336000000000013"
"job_2b","default","498.975","Aggregate","3850.96","3850.97","1","32","1","498.924","default","496.981","1.9940000000000282"
"job_2b","default","493.276","Aggregate","3850.96","3850.97","1","32","1","493.224","default","496.981","-3.704999999999984"
"job_2b","default","498.692","Aggregate","3850.96","3850.97","1","32","1","498.653","default","496.981","1.7110000000000127"
"job_25c","no_hashjoin","7444.349","Aggregate","8764.56","8764.57","1","128","1","7443.734","default","4991.839","2452.51"
"job_17e","no_nestloop","7499.982","Aggregate","692183.86","692183.87","1","32","1","7494.49","no_nestloop","7465.783666666666","34.19833333333372"
"job_25c","no_hashjoin","4690.55","Aggregate","8764.56","8764.57","1","128","1","4689.889","default","4991.839","-301.28899999999976"
"job_25c","no_hashjoin","4679.383","Aggregate","8764.56","8764.57","1","128","1","4678.797","default","4991.839","-312.45600000000013"
"job_25c","no_nestloop","7246.826","Aggregate","969069.28","969069.29","1","128","1","7231.988","default","4991.839","2254.987"
"job_25c","no_nestloop","8442.198","Aggregate","969069.28","969069.29","1","128","1","8430.036","default","4991.839","3450.3590000000004"
"job_25c","no_nestloop","7514.346","Aggregate","969069.28","969069.29","1","128","1","7505.574","default","4991.839","2522.5069999999996"
"job_25c","no_mergejoin","6679.17","Aggregate","8751.8","8751.81","1","128","1","6678.973","default","4991.839","1687.3310000000001"
"job_25c","no_mergejoin","5514.007","Aggregate","8751.8","8751.81","1","128","1","5513.903","default","4991.839","522.1679999999997"
"job_25c","no_mergejoin","4876.041","Aggregate","8751.8","8751.81","1","128","1","4875.896","default","4991.839","-115.79799999999977"
"job_25c","default","4729.125","Aggregate","8751.8","8751.81","1","128","1","4729.026","default","4991.839","-262.71399999999994"
"job_25c","default","4978.513","Aggregate","8751.8","8751.81","1","128","1","4978.422","default","4991.839","-13.326000000000022"
"job_25c","default","5267.879","Aggregate","8751.8","8751.81","1","128","1","5267.781","default","4991.839","276.03999999999996"
"job_14c","no_hashjoin","460.55","Aggregate","7459.64","7459.65","1","64","1","460.488","no_mergejoin","459.0726666666667","1.4773333333333198"
"job_14c","no_hashjoin","465.481","Aggregate","7459.64","7459.65","1","64","1","465.419","no_mergejoin","459.0726666666667","6.408333333333303"
"job_14c","no_hashjoin","457.191","Aggregate","7459.64","7459.65","1","64","1","457.125","no_mergejoin","459.0726666666667","-1.8816666666667174"
"job_14c","default","467.59","Aggregate","7459.64","7459.65","1","64","1","467.525","no_mergejoin","459.0726666666667","8.517333333333283"
"job_17e","no_nestloop","7315.96","Aggregate","692183.86","692183.87","1","32","1","7310.634","no_nestloop","7465.783666666666","-149.8236666666662"
"job_14c","default","464.846","Aggregate","7459.64","7459.65","1","64","1","464.786","no_mergejoin","459.0726666666667","5.773333333333312"
"job_14c","default","462.696","Aggregate","7459.64","7459.65","1","64","1","462.63","no_mergejoin","459.0726666666667","3.623333333333335"
"job_14c","no_mergejoin","462.048","Aggregate","7459.64","7459.65","1","64","1","461.985","no_mergejoin","459.0726666666667","2.9753333333333103"
"job_14c","no_mergejoin","453.519","Aggregate","7459.64","7459.65","1","64","1","453.464","no_mergejoin","459.0726666666667","-5.553666666666686"
"job_14c","no_mergejoin","461.651","Aggregate","7459.64","7459.65","1","64","1","461.583","no_mergejoin","459.0726666666667","2.578333333333319"
"job_17e","no_hashjoin","12786.338","Aggregate","4529.92","4529.93","1","32","1","12786.19","no_nestloop","7465.783666666666","5320.5543333333335"
"job_14c","no_nestloop","2622.736","Aggregate","421518.76","421518.77","1","64","1","2614.286","no_mergejoin","459.0726666666667","2163.663333333333"
"job_14c","no_nestloop","2719.526","Aggregate","421518.76","421518.77","1","64","1","2713.023","no_mergejoin","459.0726666666667","2260.453333333333"
"job_14c","no_nestloop","3004.889","Aggregate","421518.76","421518.77","1","64","1","2998.622","no_mergejoin","459.0726666666667","2545.816333333333"
"job_25b","no_hashjoin","352.08","Aggregate","7505.04","7505.05","1","128","1","351.981","no_mergejoin","261.598","90.48199999999997"
"job_25b","no_hashjoin","411.68","Aggregate","7505.04","7505.05","1","128","1","411.57","no_mergejoin","261.598","150.082"
"job_17e","no_hashjoin","12015.556","Aggregate","4529.92","4529.93","1","32","1","12015.49","no_nestloop","7465.783666666666","4549.772333333334"
"job_25b","no_hashjoin","330.651","Aggregate","7505.04","7505.05","1","128","1","330.493","no_mergejoin","261.598","69.053"
"job_25b","no_nestloop","4407.779","Aggregate","938353.96","938353.97","1","128","1","4397.323","no_mergejoin","261.598","4146.1810000000005"
"job_25b","no_nestloop","4757.916","Aggregate","938353.96","938353.97","1","128","1","4747.663","no_mergejoin","261.598","4496.318"
"job_25b","no_nestloop","4417.011","Aggregate","938353.96","938353.97","1","128","1","4408.684","no_mergejoin","261.598","4155.4130000000005"
"job_25b","default","266.313","Aggregate","7505.04","7505.05","1","128","1","266.197","no_mergejoin","261.598","4.714999999999975"
"job_3a","no_nestloop","2118.481","Aggregate","389290.19","389290.2","1","32","1","2114.331","default","116.92633333333333","2001.554666666667"
"job_25b","default","256.215","Aggregate","7505.04","7505.05","1","128","1","256.122","no_mergejoin","261.598","-5.383000000000038"
"job_25b","default","289.193","Aggregate","7505.04","7505.05","1","128","1","289.1","no_mergejoin","261.598","27.59499999999997"
"job_25b","no_mergejoin","263.699","Aggregate","7505.04","7505.05","1","128","1","263.615","no_mergejoin","261.598","2.100999999999999"
"job_25b","no_mergejoin","266.601","Aggregate","7505.04","7505.05","1","128","1","266.513","no_mergejoin","261.598","5.002999999999986"
"job_25b","no_mergejoin","254.494","Aggregate","7505.04","7505.05","1","128","1","254.368","no_mergejoin","261.598","-7.104000000000013"
"job_17e","no_nestloop","7581.409","Aggregate","692183.86","692183.87","1","32","1","7570.091","no_nestloop","7465.783666666666","115.6253333333334"
"job_17e","no_hashjoin","12233.967","Aggregate","4529.92","4529.93","1","32","1","12233.912","no_nestloop","7465.783666666666","4768.183333333334"
"job_17e","no_mergejoin","12018.353","Aggregate","4529.92","4529.93","1","32","1","12018.275","no_nestloop","7465.783666666666","4552.569333333333"
"job_17e","no_mergejoin","11811.045","Aggregate","4529.92","4529.93","1","32","1","11810.967","no_nestloop","7465.783666666666","4345.261333333334"
"job_17e","no_mergejoin","11356.253","Aggregate","4529.92","4529.93","1","32","1","11356.193","no_nestloop","7465.783666666666","3890.4693333333344"
"job_17e","default","11507.807","Aggregate","4529.92","4529.93","1","32","1","11507.742","no_nestloop","7465.783666666666","4042.0233333333344"
"job_17e","default","11432.423","Aggregate","4529.92","4529.93","1","32","1","11432.346","no_nestloop","7465.783666666666","3966.6393333333344"
"job_17e","default","12516.612","Aggregate","4529.92","4529.93","1","32","1","12516.548","no_nestloop","7465.783666666666","5050.828333333333"
"job_10c","no_nestloop","4300.944","Aggregate","653339.95","653339.96","1","64","1","4294.569","no_nestloop","4155.773666666667","145.17033333333347"
"job_10c","no_nestloop","4007.195","Aggregate","653339.95","653339.96","1","64","1","4001.132","no_nestloop","4155.773666666667","-148.57866666666678"
"job_10c","no_nestloop","4159.182","Aggregate","653339.95","653339.96","1","64","1","4153.898","no_nestloop","4155.773666666667","3.4083333333328483"
"job_2d","no_nestloop","1163.348","Aggregate","141447.37","141447.38","1","32","1","1159.213","no_hashjoin","607.062","556.286"
"job_10c","default","3980.831","Aggregate","653339.95","653339.96","1","64","1","3974.328","no_nestloop","4155.773666666667","-174.9426666666668"
"job_10c","default","4193.407","Aggregate","653339.95","653339.96","1","64","1","4188.365","no_nestloop","4155.773666666667","37.63333333333321"
"job_10c","default","4317.736","Aggregate","653339.95","653339.96","1","64","1","4311.855","no_nestloop","4155.773666666667","161.96233333333294"
"job_10c","no_hashjoin","13408.326","Aggregate","1116854.98","1116854.99","1","64","1","13403.193","no_nestloop","4155.773666666667","9252.552333333333"
"job_10c","no_hashjoin","13784.243","Aggregate","1116854.98","1116854.99","1","64","1","13779.615","no_nestloop","4155.773666666667","9628.469333333334"
"job_10c","no_hashjoin","11594.327","Aggregate","1116854.98","1116854.99","1","64","1","11589.818","no_nestloop","4155.773666666667","7438.553333333332"
"job_10c","no_mergejoin","4473.67","Aggregate","653339.95","653339.96","1","64","1","4467.476","no_nestloop","4155.773666666667","317.89633333333313"
"job_10c","no_mergejoin","4238.938","Aggregate","653339.95","653339.96","1","64","1","4232.924","no_nestloop","4155.773666666667","83.16433333333316"
"job_10c","no_mergejoin","3974.666","Aggregate","653339.95","653339.96","1","64","1","3969.359","no_nestloop","4155.773666666667","-181.10766666666677"
"job_12b","no_nestloop","2349.321","Aggregate","349199.38","349199.39","1","64","1","2342.732","no_hashjoin","0.5673333333333334","2348.7536666666665"
"job_23c","no_nestloop","2571.628","Aggregate","418256.43","418256.44","1","64","1","2558.63","default","492.7253333333333","2078.902666666667"
"job_23c","no_nestloop","2205.4","Aggregate","418256.43","418256.44","1","64","1","2194.98","default","492.7253333333333","1712.6746666666668"
"job_23c","no_nestloop","1923.423","Aggregate","418256.43","418256.44","1","64","1","1913.435","default","492.7253333333333","1430.6976666666667"
"job_23c","no_hashjoin","1441.78","Aggregate","88789.64","88789.65","1","64","1","1441.701","default","492.7253333333333","949.0546666666667"
"job_23c","no_hashjoin","291.583","Aggregate","88789.64","88789.65","1","64","1","291.513","default","492.7253333333333","-201.14233333333328"
"job_3c","no_mergejoin","229.022","Aggregate","17062.41","17062.42","1","32","1","228.982","no_hashjoin","226.08633333333333","2.9356666666666626"
"job_3c","default","229.701","Aggregate","17062.41","17062.42","1","32","1","229.642","no_hashjoin","226.08633333333333","3.6146666666666647"
"job_23c","no_hashjoin","303.442","Aggregate","88789.64","88789.65","1","64","1","303.252","default","492.7253333333333","-189.2833333333333"
"job_23c","no_mergejoin","494.602","Aggregate","66957.44","66957.45","1","64","1","494.454","default","492.7253333333333","1.8766666666666652"
"job_23c","no_mergejoin","473.673","Aggregate","66957.44","66957.45","1","64","1","473.543","default","492.7253333333333","-19.05233333333331"
"job_23c","no_mergejoin","530.61","Aggregate","66957.44","66957.45","1","64","1","530.493","default","492.7253333333333","37.8846666666667"
"job_23c","default","524.997","Aggregate","66957.44","66957.45","1","64","1","524.889","default","492.7253333333333","32.27166666666665"
"job_3c","default","229.224","Aggregate","17062.41","17062.42","1","32","1","229.186","no_hashjoin","226.08633333333333","3.137666666666661"
"job_3c","default","228.585","Aggregate","17062.41","17062.42","1","32","1","228.55","no_hashjoin","226.08633333333333","2.4986666666666792"
"job_23c","default","464.785","Aggregate","66957.44","66957.45","1","64","1","464.666","default","492.7253333333333","-27.940333333333285"
"job_23c","default","488.394","Aggregate","66957.44","66957.45","1","64","1","488.28","default","492.7253333333333","-4.331333333333305"
"job_12b","no_hashjoin","0.599","Aggregate","29652.13","29652.14","1","64","1","0.532","no_hashjoin","0.5673333333333334","0.03166666666666662"
"job_12b","no_hashjoin","0.532","Aggregate","29652.13","29652.14","1","64","1","0.469","no_hashjoin","0.5673333333333334","-0.03533333333333333"
"job_12b","no_hashjoin","0.571","Aggregate","29652.13","29652.14","1","64","1","0.48","no_hashjoin","0.5673333333333334","0.003666666666666596"
"job_12b","no_nestloop","2811.483","Aggregate","349199.38","349199.39","1","64","1","2798.763","no_hashjoin","0.5673333333333334","2810.9156666666668"
"job_32b","default","96.112","Aggregate","3815.6","3815.61","1","96","1","96.06","default","97.19933333333334","-1.0873333333333477"
"job_32b","default","100.488","Aggregate","3815.6","3815.61","1","96","1","100.426","default","97.19933333333334","3.288666666666657"
"job_12b","no_nestloop","2469.685","Aggregate","349199.38","349199.39","1","64","1","2463.637","no_hashjoin","0.5673333333333334","2469.1176666666665"
"job_12b","no_mergejoin","159.588","Aggregate","19355.2","19355.21","1","64","1","159.504","no_hashjoin","0.5673333333333334","159.02066666666667"
"job_12b","no_mergejoin","167.825","Aggregate","19355.2","19355.21","1","64","1","167.739","no_hashjoin","0.5673333333333334","167.25766666666667"
"job_12b","no_mergejoin","151.32","Aggregate","19355.2","19355.21","1","64","1","151.236","no_hashjoin","0.5673333333333334","150.75266666666667"
"job_12b","default","167.808","Aggregate","19355.2","19355.21","1","64","1","167.712","no_hashjoin","0.5673333333333334","167.24066666666667"
"job_12b","default","145.222","Aggregate","19355.2","19355.21","1","64","1","145.142","no_hashjoin","0.5673333333333334","144.65466666666669"
"job_12b","default","182.92","Aggregate","19355.2","19355.21","1","64","1","182.813","no_hashjoin","0.5673333333333334","182.35266666666666"
"job_3a","default","117.279","Aggregate","16807.53","16807.54","1","32","1","117.244","default","116.92633333333333","0.35266666666666424"
"job_19d","no_mergejoin","10847.104","Aggregate","279720.27","279720.28","1","64","1","10841.128","default","8596.439333333334","2250.6646666666657"
"job_19d","no_mergejoin","11818.794","Aggregate","279720.27","279720.28","1","64","1","11811.19","default","8596.439333333334","3222.354666666666"
"job_19d","no_mergejoin","12342.39","Aggregate","279720.27","279720.28","1","64","1","12335.994","default","8596.439333333334","3745.9506666666657"
"job_19d","no_hashjoin","12318.813","Aggregate","293610.66","293610.67","1","64","1","12301.66","default","8596.439333333334","3722.3736666666664"
"job_19d","no_hashjoin","16758.708","Aggregate","293610.66","293610.67","1","64","1","16728.233","default","8596.439333333334","8162.268666666665"
"job_19d","no_hashjoin","10851.027","Aggregate","293610.66","293610.67","1","64","1","10828.586","default","8596.439333333334","2254.5876666666663"
"job_3a","default","117.77","Aggregate","16807.53","16807.54","1","32","1","117.736","default","116.92633333333333","0.8436666666666639"
"job_19d","default","9206.212","Aggregate","279720.27","279720.28","1","64","1","9201.023","default","8596.439333333334","609.7726666666658"
"job_19d","default","8309.461","Aggregate","279720.27","279720.28","1","64","1","8304.241","default","8596.439333333334","-286.9783333333344"
"job_19d","default","8273.645","Aggregate","279720.27","279720.28","1","64","1","8267.605","default","8596.439333333334","-322.79433333333327"
"job_19d","no_nestloop","11500.426","Aggregate","992255.79","992255.8","1","64","1","11491.095","default","8596.439333333334","2903.9866666666658"
"job_19d","no_nestloop","8386.611","Aggregate","992255.79","992255.8","1","64","1","8379.054","default","8596.439333333334","-209.82833333333292"
"job_19d","no_nestloop","7825.015","Aggregate","992255.79","992255.8","1","64","1","7817.477","default","8596.439333333334","-771.4243333333334"
"job_3a","default","115.73","Aggregate","16807.53","16807.54","1","32","1","115.692","default","116.92633333333333","-1.1963333333333281"
"job_3a","no_hashjoin","118.947","Aggregate","16807.53","16807.54","1","32","1","118.899","default","116.92633333333333","2.0206666666666706"
"job_9b","default","2522.475","Aggregate","86968.46","86968.47","1","128","1","2522.391","no_mergejoin","1757.1633333333332","765.3116666666667"
"job_9b","default","1463.976","Aggregate","86968.46","86968.47","1","128","1","1463.873","no_mergejoin","1757.1633333333332","-293.1873333333331"
"job_9b","default","1413.382","Aggregate","86968.46","86968.47","1","128","1","1413.295","no_mergejoin","1757.1633333333332","-343.7813333333331"
"job_9b","no_hashjoin","2013.21","Aggregate","97995.35","97995.36","1","128","1","2011.786","no_mergejoin","1757.1633333333332","256.04666666666685"
"job_9b","no_hashjoin","1891.478","Aggregate","97995.35","97995.36","1","128","1","1890.298","no_mergejoin","1757.1633333333332","134.31466666666688"
"job_9b","no_hashjoin","1751.68","Aggregate","97995.35","97995.36","1","128","1","1750.552","no_mergejoin","1757.1633333333332","-5.483333333333121"
"job_9b","no_nestloop","3461.677","Aggregate","691477.51","691477.52","1","128","1","3452.516","no_mergejoin","1757.1633333333332","1704.513666666667"
"job_3a","no_hashjoin","125.764","Aggregate","16807.53","16807.54","1","32","1","125.728","default","116.92633333333333","8.837666666666664"
"job_9b","no_nestloop","3487.119","Aggregate","691477.51","691477.52","1","128","1","3478.87","no_mergejoin","1757.1633333333332","1729.955666666667"
"job_9b","no_nestloop","4200.314","Aggregate","691477.51","691477.52","1","128","1","4192.942","no_mergejoin","1757.1633333333332","2443.1506666666673"
"job_9b","no_mergejoin","2003.883","Aggregate","86968.46","86968.47","1","128","1","2003.759","no_mergejoin","1757.1633333333332","246.71966666666685"
"job_9b","no_mergejoin","1761.174","Aggregate","86968.46","86968.47","1","128","1","1760.77","no_mergejoin","1757.1633333333332","4.010666666666793"
"job_9b","no_mergejoin","1506.433","Aggregate","86968.46","86968.47","1","128","1","1506.295","no_mergejoin","1757.1633333333332","-250.7303333333332"
"job_29a","no_nestloop","7623.645","Aggregate","1085182.34","1085182.35","1","96","1","7606.175","no_mergejoin","27.883","7595.762000000001"
"job_29a","no_nestloop","7124.412","Aggregate","1085182.34","1085182.35","1","96","1","7112.462","no_mergejoin","27.883","7096.529"
"job_3a","no_hashjoin","117.854","Aggregate","16807.53","16807.54","1","32","1","117.82","default","116.92633333333333","0.9276666666666671"
"job_29a","no_nestloop","7434.764","Aggregate","1085182.34","1085182.35","1","96","1","7423.059","no_mergejoin","27.883","7406.881"
"job_29a","default","150.238","Aggregate","5254.42","5254.43","1","96","1","150.11","no_mergejoin","27.883","122.355"
"job_29a","default","144.069","Aggregate","5254.42","5254.43","1","96","1","143.944","no_mergejoin","27.883","116.18599999999999"
"job_29a","default","149.674","Aggregate","5254.42","5254.43","1","96","1","149.547","no_mergejoin","27.883","121.79100000000001"
"job_29a","no_mergejoin","29.348","Aggregate","3956.97","3956.98","1","96","1","29.214","no_mergejoin","27.883","1.4649999999999999"
"job_29a","no_mergejoin","28.375","Aggregate","3956.97","3956.98","1","96","1","28.242","no_mergejoin","27.883","0.4920000000000009"
"job_29a","no_mergejoin","25.926","Aggregate","3956.97","3956.98","1","96","1","25.809","no_mergejoin","27.883","-1.9570000000000007"
"job_3a","no_mergejoin","119.503","Aggregate","16807.53","16807.54","1","32","1","119.466","default","116.92633333333333","2.576666666666668"
"job_29a","no_hashjoin","42.379","Aggregate","3956.96","3956.97","1","96","1","42.253","no_mergejoin","27.883","14.495999999999999"
"job_29a","no_hashjoin","44.234","Aggregate","3956.96","3956.97","1","96","1","44.11","no_mergejoin","27.883","16.351000000000003"
"job_29a","no_hashjoin","41.95","Aggregate","3956.96","3956.97","1","96","1","41.818","no_mergejoin","27.883","14.067000000000004"
"job_3c","no_hashjoin","225.76","Aggregate","17062.41","17062.42","1","32","1","225.725","no_hashjoin","226.08633333333333","-0.3263333333333378"
"job_3c","no_hashjoin","223.189","Aggregate","17062.41","17062.42","1","32","1","223.153","no_hashjoin","226.08633333333333","-2.8973333333333358"
"job_3c","no_hashjoin","229.31","Aggregate","17062.41","17062.42","1","32","1","229.271","no_hashjoin","226.08633333333333","3.2236666666666736"
"job_3c","no_nestloop","2626.736","Aggregate","407969.48","407969.49","1","32","1","2623.206","no_hashjoin","226.08633333333333","2400.6496666666667"
"job_3c","no_nestloop","2885.621","Aggregate","407969.48","407969.49","1","32","1","2881.685","no_hashjoin","226.08633333333333","2659.534666666667"
"job_3c","no_nestloop","2837.268","Aggregate","407969.48","407969.49","1","32","1","2833.901","no_hashjoin","226.08633333333333","2611.181666666667"
"job_3c","no_mergejoin","225.654","Aggregate","17062.41","17062.42","1","32","1","225.61","no_hashjoin","226.08633333333333","-0.43233333333333235"
"job_3c","no_mergejoin","230.458","Aggregate","17062.41","17062.42","1","32","1","230.421","no_hashjoin","226.08633333333333","4.37166666666667"
"job_20b","default","1636.315","Aggregate","12418.41","12418.42","1","32","1","1636.22","default","1621.3803333333333","14.934666666666772"
"job_20b","default","1642.377","Aggregate","12418.41","12418.42","1","32","1","1642.291","default","1621.3803333333333","20.99666666666667"
"job_20b","default","1585.449","Aggregate","12418.41","12418.42","1","32","1","1585.366","default","1621.3803333333333","-35.931333333333214"
"job_20b","no_mergejoin","1641.596","Aggregate","12418.41","12418.42","1","32","1","1641.504","default","1621.3803333333333","20.21566666666672"
"job_20b","no_mergejoin","1709.154","Aggregate","12418.41","12418.42","1","32","1","1709.069","default","1621.3803333333333","87.77366666666671"
"job_3a","no_mergejoin","119.46","Aggregate","16807.53","16807.54","1","32","1","119.4","default","116.92633333333333","2.5336666666666616"
"job_3a","no_mergejoin","118.904","Aggregate","16807.53","16807.54","1","32","1","118.871","default","116.92633333333333","1.9776666666666642"
"job_20b","no_mergejoin","1690.527","Aggregate","12418.41","12418.42","1","32","1","1690.444","default","1621.3803333333333","69.14666666666676"
"job_20b","no_nestloop","4910.626","Aggregate","687388.08","687388.09","1","32","1","4898.687","default","1621.3803333333333","3289.2456666666667"
"job_20b","no_nestloop","4829.027","Aggregate","687388.08","687388.09","1","32","1","4821.18","default","1621.3803333333333","3207.6466666666665"
"job_20b","no_nestloop","5802.867","Aggregate","687388.08","687388.09","1","32","1","5794.789","default","1621.3803333333333","4181.486666666667"
"job_20b","no_hashjoin","1890.653","Aggregate","12418.41","12418.42","1","32","1","1890.47","default","1621.3803333333333","269.27266666666674"
"job_3a","no_nestloop","2446.556","Aggregate","389290.19","389290.2","1","32","1","2442.091","default","116.92633333333333","2329.6296666666667"
"job_6a","default","19.579","Aggregate","3866.75","3866.76","1","96","1","19.516","no_hashjoin","18.094666666666665","1.4843333333333355"
"job_20b","no_hashjoin","1563.129","Aggregate","12418.41","12418.42","1","32","1","1563.048","default","1621.3803333333333","-58.25133333333338"
"job_20b","no_hashjoin","1643.751","Aggregate","12418.41","12418.42","1","32","1","1643.662","default","1621.3803333333333","22.370666666666693"
"job_32b","no_nestloop","449.888","Aggregate","75158.11","75158.12","1","96","1","449.818","default","97.19933333333334","352.6886666666666"
"job_32b","no_nestloop","459.498","Aggregate","75158.11","75158.12","1","96","1","459.429","default","97.19933333333334","362.29866666666663"
"job_32b","no_nestloop","465.305","Aggregate","75158.11","75158.12","1","96","1","465.243","default","97.19933333333334","368.10566666666665"
"job_32b","no_hashjoin","96.628","Aggregate","3815.6","3815.61","1","96","1","96.575","default","97.19933333333334","-0.5713333333333424"
"job_32b","no_hashjoin","98.35","Aggregate","3815.6","3815.61","1","96","1","98.301","default","97.19933333333334","1.1506666666666518"
"job_32b","no_hashjoin","96.905","Aggregate","3815.6","3815.61","1","96","1","96.851","default","97.19933333333334","-0.29433333333334133"
"job_32b","no_mergejoin","99.509","Aggregate","3815.6","3815.61","1","96","1","99.438","default","97.19933333333334","2.309666666666658"
"job_32b","no_mergejoin","101.717","Aggregate","3815.6","3815.61","1","96","1","101.666","default","97.19933333333334","4.517666666666656"
"job_32b","no_mergejoin","102.324","Aggregate","3815.6","3815.61","1","96","1","102.268","default","97.19933333333334","5.124666666666656"
"job_32b","default","94.998","Aggregate","3815.6","3815.61","1","96","1","94.929","default","97.19933333333334","-2.201333333333338"
"job_23a","no_mergejoin","325.066","Aggregate","57925.56","57925.57","1","64","1","324.95","no_hashjoin","155.28799999999998","169.778"
"job_23a","no_mergejoin","400.48","Aggregate","57925.56","57925.57","1","64","1","400.375","no_hashjoin","155.28799999999998","245.19200000000004"
"job_23a","no_mergejoin","358.148","Aggregate","57925.56","57925.57","1","64","1","358.009","no_hashjoin","155.28799999999998","202.86000000000004"
"job_23a","no_nestloop","1537.334","Aggregate","417677.39","417677.4","1","64","1","1529.681","no_hashjoin","155.28799999999998","1382.046"
"job_23a","no_nestloop","1611.317","Aggregate","417677.39","417677.4","1","64","1","1602.733","no_hashjoin","155.28799999999998","1456.029"
"job_23a","no_nestloop","1619.852","Aggregate","417677.39","417677.4","1","64","1","1610.831","no_hashjoin","155.28799999999998","1464.564"
"job_23a","default","399.256","Aggregate","57925.56","57925.57","1","64","1","399.092","no_hashjoin","155.28799999999998","243.968"
"job_23a","default","393.924","Aggregate","57925.56","57925.57","1","64","1","393.658","no_hashjoin","155.28799999999998","238.636"
"job_23a","default","345.585","Aggregate","57925.56","57925.57","1","64","1","345.285","no_hashjoin","155.28799999999998","190.297"
"job_23a","no_hashjoin","156.798","Aggregate","67517.28","67517.29","1","64","1","156.715","no_hashjoin","155.28799999999998","1.5100000000000193"
"job_23a","no_hashjoin","155.89","Aggregate","67517.28","67517.29","1","64","1","155.804","no_hashjoin","155.28799999999998","0.6020000000000039"
"job_23a","no_hashjoin","153.176","Aggregate","67517.28","67517.29","1","64","1","153.105","no_hashjoin","155.28799999999998","-2.1119999999999948"
"job_3a","no_nestloop","2413.219","Aggregate","389290.19","389290.2","1","32","1","2409.46","default","116.92633333333333","2296.2926666666667"
"job_6d","default","4599.958","Aggregate","15168.33","15168.34","1","96","1","4599.903","no_nestloop","4150.216333333333","449.7416666666668"
"job_6d","default","4320.611","Aggregate","15168.33","15168.34","1","96","1","4320.563","no_nestloop","4150.216333333333","170.39466666666704"
"job_6d","default","4376.56","Aggregate","15168.33","15168.34","1","96","1","4376.496","no_nestloop","4150.216333333333","226.34366666666756"
"job_6d","no_nestloop","3763.416","Aggregate","624937.98","624937.99","1","96","1","3759.478","no_nestloop","4150.216333333333","-386.8003333333327"
"job_6d","no_nestloop","4359.69","Aggregate","624937.98","624937.99","1","96","1","4353.902","no_nestloop","4150.216333333333","209.47366666666676"
"job_6d","no_nestloop","4327.543","Aggregate","624937.98","624937.99","1","96","1","4323.126","no_nestloop","4150.216333333333","177.32666666666682"
"job_6d","no_hashjoin","4708.688","Aggregate","15168.33","15168.34","1","96","1","4708.624","no_nestloop","4150.216333333333","558.4716666666673"
"job_6d","no_hashjoin","4211.111","Aggregate","15168.33","15168.34","1","96","1","4211.054","no_nestloop","4150.216333333333","60.894666666667035"
"job_6d","no_hashjoin","4325.36","Aggregate","15168.33","15168.34","1","96","1","4325.315","no_nestloop","4150.216333333333","175.14366666666683"
"job_6d","no_mergejoin","4432.82","Aggregate","15168.33","15168.34","1","96","1","4432.767","no_nestloop","4150.216333333333","282.60366666666687"
"job_6d","no_mergejoin","4970.544","Aggregate","15168.33","15168.34","1","96","1","4970.494","no_nestloop","4150.216333333333","820.327666666667"
"job_6d","no_mergejoin","4494.213","Aggregate","15168.33","15168.34","1","96","1","4494.124","no_nestloop","4150.216333333333","343.9966666666669"
"job_13a","no_nestloop","3129.806","Aggregate","345124.84","345124.85","1","96","1","3121.837","default","1847.146","1282.66"
"job_13a","no_nestloop","3343.54","Aggregate","345124.84","345124.85","1","96","1","3331.465","default","1847.146","1496.394"
"job_13a","no_nestloop","2924.46","Aggregate","345124.84","345124.85","1","96","1","2914.277","default","1847.146","1077.314"
"job_13a","default","1886.507","Aggregate","20150.63","20150.64","1","96","1","1886.383","default","1847.146","39.361000000000104"
"job_13a","default","1746.67","Aggregate","20150.63","20150.64","1","96","1","1746.57","default","1847.146","-100.47599999999989"
"job_13a","default","1908.261","Aggregate","20150.63","20150.64","1","96","1","1908.172","default","1847.146","61.11500000000001"
"job_13a","no_mergejoin","1770.506","Aggregate","20150.63","20150.64","1","96","1","1770.402","default","1847.146","-76.63999999999987"
"job_13a","no_mergejoin","1996.855","Aggregate","20150.63","20150.64","1","96","1","1996.761","default","1847.146","149.70900000000006"
"job_13a","no_mergejoin","2040.428","Aggregate","20150.63","20150.64","1","96","1","2040.316","default","1847.146","193.28200000000015"
"job_13a","no_hashjoin","3025.747","Aggregate","31708.52","31708.53","1","96","1","3025.665","default","1847.146","1178.6009999999999"
"job_13a","no_hashjoin","2873.128","Aggregate","31708.52","31708.53","1","96","1","2873.06","default","1847.146","1025.9820000000002"
"job_13a","no_hashjoin","2809.914","Aggregate","31708.52","31708.53","1","96","1","2809.848","default","1847.146","962.7680000000003"
"job_16d","no_hashjoin","1190.612","Aggregate","4137.12","4137.13","1","64","1","1190.54","default","1192.4896666666666","-1.8776666666665278"
"job_16d","no_hashjoin","1342.098","Aggregate","4137.12","4137.13","1","64","1","1342.031","default","1192.4896666666666","149.60833333333335"
"job_16d","no_hashjoin","1368.062","Aggregate","4137.12","4137.13","1","64","1","1367.911","default","1192.4896666666666","175.5723333333333"
"job_16d","default","1178.534","Aggregate","4137.12","4137.13","1","64","1","1178.462","default","1192.4896666666666","-13.955666666666502"
"job_16d","default","1203.777","Aggregate","4137.12","4137.13","1","64","1","1203.707","default","1192.4896666666666","11.287333333333436"
"job_16d","default","1195.158","Aggregate","4137.12","4137.13","1","64","1","1195.08","default","1192.4896666666666","2.668333333333294"
"job_16d","no_mergejoin","1176.674","Aggregate","4137.12","4137.13","1","64","1","1176.586","default","1192.4896666666666","-15.81566666666663"
"job_16d","no_mergejoin","1272.327","Aggregate","4137.12","4137.13","1","64","1","1272.251","default","1192.4896666666666","79.83733333333339"
"job_16d","no_mergejoin","1200.388","Aggregate","4137.12","4137.13","1","64","1","1200.302","default","1192.4896666666666","7.898333333333312"
"job_16d","no_nestloop","6948.647","Aggregate","700295.82","700295.83","1","64","1","6941.345","default","1192.4896666666666","5756.157333333334"
"job_16d","no_nestloop","7535.835","Aggregate","700295.82","700295.83","1","64","1","7528.639","default","1192.4896666666666","6343.345333333334"
"job_32a","no_nestloop","359.07","Aggregate","75158.11","75158.12","1","96","1","358.992","no_hashjoin","11.734333333333334","347.33566666666667"
"job_16d","no_nestloop","6239.307","Aggregate","700295.82","700295.83","1","64","1","6231.858","default","1192.4896666666666","5046.817333333333"
"job_21c","no_hashjoin","71.446","Aggregate","3770.79","3770.8","1","96","1","71.36","default","66.69566666666667","4.75033333333333"
"job_21c","no_hashjoin","71.481","Aggregate","3770.79","3770.8","1","96","1","71.394","default","66.69566666666667","4.785333333333327"
"job_21c","no_hashjoin","66.486","Aggregate","3770.79","3770.8","1","96","1","66.396","default","66.69566666666667","-0.20966666666666356"
"job_21c","default","66.24","Aggregate","3770.79","3770.8","1","96","1","66.172","default","66.69566666666667","-0.4556666666666729"
"job_9c","no_nestloop","4222.798","Aggregate","750585.59","750585.6","1","128","1","4215.774","no_hashjoin","623.1316666666667","3599.666333333333"
"job_21c","default","65.814","Aggregate","3770.79","3770.8","1","96","1","65.746","default","66.69566666666667","-0.8816666666666748"
"job_21c","default","68.033","Aggregate","3770.79","3770.8","1","96","1","67.961","default","66.69566666666667","1.3373333333333335"
"job_21c","no_nestloop","459.686","Aggregate","55206.11","55206.12","1","96","1","459.578","default","66.69566666666667","392.9903333333333"
"job_21c","no_nestloop","478.903","Aggregate","55206.11","55206.12","1","96","1","478.798","default","66.69566666666667","412.20733333333334"
"job_21c","no_nestloop","450.339","Aggregate","55206.11","55206.12","1","96","1","450.199","default","66.69566666666667","383.6433333333333"
"job_1d","no_nestloop","704.337","Aggregate","102242.34","102242.35","1","68","1","699.406","no_hashjoin","0.22999999999999998","704.107"
"job_21c","no_mergejoin","78.558","Aggregate","3770.79","3770.8","1","96","1","78.472","default","66.69566666666667","11.86233333333334"
"job_21c","no_mergejoin","71.904","Aggregate","3770.79","3770.8","1","96","1","71.828","default","66.69566666666667","5.208333333333329"
"job_21c","no_mergejoin","76.228","Aggregate","3770.79","3770.8","1","96","1","76.131","default","66.69566666666667","9.532333333333327"
"job_9c","no_hashjoin","587.731","Aggregate","175287.11","175287.12","1","128","1","581.551","no_hashjoin","623.1316666666667","-35.400666666666666"
"job_9c","no_hashjoin","650.694","Aggregate","175287.11","175287.12","1","128","1","644.475","no_hashjoin","623.1316666666667","27.5623333333333"
"job_9c","no_hashjoin","630.97","Aggregate","175287.11","175287.12","1","128","1","625.42","no_hashjoin","623.1316666666667","7.838333333333367"
"job_2c","no_mergejoin","499.082","Aggregate","3850.46","3850.47","1","32","1","499.008","no_mergejoin","497.75533333333334","1.3266666666666538"
"job_9c","no_nestloop","4517.269","Aggregate","750585.59","750585.6","1","128","1","4507.945","no_hashjoin","623.1316666666667","3894.1373333333336"
"job_9c","no_nestloop","4598.804","Aggregate","750585.59","750585.6","1","128","1","4591.809","no_hashjoin","623.1316666666667","3975.6723333333334"
"job_9c","default","1402.246","Aggregate","158340.06","158340.07","1","128","1","1395.41","no_hashjoin","623.1316666666667","779.1143333333334"
"job_9c","default","1177.051","Aggregate","158340.06","158340.07","1","128","1","1142.709","no_hashjoin","623.1316666666667","553.9193333333333"
"job_9c","default","803.241","Aggregate","158340.06","158340.07","1","128","1","795.634","no_hashjoin","623.1316666666667","180.10933333333332"
"job_9c","no_mergejoin","847.149","Aggregate","158340.06","158340.07","1","128","1","839.407","no_hashjoin","623.1316666666667","224.01733333333334"
"job_9c","no_mergejoin","737.348","Aggregate","158340.06","158340.07","1","128","1","726.261","no_hashjoin","623.1316666666667","114.2163333333333"
"job_3b","no_nestloop","1376.072","Aggregate","340925.26","340925.27","1","32","1","1372.503","default","83.04333333333334","1293.0286666666666"
"job_9c","no_mergejoin","693.543","Aggregate","158340.06","158340.07","1","128","1","687.827","no_hashjoin","623.1316666666667","70.41133333333335"
"job_30c","default","4877.299","Aggregate","8743.83","8743.84","1","128","1","4877.164","no_mergejoin","2991.2316666666666","1886.0673333333334"
"job_30c","default","3048.81","Aggregate","8743.83","8743.84","1","128","1","3048.699","no_mergejoin","2991.2316666666666","57.578333333333376"
"job_30c","default","2977.102","Aggregate","8743.83","8743.84","1","128","1","2976.993","no_mergejoin","2991.2316666666666","-14.129666666666708"
"job_13d","no_nestloop","6165.264","Aggregate","346718.12","346718.13","1","96","1","6158.412","default","2982.4563333333335","3182.8076666666666"
"job_30c","no_mergejoin","3006.777","Aggregate","8743.83","8743.84","1","128","1","3006.67","no_mergejoin","2991.2316666666666","15.545333333333474"
"job_30c","no_mergejoin","2993.719","Aggregate","8743.83","8743.84","1","128","1","2993.598","no_mergejoin","2991.2316666666666","2.4873333333334813"
"job_30c","no_mergejoin","2973.199","Aggregate","8743.83","8743.84","1","128","1","2973.089","no_mergejoin","2991.2316666666666","-18.0326666666665"
"job_30c","no_hashjoin","4687.982","Aggregate","8773.2","8773.21","1","128","1","4687.095","no_mergejoin","2991.2316666666666","1696.7503333333334"
"job_30c","no_hashjoin","9904.427","Aggregate","8773.2","8773.21","1","128","1","9902.951","no_mergejoin","2991.2316666666666","6913.195333333333"
"job_30c","no_hashjoin","8382.81","Aggregate","8773.2","8773.21","1","128","1","8381.744","no_mergejoin","2991.2316666666666","5391.578333333333"
"job_30c","no_nestloop","7824.021","Aggregate","974811.18","974811.19","1","128","1","7811.981","no_mergejoin","2991.2316666666666","4832.789333333333"
"job_30c","no_nestloop","6706.831","Aggregate","974811.18","974811.19","1","128","1","6693.216","no_mergejoin","2991.2316666666666","3715.5993333333336"
"job_30c","no_nestloop","5913.954","Aggregate","974811.18","974811.19","1","128","1","5904.852","no_mergejoin","2991.2316666666666","2922.722333333333"
"job_13d","no_hashjoin","5530.767","Aggregate","33366.83","33366.84","1","96","1","5530.7","default","2982.4563333333335","2548.3106666666663"
"job_13d","no_hashjoin","5352.154","Aggregate","33366.83","33366.84","1","96","1","5352.09","default","2982.4563333333335","2369.697666666667"
"job_13d","no_hashjoin","4957.444","Aggregate","33366.83","33366.84","1","96","1","4957.376","default","2982.4563333333335","1974.9876666666669"
"job_13d","default","2756.056","Aggregate","20744.03","20744.04","1","96","1","2755.966","default","2982.4563333333335","-226.4003333333335"
"job_13d","default","3329.117","Aggregate","20744.03","20744.04","1","96","1","3329.029","default","2982.4563333333335","346.66066666666666"
"job_13d","default","2862.196","Aggregate","20744.03","20744.04","1","96","1","2862.099","default","2982.4563333333335","-120.26033333333362"
"job_13d","no_nestloop","6334.685","Aggregate","346718.12","346718.13","1","96","1","6327.947","default","2982.4563333333335","3352.228666666667"
"job_13d","no_nestloop","7351.497","Aggregate","346718.12","346718.13","1","96","1","7344.655","default","2982.4563333333335","4369.040666666667"
"job_13d","no_mergejoin","3202.87","Aggregate","20744.03","20744.04","1","96","1","3202.767","default","2982.4563333333335","220.41366666666636"
"job_13d","no_mergejoin","3176.014","Aggregate","20744.03","20744.04","1","96","1","3175.888","default","2982.4563333333335","193.5576666666666"
"job_13d","no_mergejoin","2994.437","Aggregate","20744.03","20744.04","1","96","1","2994.255","default","2982.4563333333335","11.980666666666366"
"job_22c","default","2049.891","Aggregate","7461.84","7461.85","1","96","1","2049.728","no_mergejoin","1895.527","154.36400000000003"
"job_16a","no_mergejoin","137.379","Aggregate","3804.35","3804.36","1","64","1","137.306","no_hashjoin","135.408","1.9710000000000036"
"job_22c","default","1863.827","Aggregate","7461.84","7461.85","1","96","1","1863.677","no_mergejoin","1895.527","-31.700000000000045"
"job_22c","default","1819.322","Aggregate","7461.84","7461.85","1","96","1","1819.17","no_mergejoin","1895.527","-76.20500000000015"
"job_22c","no_nestloop","3520.357","Aggregate","461865.55","461865.56","1","96","1","3509.347","no_mergejoin","1895.527","1624.83"
"job_22c","no_nestloop","3290.393","Aggregate","461865.55","461865.56","1","96","1","3279.497","no_mergejoin","1895.527","1394.866"
"job_16a","no_mergejoin","146.481","Aggregate","3804.35","3804.36","1","64","1","146.398","no_hashjoin","135.408","11.073000000000008"
"job_22c","no_nestloop","3058.831","Aggregate","461865.55","461865.56","1","96","1","3049.618","no_mergejoin","1895.527","1163.304"
"job_22c","no_hashjoin","1784.682","Aggregate","7461.84","7461.85","1","96","1","1784.58","no_mergejoin","1895.527","-110.84500000000003"
"job_22c","no_hashjoin","2211.825","Aggregate","7461.84","7461.85","1","96","1","2211.726","no_mergejoin","1895.527","316.2979999999998"
"job_22c","no_hashjoin","3160.468","Aggregate","7461.84","7461.85","1","96","1","3160.319","no_mergejoin","1895.527","1264.9409999999998"
"job_16a","no_mergejoin","135.152","Aggregate","3804.35","3804.36","1","64","1","135.08","no_hashjoin","135.408","-0.2560000000000002"
"job_22c","no_mergejoin","2092.369","Aggregate","7461.84","7461.85","1","96","1","2092.265","no_mergejoin","1895.527","196.8420000000001"
"job_22c","no_mergejoin","1784.963","Aggregate","7461.84","7461.85","1","96","1","1784.866","no_mergejoin","1895.527","-110.56400000000008"
"job_22c","no_mergejoin","1809.249","Aggregate","7461.84","7461.85","1","96","1","1809.155","no_mergejoin","1895.527","-86.27800000000002"
"job_16a","no_hashjoin","134.927","Aggregate","3804.35","3804.36","1","64","1","134.855","no_hashjoin","135.408","-0.48099999999999454"
"job_16a","no_hashjoin","133.57","Aggregate","3804.35","3804.36","1","64","1","133.473","no_hashjoin","135.408","-1.8379999999999939"
"job_16a","no_hashjoin","137.727","Aggregate","3804.35","3804.36","1","64","1","137.619","no_hashjoin","135.408","2.319000000000017"
"job_16a","no_nestloop","6541.519","Aggregate","683652.18","683652.19","1","64","1","6535.266","no_hashjoin","135.408","6406.111"
"job_16a","no_nestloop","7414.559","Aggregate","683652.18","683652.19","1","64","1","7405.926","no_hashjoin","135.408","7279.151"
"job_16a","no_nestloop","8126.835","Aggregate","683652.18","683652.19","1","64","1","8118.837","no_hashjoin","135.408","7991.427"
"job_16a","default","139.302","Aggregate","3804.35","3804.36","1","64","1","139.214","no_hashjoin","135.408","3.8940000000000055"
"job_16a","default","139.431","Aggregate","3804.35","3804.36","1","64","1","139.36","no_hashjoin","135.408","4.023000000000025"
"job_16a","default","143.26","Aggregate","3804.35","3804.36","1","64","1","143.154","no_hashjoin","135.408","7.852000000000004"
"job_1d","no_hashjoin","0.205","Aggregate","33703.74","33703.75","1","68","1","0.173","no_hashjoin","0.22999999999999998","-0.024999999999999994"
"job_1d","no_hashjoin","0.235","Aggregate","33703.74","33703.75","1","68","1","0.197","no_hashjoin","0.22999999999999998","0.0050000000000000044"
"job_1d","no_hashjoin","0.25","Aggregate","33703.74","33703.75","1","68","1","0.213","no_hashjoin","0.22999999999999998","0.020000000000000018"
"job_1d","no_nestloop","669.754","Aggregate","102242.34","102242.35","1","68","1","664.889","no_hashjoin","0.22999999999999998","669.524"
"job_1d","no_nestloop","888.938","Aggregate","102242.34","102242.35","1","68","1","879.401","no_hashjoin","0.22999999999999998","888.708"
"job_1d","default","210.952","Aggregate","21006.62","21006.63","1","68","1","210.829","no_hashjoin","0.22999999999999998","210.722"
"job_1d","default","201.738","Aggregate","21006.62","21006.63","1","68","1","201.66","no_hashjoin","0.22999999999999998","201.508"
"job_1d","default","211.525","Aggregate","21006.62","21006.63","1","68","1","211.452","no_hashjoin","0.22999999999999998","211.29500000000002"
"job_1d","no_mergejoin","198.396","Aggregate","21006.62","21006.63","1","68","1","198.318","no_hashjoin","0.22999999999999998","198.166"
"job_1d","no_mergejoin","227.345","Aggregate","21006.62","21006.63","1","68","1","227.263","no_hashjoin","0.22999999999999998","227.115"
"job_1d","no_mergejoin","223.41","Aggregate","21006.62","21006.63","1","68","1","223.237","no_hashjoin","0.22999999999999998","223.18"
"job_32a","default","13.698","Aggregate","3815.6","3815.61","1","96","1","13.639","no_hashjoin","11.734333333333334","1.9636666666666667"
"job_32a","default","13.396","Aggregate","3815.6","3815.61","1","96","1","13.334","no_hashjoin","11.734333333333334","1.661666666666667"
"job_32a","default","13.585","Aggregate","3815.6","3815.61","1","96","1","13.531","no_hashjoin","11.734333333333334","1.8506666666666671"
"job_32a","no_nestloop","387.219","Aggregate","75158.11","75158.12","1","96","1","387.143","no_hashjoin","11.734333333333334","375.48466666666667"
"job_3b","no_nestloop","1368.081","Aggregate","340925.26","340925.27","1","32","1","1364.489","default","83.04333333333334","1285.0376666666666"
"job_32a","no_nestloop","356.091","Aggregate","75158.11","75158.12","1","96","1","356.012","no_hashjoin","11.734333333333334","344.3566666666667"
"job_32a","no_mergejoin","12.231","Aggregate","3815.6","3815.61","1","96","1","12.174","no_hashjoin","11.734333333333334","0.49666666666666615"
"job_32a","no_mergejoin","12.4","Aggregate","3815.6","3815.61","1","96","1","12.344","no_hashjoin","11.734333333333334","0.6656666666666666"
"job_32a","no_mergejoin","12.818","Aggregate","3815.6","3815.61","1","96","1","12.761","no_hashjoin","11.734333333333334","1.083666666666666"
"job_32a","no_hashjoin","12.018","Aggregate","3815.6","3815.61","1","96","1","11.963","no_hashjoin","11.734333333333334","0.28366666666666696"
"job_32a","no_hashjoin","11.558","Aggregate","3815.6","3815.61","1","96","1","11.507","no_hashjoin","11.734333333333334","-0.1763333333333339"
"job_32a","no_hashjoin","11.627","Aggregate","3815.6","3815.61","1","96","1","11.574","no_hashjoin","11.734333333333334","-0.10733333333333306"
"job_3b","default","83.269","Aggregate","16599.86","16599.87","1","32","1","83.226","default","83.04333333333334","0.2256666666666689"
"job_3b","default","82.258","Aggregate","16599.86","16599.87","1","32","1","82.218","default","83.04333333333334","-0.785333333333341"
"job_3b","default","83.603","Aggregate","16599.86","16599.87","1","32","1","83.563","default","83.04333333333334","0.5596666666666579"
"job_3b","no_hashjoin","84.916","Aggregate","16599.86","16599.87","1","32","1","84.874","default","83.04333333333334","1.8726666666666603"
"job_3b","no_hashjoin","83.244","Aggregate","16599.86","16599.87","1","32","1","83.199","default","83.04333333333334","0.20066666666666322"
"job_3b","no_hashjoin","97.793","Aggregate","16599.86","16599.87","1","32","1","97.752","default","83.04333333333334","14.74966666666667"
"job_3b","no_mergejoin","83.271","Aggregate","16599.86","16599.87","1","32","1","83.222","default","83.04333333333334","0.22766666666666424"
"job_3b","no_mergejoin","97.884","Aggregate","16599.86","16599.87","1","32","1","97.832","default","83.04333333333334","14.840666666666664"
"job_3b","no_mergejoin","86.964","Aggregate","16599.86","16599.87","1","32","1","86.919","default","83.04333333333334","3.920666666666662"
"job_3b","no_nestloop","1505.411","Aggregate","340925.26","340925.27","1","32","1","1501.643","default","83.04333333333334","1422.3676666666668"
"job_19b","no_nestloop","8279.287","Aggregate","947628.02","947628.03","1","64","1","8268.565","default","230.96400000000003","8048.323"
"job_19b","no_nestloop","5398.225","Aggregate","947628.02","947628.03","1","64","1","5388.66","default","230.96400000000003","5167.261"
"job_19b","no_nestloop","4941.792","Aggregate","947628.02","947628.03","1","64","1","4932.814","default","230.96400000000003","4710.828"
"job_19b","no_mergejoin","401.388","Aggregate","55721.59","55721.6","1","64","1","401.275","default","230.96400000000003","170.42399999999995"
"job_19b","no_mergejoin","257.274","Aggregate","55721.59","55721.6","1","64","1","257.169","default","230.96400000000003","26.309999999999974"
"job_19b","no_mergejoin","229.134","Aggregate","55721.59","55721.6","1","64","1","229.025","default","230.96400000000003","-1.830000000000041"
"job_19b","no_hashjoin","232.228","Aggregate","55721.59","55721.6","1","64","1","232.113","default","230.96400000000003","1.2639999999999816"
"job_19b","no_hashjoin","286.256","Aggregate","55721.59","55721.6","1","64","1","286.153","default","230.96400000000003","55.291999999999945"
"job_19b","no_hashjoin","223.977","Aggregate","55721.59","55721.6","1","64","1","223.874","default","230.96400000000003","-6.987000000000023"
"job_19b","default","232.574","Aggregate","55721.59","55721.6","1","64","1","232.441","default","230.96400000000003","1.6099999999999852"
"job_19b","default","231.343","Aggregate","55721.59","55721.6","1","64","1","231.237","default","230.96400000000003","0.37899999999996226"
"job_19b","default","228.975","Aggregate","55721.59","55721.6","1","64","1","228.857","default","230.96400000000003","-1.9890000000000327"
"job_15c","no_mergejoin","855.935","Aggregate","271194.87","271194.88","1","64","1","849.811","no_hashjoin","832.006","23.928999999999974"
"job_15c","no_mergejoin","993.487","Aggregate","271194.87","271194.88","1","64","1","988.692","no_hashjoin","832.006","161.481"
"job_15c","no_mergejoin","868.48","Aggregate","271194.87","271194.88","1","64","1","863.215","no_hashjoin","832.006","36.474000000000046"
"job_15c","no_hashjoin","860.431","Aggregate","271200.65","271200.66","1","64","1","855.477","no_hashjoin","832.006","28.425000000000068"
"job_15c","no_hashjoin","830.894","Aggregate","271200.65","271200.66","1","64","1","825.7","no_hashjoin","832.006","-1.1119999999999663"
"job_15c","no_hashjoin","804.693","Aggregate","271200.65","271200.66","1","64","1","800.135","no_hashjoin","832.006","-27.312999999999988"
"job_15c","no_nestloop","1772.329","Aggregate","422879.46","422879.47","1","64","1","1765.635","no_hashjoin","832.006","940.323"
"job_15c","no_nestloop","1884.011","Aggregate","422879.46","422879.47","1","64","1","1876.892","no_hashjoin","832.006","1052.005"
"job_15c","no_nestloop","1810.393","Aggregate","422879.46","422879.47","1","64","1","1802.931","no_hashjoin","832.006","978.3870000000001"
"job_15c","default","986.548","Aggregate","271194.87","271194.88","1","64","1","980.619","no_hashjoin","832.006","154.54200000000003"
"job_15c","default","992.983","Aggregate","271194.87","271194.88","1","64","1","987.529","no_hashjoin","832.006","160.97699999999998"
"job_15c","default","888.35","Aggregate","271194.87","271194.88","1","64","1","882.564","no_hashjoin","832.006","56.34400000000005"
"job_11d","no_mergejoin","144.985","Aggregate","6238.19","6238.2","1","96","1","144.893","no_mergejoin","153.82833333333335","-8.843333333333334"
"job_11d","no_mergejoin","153.134","Aggregate","6238.19","6238.2","1","96","1","153.061","no_mergejoin","153.82833333333335","-0.6943333333333612"
"job_11d","no_mergejoin","163.366","Aggregate","6238.19","6238.2","1","96","1","163.303","no_mergejoin","153.82833333333335","9.537666666666667"
"job_11d","no_nestloop","390.065","Aggregate","33864.37","33864.38","1","96","1","389.921","no_mergejoin","153.82833333333335","236.23666666666665"
"job_11d","no_nestloop","410.138","Aggregate","33864.37","33864.38","1","96","1","409.969","no_mergejoin","153.82833333333335","256.30966666666666"
"job_11d","no_nestloop","426.574","Aggregate","33864.37","33864.38","1","96","1","426.451","no_mergejoin","153.82833333333335","272.7456666666667"
"job_11d","no_hashjoin","222.475","Aggregate","6238.19","6238.2","1","96","1","222.373","no_mergejoin","153.82833333333335","68.64666666666665"
"job_11d","no_hashjoin","192.669","Aggregate","6238.19","6238.2","1","96","1","192.551","no_mergejoin","153.82833333333335","38.840666666666664"
"job_11d","no_hashjoin","179.723","Aggregate","6238.19","6238.2","1","96","1","179.636","no_mergejoin","153.82833333333335","25.894666666666666"
"job_2d","default","688.315","Aggregate","3867.05","3867.06","1","32","1","688.262","no_hashjoin","607.062","81.25300000000004"
"job_11d","default","159.453","Aggregate","6238.19","6238.2","1","96","1","159.363","no_mergejoin","153.82833333333335","5.624666666666656"
"job_11d","default","161.001","Aggregate","6238.19","6238.2","1","96","1","160.917","no_mergejoin","153.82833333333335","7.172666666666657"
"job_11d","default","170.051","Aggregate","6238.19","6238.2","1","96","1","169.976","no_mergejoin","153.82833333333335","16.22266666666664"
"job_8b","default","285.099","Aggregate","43594.05","43594.06","1","64","1","285.017","no_hashjoin","266.7056666666667","18.393333333333317"
"job_8b","default","259.03","Aggregate","43594.05","43594.06","1","64","1","258.957","no_hashjoin","266.7056666666667","-7.6756666666667"
"job_8b","default","286.162","Aggregate","43594.05","43594.06","1","64","1","286.086","no_hashjoin","266.7056666666667","19.456333333333305"
"job_8b","no_hashjoin","278.024","Aggregate","43594.05","43594.06","1","64","1","277.945","no_hashjoin","266.7056666666667","11.318333333333328"
"job_2d","default","869.287","Aggregate","3867.05","3867.06","1","32","1","869.232","no_hashjoin","607.062","262.225"
"job_8b","no_hashjoin","286.224","Aggregate","43594.05","43594.06","1","64","1","286.143","no_hashjoin","266.7056666666667","19.518333333333317"
"job_8b","no_hashjoin","235.869","Aggregate","43594.05","43594.06","1","64","1","235.8","no_hashjoin","266.7056666666667","-30.836666666666673"
"job_8b","no_mergejoin","255.92","Aggregate","43594.05","43594.06","1","64","1","255.852","no_hashjoin","266.7056666666667","-10.785666666666685"
"job_8b","no_mergejoin","276.711","Aggregate","43594.05","43594.06","1","64","1","276.64","no_hashjoin","266.7056666666667","10.00533333333334"
"job_8b","no_mergejoin","292.461","Aggregate","43594.05","43594.06","1","64","1","292.386","no_hashjoin","266.7056666666667","25.75533333333334"
"job_8b","no_nestloop","2797.521","Aggregate","642991.24","642991.25","1","64","1","2791.739","no_hashjoin","266.7056666666667","2530.8153333333335"
"job_8b","no_nestloop","2895.073","Aggregate","642991.24","642991.25","1","64","1","2888.282","no_hashjoin","266.7056666666667","2628.367333333333"
"job_2d","no_nestloop","1277.339","Aggregate","141447.37","141447.38","1","32","1","1273.126","no_hashjoin","607.062","670.2769999999999"
"job_8b","no_nestloop","2727.605","Aggregate","642991.24","642991.25","1","64","1","2722.194","no_hashjoin","266.7056666666667","2460.8993333333333"
"job_4b","no_mergejoin","62.597","Aggregate","16511.73","16511.74","1","64","1","62.548","no_hashjoin","61.09433333333334","1.5026666666666628"
"job_4b","no_mergejoin","61.23","Aggregate","16511.73","16511.74","1","64","1","61.186","no_hashjoin","61.09433333333334","0.1356666666666584"
"job_4b","no_mergejoin","61.4","Aggregate","16511.73","16511.74","1","64","1","61.361","no_hashjoin","61.09433333333334","0.3056666666666601"
"job_4b","no_hashjoin","60.368","Aggregate","16511.73","16511.74","1","64","1","60.325","no_hashjoin","61.09433333333334","-0.7263333333333364"
"job_4b","no_hashjoin","60.04","Aggregate","16511.73","16511.74","1","64","1","59.995","no_hashjoin","61.09433333333334","-1.0543333333333393"
"job_4b","no_hashjoin","62.875","Aggregate","16511.73","16511.74","1","64","1","62.833","no_hashjoin","61.09433333333334","1.7806666666666615"
"job_4b","no_nestloop","659.795","Aggregate","116808.07","116808.08","1","64","1","655.534","no_hashjoin","61.09433333333334","598.7006666666666"
"job_4b","no_nestloop","661.448","Aggregate","116808.07","116808.08","1","64","1","656.945","no_hashjoin","61.09433333333334","600.3536666666666"
"job_4b","no_nestloop","757.209","Aggregate","116808.07","116808.08","1","64","1","752.926","no_hashjoin","61.09433333333334","696.1146666666666"
"job_4b","default","72.933","Aggregate","16511.73","16511.74","1","64","1","72.881","no_hashjoin","61.09433333333334","11.838666666666668"
"job_4b","default","71.383","Aggregate","16511.73","16511.74","1","64","1","71.333","no_hashjoin","61.09433333333334","10.288666666666657"
"job_4b","default","75.021","Aggregate","16511.73","16511.74","1","64","1","74.964","no_hashjoin","61.09433333333334","13.926666666666662"
"job_2d","default","702.735","Aggregate","3867.05","3867.06","1","32","1","702.684","no_hashjoin","607.062","95.673"
"job_2d","no_nestloop","1094.904","Aggregate","141447.37","141447.38","1","32","1","1091.017","no_hashjoin","607.062","487.842"
"job_2d","no_hashjoin","607.005","Aggregate","3867.05","3867.06","1","32","1","606.96","no_hashjoin","607.062","-0.05700000000001637"
"job_2d","no_hashjoin","602.18","Aggregate","3867.05","3867.06","1","32","1","602.122","no_hashjoin","607.062","-4.882000000000062"
"job_2d","no_hashjoin","612.001","Aggregate","3867.05","3867.06","1","32","1","611.949","no_hashjoin","607.062","4.9389999999999645"
"job_2d","no_mergejoin","611.235","Aggregate","3867.05","3867.06","1","32","1","611.185","no_hashjoin","607.062","4.173000000000002"
"job_2d","no_mergejoin","606.652","Aggregate","3867.05","3867.06","1","32","1","606.606","no_hashjoin","607.062","-0.40999999999996817"
"job_2d","no_mergejoin","611.699","Aggregate","3867.05","3867.06","1","32","1","611.654","no_hashjoin","607.062","4.636999999999944"
"job_22a","no_mergejoin","355.72","Aggregate","7457.55","7457.56","1","96","1","355.634","no_mergejoin","355.27700000000004","0.44299999999998363"
"job_22a","no_mergejoin","355.269","Aggregate","7457.55","7457.56","1","96","1","355.17","no_mergejoin","355.27700000000004","-0.008000000000038199"
"job_22a","no_mergejoin","354.842","Aggregate","7457.55","7457.56","1","96","1","354.748","no_mergejoin","355.27700000000004","-0.4350000000000591"
"job_22a","no_nestloop","2234.087","Aggregate","414725.84","414725.85","1","96","1","2224.869","no_mergejoin","355.27700000000004","1878.81"
"job_22a","no_nestloop","2347.605","Aggregate","414725.84","414725.85","1","96","1","2338.475","no_mergejoin","355.27700000000004","1992.328"
"job_22a","no_nestloop","2230.869","Aggregate","414725.84","414725.85","1","96","1","2221.092","no_mergejoin","355.27700000000004","1875.592"
"job_22a","no_hashjoin","384.535","Aggregate","7457.55","7457.56","1","96","1","384.404","no_mergejoin","355.27700000000004","29.25799999999998"
"job_22a","no_hashjoin","390.818","Aggregate","7457.55","7457.56","1","96","1","390.711","no_mergejoin","355.27700000000004","35.54099999999994"
"job_22a","no_hashjoin","411.52","Aggregate","7457.55","7457.56","1","96","1","411.41","no_mergejoin","355.27700000000004","56.24299999999994"
"job_22a","default","379.407","Aggregate","7457.55","7457.56","1","96","1","379.297","no_mergejoin","355.27700000000004","24.12999999999994"
"job_22a","default","531.06","Aggregate","7457.55","7457.56","1","96","1","530.95","no_mergejoin","355.27700000000004","175.7829999999999"
"job_22a","default","434.998","Aggregate","7457.55","7457.56","1","96","1","434.889","no_mergejoin","355.27700000000004","79.72099999999995"
"job_9d","no_hashjoin","5998.948","Aggregate","227597.23","227597.24","1","128","1","5994.646","no_mergejoin","3862.9753333333333","2135.972666666667"
"job_6f","no_hashjoin","4455.681","Aggregate","15195.42","15195.43","1","96","1","4455.631","no_hashjoin","4493.201666666667","-37.52066666666724"
"job_9d","no_hashjoin","4739.72","Aggregate","227597.23","227597.24","1","128","1","4735.648","no_mergejoin","3862.9753333333333","876.744666666667"
"job_9d","no_hashjoin","4734.947","Aggregate","227597.23","227597.24","1","128","1","4731.249","no_mergejoin","3862.9753333333333","871.9716666666668"
"job_9d","no_nestloop","5563.314","Aggregate","756617.18","756617.19","1","128","1","5551.575","no_mergejoin","3862.9753333333333","1700.338666666667"
"job_9d","no_nestloop","5797.178","Aggregate","756617.18","756617.19","1","128","1","5789.567","no_mergejoin","3862.9753333333333","1934.2026666666666"
"job_9d","no_nestloop","5486.858","Aggregate","756617.18","756617.19","1","128","1","5480.046","no_mergejoin","3862.9753333333333","1623.8826666666669"
"job_9d","no_mergejoin","3938.337","Aggregate","211549.23","211549.24","1","128","1","3931.168","no_mergejoin","3862.9753333333333","75.36166666666668"
"job_9d","no_mergejoin","3878.269","Aggregate","211549.23","211549.24","1","128","1","3873.02","no_mergejoin","3862.9753333333333","15.293666666666468"
"job_17d","no_mergejoin","5689.213","Aggregate","4380.85","4380.86","1","32","1","5689.138","no_nestloop","4940.2063333333335","749.0066666666662"
"job_9d","no_mergejoin","3772.32","Aggregate","211549.23","211549.24","1","128","1","3767.289","no_mergejoin","3862.9753333333333","-90.65533333333315"
"job_9d","default","4643.463","Aggregate","211549.23","211549.24","1","128","1","4638.372","no_mergejoin","3862.9753333333333","780.4876666666664"
"job_9d","default","4108.93","Aggregate","211549.23","211549.24","1","128","1","4103.024","no_mergejoin","3862.9753333333333","245.95466666666698"
"job_9d","default","3721.212","Aggregate","211549.23","211549.24","1","128","1","3716.066","no_mergejoin","3862.9753333333333","-141.76333333333332"
"job_17d","no_nestloop","4991.371","Aggregate","661711.95","661711.96","1","32","1","4986.207","no_nestloop","4940.2063333333335","51.16466666666656"
"job_17d","no_nestloop","5017.907","Aggregate","661711.95","661711.96","1","32","1","5012.918","no_nestloop","4940.2063333333335","77.70066666666662"
"job_17d","no_nestloop","4811.341","Aggregate","661711.95","661711.96","1","32","1","4805.218","no_nestloop","4940.2063333333335","-128.86533333333318"
"job_17d","no_mergejoin","5718.619","Aggregate","4380.85","4380.86","1","32","1","5718.55","no_nestloop","4940.2063333333335","778.4126666666662"
"job_17d","no_mergejoin","5681.239","Aggregate","4380.85","4380.86","1","32","1","5681.174","no_nestloop","4940.2063333333335","741.032666666666"
"job_17d","no_hashjoin","5778.068","Aggregate","4380.85","4380.86","1","32","1","5777.995","no_nestloop","4940.2063333333335","837.8616666666667"
"job_17d","no_hashjoin","5716.003","Aggregate","4380.85","4380.86","1","32","1","5715.945","no_nestloop","4940.2063333333335","775.7966666666662"
"job_17d","no_hashjoin","5752.97","Aggregate","4380.85","4380.86","1","32","1","5752.827","no_nestloop","4940.2063333333335","812.7636666666667"
"job_17d","default","5656.621","Aggregate","4380.85","4380.86","1","32","1","5656.549","no_nestloop","4940.2063333333335","716.4146666666666"
"job_17d","default","5773.375","Aggregate","4380.85","4380.86","1","32","1","5773.309","no_nestloop","4940.2063333333335","833.1686666666665"
"job_17d","default","5842.85","Aggregate","4380.85","4380.86","1","32","1","5842.791","no_nestloop","4940.2063333333335","902.6436666666668"
"job_19a","no_hashjoin","2189.102","Aggregate","199408.01","199408.02","1","64","1","2179.753","no_hashjoin","2273.8966666666665","-84.79466666666667"
"job_19a","no_hashjoin","2288.379","Aggregate","199408.01","199408.02","1","64","1","2279.865","no_hashjoin","2273.8966666666665","14.482333333333372"
"job_8c","default","5587.864","Aggregate","527971.17","527971.18","1","64","1","5582.932","default","5594.967333333334","-7.103333333334376"
"job_19a","no_hashjoin","2344.209","Aggregate","199408.01","199408.02","1","64","1","2334.477","no_hashjoin","2273.8966666666665","70.3123333333333"
"job_19a","no_nestloop","6147.011","Aggregate","982356.44","982356.45","1","64","1","6133.537","no_hashjoin","2273.8966666666665","3873.114333333334"
"job_19a","no_nestloop","4735.405","Aggregate","982356.44","982356.45","1","64","1","4726.945","no_hashjoin","2273.8966666666665","2461.508333333333"
"job_19a","no_nestloop","4682.273","Aggregate","982356.44","982356.45","1","64","1","4673.641","no_hashjoin","2273.8966666666665","2408.3763333333336"
"job_19a","default","2554.285","Aggregate","182871.82","182871.83","1","64","1","2547.612","no_hashjoin","2273.8966666666665","280.3883333333333"
"job_5c","no_mergejoin","413.954","Aggregate","85762.79","85762.8","1","32","1","413.885","no_mergejoin","407.1236666666666","6.830333333333385"
"job_19a","default","2432.479","Aggregate","182871.82","182871.83","1","64","1","2426.048","no_hashjoin","2273.8966666666665","158.58233333333328"
"job_19a","default","2500.557","Aggregate","182871.82","182871.83","1","64","1","2493.857","no_hashjoin","2273.8966666666665","226.66033333333326"
"job_19a","no_mergejoin","2597.998","Aggregate","182871.82","182871.83","1","64","1","2590.837","no_hashjoin","2273.8966666666665","324.1013333333335"
"job_19a","no_mergejoin","3788.296","Aggregate","182871.82","182871.83","1","64","1","3779.87","no_hashjoin","2273.8966666666665","1514.3993333333333"
"job_19a","no_mergejoin","2716.833","Aggregate","182871.82","182871.83","1","64","1","2709.257","no_hashjoin","2273.8966666666665","442.93633333333355"
"job_5c","no_mergejoin","426.328","Aggregate","85762.79","85762.8","1","32","1","426.24","no_mergejoin","407.1236666666666","19.204333333333352"
"job_9a","no_hashjoin","385.772","Aggregate","117748.35","117748.36","1","96","1","379.525","no_hashjoin","453.7316666666666","-67.95966666666664"
"job_9a","no_hashjoin","485.353","Aggregate","117748.35","117748.36","1","96","1","479.226","no_hashjoin","453.7316666666666","31.621333333333382"
"job_9a","no_hashjoin","490.07","Aggregate","117748.35","117748.36","1","96","1","484.087","no_hashjoin","453.7316666666666","36.33833333333337"
"job_9a","no_nestloop","3913.568","Aggregate","734571.91","734571.92","1","96","1","3904.947","no_hashjoin","453.7316666666666","3459.8363333333336"
"job_9a","no_nestloop","3544.194","Aggregate","734571.91","734571.92","1","96","1","3536.013","no_hashjoin","453.7316666666666","3090.4623333333334"
"job_9a","no_nestloop","3893.834","Aggregate","734571.91","734571.92","1","96","1","3886.455","no_hashjoin","453.7316666666666","3440.1023333333333"
"job_9a","no_mergejoin","467.112","Aggregate","110546.81","110546.82","1","96","1","460.694","no_hashjoin","453.7316666666666","13.380333333333397"
"job_9a","no_mergejoin","567.069","Aggregate","110546.81","110546.82","1","96","1","558.383","no_hashjoin","453.7316666666666","113.33733333333333"
"job_9a","no_mergejoin","486.945","Aggregate","110546.81","110546.82","1","96","1","481.069","no_hashjoin","453.7316666666666","33.21333333333337"
"job_9a","default","454.308","Aggregate","110546.81","110546.82","1","96","1","448.757","no_hashjoin","453.7316666666666","0.5763333333333662"
"job_9a","default","477.918","Aggregate","110546.81","110546.82","1","96","1","472.394","no_hashjoin","453.7316666666666","24.18633333333338"
"job_9a","default","505.108","Aggregate","110546.81","110546.82","1","96","1","499.586","no_hashjoin","453.7316666666666","51.37633333333338"
"job_33b","no_hashjoin","40.855","Aggregate","2770.58","2770.59","1","192","1","40.729","default","24.014333333333337","16.84066666666666"
"job_4c","no_mergejoin","94.691","Aggregate","16528.64","16528.65","1","64","1","94.643","no_mergejoin","92.94633333333333","1.7446666666666744"
"job_33b","no_hashjoin","40.817","Aggregate","2770.58","2770.59","1","192","1","40.69","default","24.014333333333337","16.802666666666664"
"job_33b","no_hashjoin","39.193","Aggregate","2770.58","2770.59","1","192","1","39.07","default","24.014333333333337","15.178666666666661"
"job_33b","no_mergejoin","30.467","Aggregate","3872.55","3872.56","1","192","1","30.352","default","24.014333333333337","6.452666666666662"
"job_33b","no_mergejoin","30.356","Aggregate","3872.55","3872.56","1","192","1","30.235","default","24.014333333333337","6.341666666666665"
"job_14b","no_mergejoin","85.161","Aggregate","4902.52","4902.53","1","64","1","85.079","no_mergejoin","86.50633333333333","-1.345333333333329"
"job_33b","no_mergejoin","29.667","Aggregate","3872.55","3872.56","1","192","1","29.548","default","24.014333333333337","5.652666666666665"
"job_33b","no_nestloop","976.616","Aggregate","137090.79","137090.8","1","192","1","967.883","default","24.014333333333337","952.6016666666667"
"job_33b","no_nestloop","955.404","Aggregate","137090.79","137090.8","1","192","1","946.672","default","24.014333333333337","931.3896666666667"
"job_33b","no_nestloop","980.834","Aggregate","137090.79","137090.8","1","192","1","972.209","default","24.014333333333337","956.8196666666666"
"job_14b","no_mergejoin","88.744","Aggregate","4902.52","4902.53","1","64","1","88.655","no_mergejoin","86.50633333333333","2.2376666666666694"
"job_33b","default","22.133","Aggregate","2663.38","2663.39","1","192","1","22.009","default","24.014333333333337","-1.8813333333333375"
"job_33b","default","24.279","Aggregate","2663.38","2663.39","1","192","1","24.115","default","24.014333333333337","0.2646666666666633"
"job_33b","default","25.631","Aggregate","2663.38","2663.39","1","192","1","25.488","default","24.014333333333337","1.6166666666666636"
"job_28b","default","363.707","Aggregate","7457.79","7457.8","1","96","1","363.594","no_hashjoin","201.83333333333334","161.87366666666665"
"job_5c","no_nestloop","3363.157","Aggregate","391014.88","391014.89","1","32","1","3357.735","no_mergejoin","407.1236666666666","2956.0333333333338"
"job_28b","default","364.17","Aggregate","7457.79","7457.8","1","96","1","364.045","no_hashjoin","201.83333333333334","162.33666666666667"
"job_28b","default","338.523","Aggregate","7457.79","7457.8","1","96","1","338.408","no_hashjoin","201.83333333333334","136.68966666666668"
"job_28b","no_mergejoin","330.137","Aggregate","7457.79","7457.8","1","96","1","330.035","no_hashjoin","201.83333333333334","128.30366666666666"
"job_28b","no_mergejoin","328.648","Aggregate","7457.79","7457.8","1","96","1","328.552","no_hashjoin","201.83333333333334","126.81466666666668"
"job_28b","no_mergejoin","325.606","Aggregate","7457.79","7457.8","1","96","1","325.503","no_hashjoin","201.83333333333334","123.77266666666665"
"job_28b","no_nestloop","2111.775","Aggregate","418972.08","418972.09","1","96","1","2101.514","no_hashjoin","201.83333333333334","1909.9416666666668"
"job_28b","no_nestloop","2486.946","Aggregate","418972.08","418972.09","1","96","1","2477.037","no_hashjoin","201.83333333333334","2285.1126666666664"
"job_28b","no_nestloop","2814.33","Aggregate","418972.08","418972.09","1","96","1","2803.336","no_hashjoin","201.83333333333334","2612.4966666666664"
"job_28b","no_hashjoin","193.818","Aggregate","7479.91","7479.92","1","96","1","193.706","no_hashjoin","201.83333333333334","-8.01533333333333"
"job_28b","no_hashjoin","204.625","Aggregate","7479.91","7479.92","1","96","1","204.517","no_hashjoin","201.83333333333334","2.791666666666657"
"job_28b","no_hashjoin","207.057","Aggregate","7479.91","7479.92","1","96","1","206.918","no_hashjoin","201.83333333333334","5.223666666666645"
"job_14b","no_mergejoin","85.614","Aggregate","4902.52","4902.53","1","64","1","85.546","no_mergejoin","86.50633333333333","-0.8923333333333261"
"job_4c","no_mergejoin","92.131","Aggregate","16528.64","16528.65","1","64","1","92.089","no_mergejoin","92.94633333333333","-0.8153333333333279"
"job_14b","no_nestloop","2957.392","Aggregate","426338.76","426338.77","1","64","1","2948.565","no_mergejoin","86.50633333333333","2870.8856666666666"
"job_14b","no_nestloop","3751.731","Aggregate","426338.76","426338.77","1","64","1","3742.607","no_mergejoin","86.50633333333333","3665.224666666667"
"job_14b","no_nestloop","3186.775","Aggregate","426338.76","426338.77","1","64","1","3161.63","no_mergejoin","86.50633333333333","3100.268666666667"
"job_14b","default","99.881","Aggregate","4902.52","4902.53","1","64","1","99.793","no_mergejoin","86.50633333333333","13.37466666666667"
"job_14b","default","98.994","Aggregate","4902.52","4902.53","1","64","1","98.909","no_mergejoin","86.50633333333333","12.48766666666667"
"job_5c","no_nestloop","3058.808","Aggregate","391014.88","391014.89","1","32","1","3053.318","no_mergejoin","407.1236666666666","2651.6843333333336"
"job_14b","default","119.62","Aggregate","4902.52","4902.53","1","64","1","119.522","no_mergejoin","86.50633333333333","33.113666666666674"
"job_14b","no_hashjoin","106.719","Aggregate","4902.52","4902.53","1","64","1","106.627","no_mergejoin","86.50633333333333","20.212666666666664"
"job_14b","no_hashjoin","137.841","Aggregate","4902.52","4902.53","1","64","1","137.745","no_mergejoin","86.50633333333333","51.33466666666668"
"job_14b","no_hashjoin","134.337","Aggregate","4902.52","4902.53","1","64","1","134.177","no_mergejoin","86.50633333333333","47.83066666666666"
"job_14a","no_hashjoin","231.363","Aggregate","7450.92","7450.93","1","64","1","231.288","no_hashjoin","232.54866666666666","-1.1856666666666626"
"job_5c","no_mergejoin","381.089","Aggregate","85762.79","85762.8","1","32","1","381.023","no_mergejoin","407.1236666666666","-26.034666666666624"
"job_14a","no_hashjoin","234.274","Aggregate","7450.92","7450.93","1","64","1","234.205","no_hashjoin","232.54866666666666","1.7253333333333387"
"job_14a","no_hashjoin","232.009","Aggregate","7450.92","7450.93","1","64","1","231.944","no_hashjoin","232.54866666666666","-0.5396666666666761"
"job_14a","default","555.982","Aggregate","7450.92","7450.93","1","64","1","555.869","no_hashjoin","232.54866666666666","323.4333333333333"
"job_14a","default","323.301","Aggregate","7450.92","7450.93","1","64","1","323.205","no_hashjoin","232.54866666666666","90.75233333333333"
"job_14a","default","273.951","Aggregate","7450.92","7450.93","1","64","1","273.85","no_hashjoin","232.54866666666666","41.40233333333336"
"job_14a","no_mergejoin","275.595","Aggregate","7450.92","7450.93","1","64","1","275.51","no_hashjoin","232.54866666666666","43.046333333333365"
"job_14a","no_mergejoin","265.369","Aggregate","7450.92","7450.93","1","64","1","265.269","no_hashjoin","232.54866666666666","32.820333333333366"
"job_14a","no_mergejoin","319.411","Aggregate","7450.92","7450.93","1","64","1","319.321","no_hashjoin","232.54866666666666","86.86233333333334"
"job_14a","no_nestloop","3490.182","Aggregate","420540.46","420540.47","1","64","1","3481.54","no_hashjoin","232.54866666666666","3257.633333333333"
"job_14a","no_nestloop","3188.874","Aggregate","420540.46","420540.47","1","64","1","3177.94","no_hashjoin","232.54866666666666","2956.325333333333"
"job_14a","no_nestloop","3555.972","Aggregate","420540.46","420540.47","1","64","1","3546.357","no_hashjoin","232.54866666666666","3323.4233333333336"
"job_5c","no_nestloop","3348.311","Aggregate","391014.88","391014.89","1","32","1","3342.269","no_mergejoin","407.1236666666666","2941.1873333333333"
"job_4c","no_mergejoin","92.017","Aggregate","16528.64","16528.65","1","64","1","91.97","no_mergejoin","92.94633333333333","-0.9293333333333322"
"job_5c","no_hashjoin","407.048","Aggregate","92423.59","92423.6","1","32","1","406.327","no_mergejoin","407.1236666666666","-0.07566666666662059"
"job_5c","no_hashjoin","475.792","Aggregate","92423.59","92423.6","1","32","1","475.016","no_mergejoin","407.1236666666666","68.66833333333335"
"job_5c","no_hashjoin","468.938","Aggregate","92423.59","92423.6","1","32","1","468.152","no_mergejoin","407.1236666666666","61.814333333333366"
"job_5c","default","407.665","Aggregate","85762.79","85762.8","1","32","1","407.553","no_mergejoin","407.1236666666666","0.5413333333333981"
"job_5c","default","484.388","Aggregate","85762.79","85762.8","1","32","1","484.288","no_mergejoin","407.1236666666666","77.26433333333335"
"job_5c","default","412.56","Aggregate","85762.79","85762.8","1","32","1","412.485","no_mergejoin","407.1236666666666","5.43633333333338"
"job_31c","no_mergejoin","1488.291","Aggregate","9006.42","9006.43","1","128","1","1488.174","no_hashjoin","1474.9783333333332","13.3126666666667"
"job_6f","no_hashjoin","4506.589","Aggregate","15195.42","15195.43","1","96","1","4506.535","no_hashjoin","4493.201666666667","13.387333333333117"
"job_31c","no_mergejoin","1886.267","Aggregate","9006.42","9006.43","1","128","1","1886.145","no_hashjoin","1474.9783333333332","411.2886666666668"
"job_31c","no_mergejoin","1457.086","Aggregate","9006.42","9006.43","1","128","1","1456.935","no_hashjoin","1474.9783333333332","-17.892333333333227"
"job_31c","no_nestloop","5959.471","Aggregate","1005768.58","1005768.59","1","128","1","5932.002","no_hashjoin","1474.9783333333332","4484.492666666666"
"job_31c","no_nestloop","6121.852","Aggregate","1005768.58","1005768.59","1","128","1","6112.281","no_hashjoin","1474.9783333333332","4646.873666666666"
"job_6f","no_mergejoin","4463.73","Aggregate","15195.42","15195.43","1","96","1","4463.68","no_hashjoin","4493.201666666667","-29.47166666666726"
"job_31c","no_nestloop","5794.596","Aggregate","1005768.58","1005768.59","1","128","1","5785.861","no_hashjoin","1474.9783333333332","4319.617666666666"
"job_31c","no_hashjoin","1460.435","Aggregate","9019.17","9019.18","1","128","1","1459.767","no_hashjoin","1474.9783333333332","-14.543333333333294"
"job_31c","no_hashjoin","1400.389","Aggregate","9019.17","9019.18","1","128","1","1399.671","no_hashjoin","1474.9783333333332","-74.58933333333334"
"job_31c","no_hashjoin","1564.111","Aggregate","9019.17","9019.18","1","128","1","1563.476","no_hashjoin","1474.9783333333332","89.13266666666686"
"job_6f","no_mergejoin","4427.813","Aggregate","15195.42","15195.43","1","96","1","4427.766","no_hashjoin","4493.201666666667","-65.38866666666672"
"job_31c","default","1644.378","Aggregate","9006.42","9006.43","1","128","1","1644.265","no_hashjoin","1474.9783333333332","169.3996666666667"
"job_31c","default","2008.017","Aggregate","9006.42","9006.43","1","128","1","2007.896","no_hashjoin","1474.9783333333332","533.0386666666668"
"job_31c","default","1629.061","Aggregate","9006.42","9006.43","1","128","1","1628.94","no_hashjoin","1474.9783333333332","154.08266666666668"
"job_11b","no_hashjoin","34.664","Aggregate","3768.98","3768.99","1","96","1","34.576","no_hashjoin","31.841333333333335","2.8226666666666667"
"job_11b","no_hashjoin","30.952","Aggregate","3768.98","3768.99","1","96","1","30.875","no_hashjoin","31.841333333333335","-0.8893333333333331"
"job_11b","no_hashjoin","29.908","Aggregate","3768.98","3768.99","1","96","1","29.839","no_hashjoin","31.841333333333335","-1.9333333333333336"
"job_11b","no_nestloop","316.679","Aggregate","24757.53","24757.54","1","96","1","316.596","no_hashjoin","31.841333333333335","284.8376666666666"
"job_11b","no_nestloop","274.866","Aggregate","24757.53","24757.54","1","96","1","274.775","no_hashjoin","31.841333333333335","243.02466666666666"
"job_11b","no_nestloop","269.958","Aggregate","24757.53","24757.54","1","96","1","269.867","no_hashjoin","31.841333333333335","238.1166666666667"
"job_11b","default","35.238","Aggregate","3768.98","3768.99","1","96","1","35.146","no_hashjoin","31.841333333333335","3.3966666666666647"
"job_11b","default","35.889","Aggregate","3768.98","3768.99","1","96","1","35.795","no_hashjoin","31.841333333333335","4.047666666666668"
"job_11b","default","35.432","Aggregate","3768.98","3768.99","1","96","1","35.316","no_hashjoin","31.841333333333335","3.5906666666666673"
"job_6a","default","20.621","Aggregate","3866.75","3866.76","1","96","1","20.561","no_hashjoin","18.094666666666665","2.5263333333333335"
"job_11b","no_mergejoin","36.689","Aggregate","3768.98","3768.99","1","96","1","36.568","no_hashjoin","31.841333333333335","4.847666666666665"
"job_11b","no_mergejoin","34.892","Aggregate","3768.98","3768.99","1","96","1","34.815","no_hashjoin","31.841333333333335","3.050666666666668"
"job_11b","no_mergejoin","34.091","Aggregate","3768.98","3768.99","1","96","1","34.02","no_hashjoin","31.841333333333335","2.2496666666666663"
"job_4c","no_hashjoin","96.614","Aggregate","16528.64","16528.65","1","64","1","96.569","no_mergejoin","92.94633333333333","3.667666666666676"
"job_4c","no_hashjoin","93.073","Aggregate","16528.64","16528.65","1","64","1","93.03","no_mergejoin","92.94633333333333","0.12666666666666515"
"job_4c","no_hashjoin","91.163","Aggregate","16528.64","16528.65","1","64","1","91.122","no_mergejoin","92.94633333333333","-1.7833333333333314"
"job_4c","no_nestloop","979.466","Aggregate","119851.15","119851.16","1","64","1","974.828","no_mergejoin","92.94633333333333","886.5196666666667"
"job_4c","no_nestloop","1130.351","Aggregate","119851.15","119851.16","1","64","1","1125.942","no_mergejoin","92.94633333333333","1037.4046666666668"
"job_4c","no_nestloop","1055.675","Aggregate","119851.15","119851.16","1","64","1","1049.711","no_mergejoin","92.94633333333333","962.7286666666666"
"job_4c","default","109.693","Aggregate","16528.64","16528.65","1","64","1","109.629","no_mergejoin","92.94633333333333","16.74666666666667"
"job_4c","default","99.864","Aggregate","16528.64","16528.65","1","64","1","99.817","no_mergejoin","92.94633333333333","6.917666666666676"
"job_4c","default","99.489","Aggregate","16528.64","16528.65","1","64","1","99.443","no_mergejoin","92.94633333333333","6.542666666666676"
"job_31b","no_mergejoin","324.705","Aggregate","8996.94","8996.95","1","128","1","324.595","default","308.111","16.593999999999994"
"job_31b","no_mergejoin","323.558","Aggregate","8996.94","8996.95","1","128","1","323.44","default","308.111","15.447000000000003"
"job_31b","no_mergejoin","314.566","Aggregate","8996.94","8996.95","1","128","1","314.408","default","308.111","6.454999999999984"
"job_31b","no_hashjoin","343.53","Aggregate","8996.94","8996.95","1","128","1","343.411","default","308.111","35.41899999999998"
"job_31b","no_hashjoin","335.983","Aggregate","8996.94","8996.95","1","128","1","335.859","default","308.111","27.872000000000014"
"job_31b","no_hashjoin","299.91","Aggregate","8996.94","8996.95","1","128","1","299.795","default","308.111","-8.200999999999965"
"job_31b","no_nestloop","5514.959","Aggregate","981114.68","981114.69","1","128","1","5504.412","default","308.111","5206.848"
"job_31b","no_nestloop","4889.497","Aggregate","981114.68","981114.69","1","128","1","4880.474","default","308.111","4581.386"
"job_31b","no_nestloop","4972.738","Aggregate","981114.68","981114.69","1","128","1","4963.417","default","308.111","4664.627"
"job_31b","default","321.067","Aggregate","8996.94","8996.95","1","128","1","320.945","default","308.111","12.956000000000017"
"job_31b","default","301.89","Aggregate","8996.94","8996.95","1","128","1","301.772","default","308.111","-6.221000000000004"
"job_31b","default","301.376","Aggregate","8996.94","8996.95","1","128","1","301.257","default","308.111","-6.735000000000014"
"job_15d","no_nestloop","1607.729","Aggregate","395277.05","395277.06","1","64","1","1600.307","default","916.7853333333333","690.9436666666668"
"job_15d","no_nestloop","1772.113","Aggregate","395277.05","395277.06","1","64","1","1764.888","default","916.7853333333333","855.3276666666668"
"job_15d","no_nestloop","1844.09","Aggregate","395277.05","395277.06","1","64","1","1836.629","default","916.7853333333333","927.3046666666667"
"job_15d","default","912.54","Aggregate","241237.39","241237.4","1","64","1","907.046","default","916.7853333333333","-4.245333333333292"
"job_15d","default","916.901","Aggregate","241237.39","241237.4","1","64","1","911.218","default","916.7853333333333","0.11566666666669789"
"job_15d","default","920.915","Aggregate","241237.39","241237.4","1","64","1","914.101","default","916.7853333333333","4.129666666666708"
"job_15d","no_hashjoin","890.968","Aggregate","241498.83","241498.84","1","64","1","885.449","default","916.7853333333333","-25.817333333333295"
"job_10b","no_nestloop","3674.269","Aggregate","613128.91","613128.92","1","64","1","3667.12","no_hashjoin","150.57233333333332","3523.6966666666663"
"job_15d","no_hashjoin","889.209","Aggregate","241498.83","241498.84","1","64","1","883.974","default","916.7853333333333","-27.57633333333331"
"job_15d","no_hashjoin","976.658","Aggregate","241498.83","241498.84","1","64","1","970.736","default","916.7853333333333","59.87266666666676"
"job_15d","no_mergejoin","905.956","Aggregate","241237.39","241237.4","1","64","1","899.983","default","916.7853333333333","-10.829333333333238"
"job_15d","no_mergejoin","1056.198","Aggregate","241237.39","241237.4","1","64","1","1050.049","default","916.7853333333333","139.41266666666684"
"job_15d","no_mergejoin","860.652","Aggregate","241237.39","241237.4","1","64","1","855.37","default","916.7853333333333","-56.13333333333321"
"job_21b","default","73.409","Aggregate","3770.41","3770.42","1","96","1","73.309","no_mergejoin","66.334","7.075000000000003"
"job_21b","default","77.748","Aggregate","3770.41","3770.42","1","96","1","77.653","no_mergejoin","66.334","11.414000000000001"
"job_21b","default","75.282","Aggregate","3770.41","3770.42","1","96","1","75.188","no_mergejoin","66.334","8.947999999999993"
"job_21b","no_hashjoin","70.816","Aggregate","3770.41","3770.42","1","96","1","70.727","no_mergejoin","66.334","4.481999999999999"
"job_21b","no_hashjoin","69.149","Aggregate","3770.41","3770.42","1","96","1","69.037","no_mergejoin","66.334","2.8149999999999977"
"job_21b","no_hashjoin","75.123","Aggregate","3770.41","3770.42","1","96","1","75.024","no_mergejoin","66.334","8.789000000000001"
"job_21b","no_mergejoin","67.277","Aggregate","3770.41","3770.42","1","96","1","67.2","no_mergejoin","66.334","0.9429999999999978"
"job_21b","no_mergejoin","65.449","Aggregate","3770.41","3770.42","1","96","1","65.358","no_mergejoin","66.334","-0.8850000000000051"
"job_6a","default","21.845","Aggregate","3866.75","3866.76","1","96","1","21.787","no_hashjoin","18.094666666666665","3.7503333333333337"
"job_21b","no_mergejoin","66.276","Aggregate","3770.41","3770.42","1","96","1","66.186","no_mergejoin","66.334","-0.058000000000006935"
"job_21b","no_nestloop","358.999","Aggregate","58418","58418.01","1","96","1","358.893","no_mergejoin","66.334","292.665"
"job_21b","no_nestloop","368.3","Aggregate","58418","58418.01","1","96","1","368.166","no_mergejoin","66.334","301.966"
"job_21b","no_nestloop","353.147","Aggregate","58418","58418.01","1","96","1","353.043","no_mergejoin","66.334","286.813"
"job_18a","no_mergejoin","6323.786","Aggregate","108726.36","108726.37","1","96","1","6234.218","default","3914.938666666667","2408.847333333333"
"job_18a","no_mergejoin","3581.151","Aggregate","108726.36","108726.37","1","96","1","3570.461","default","3914.938666666667","-333.78766666666706"
"job_18a","no_mergejoin","3515.684","Aggregate","108726.36","108726.37","1","96","1","3508.536","default","3914.938666666667","-399.2546666666667"
"job_18a","default","3576.496","Aggregate","108726.36","108726.37","1","96","1","3570.166","default","3914.938666666667","-338.4426666666668"
"job_18a","default","4227.761","Aggregate","108726.36","108726.37","1","96","1","4222.628","default","3914.938666666667","312.8223333333335"
"job_18a","default","3940.559","Aggregate","108726.36","108726.37","1","96","1","3934.727","default","3914.938666666667","25.620333333333292"
"job_18a","no_hashjoin","8509.797","Aggregate","172470.28","172470.29","1","96","1","8447.011","default","3914.938666666667","4594.858333333334"
"job_18a","no_hashjoin","6800.775","Aggregate","172470.28","172470.29","1","96","1","6750.728","default","3914.938666666667","2885.8363333333327"
"job_18a","no_hashjoin","8033.116","Aggregate","172470.28","172470.29","1","96","1","7987.17","default","3914.938666666667","4118.177333333333"
"job_18a","no_nestloop","7092.645","Aggregate","833409.13","833409.14","1","96","1","7083.391","default","3914.938666666667","3177.7063333333335"
"job_18a","no_nestloop","4922.877","Aggregate","833409.13","833409.14","1","96","1","4915.081","default","3914.938666666667","1007.9383333333335"
"job_6f","no_mergejoin","4945.792","Aggregate","15195.42","15195.43","1","96","1","4945.743","no_hashjoin","4493.201666666667","452.59033333333355"
"job_18a","no_nestloop","5582.898","Aggregate","833409.13","833409.14","1","96","1","5576.192","default","3914.938666666667","1667.9593333333332"
"job_33a","default","134.189","Aggregate","4514.8","4514.81","1","192","1","134.023","no_hashjoin","66.398","67.791"
"job_33a","default","137.742","Aggregate","4514.8","4514.81","1","192","1","137.526","no_hashjoin","66.398","71.344"
"job_33a","default","101.842","Aggregate","4514.8","4514.81","1","192","1","101.67","no_hashjoin","66.398","35.444"
"job_33a","no_mergejoin","75.567","Aggregate","12430.25","12430.26","1","192","1","75.397","no_hashjoin","66.398","9.168999999999997"
"job_33a","no_mergejoin","83.897","Aggregate","12430.25","12430.26","1","192","1","83.762","no_hashjoin","66.398","17.49900000000001"
"job_33a","no_mergejoin","72.003","Aggregate","12430.25","12430.26","1","192","1","71.882","no_hashjoin","66.398","5.605000000000004"
"job_33a","no_nestloop","1495.617","Aggregate","146894.65","146894.66","1","192","1","1485.432","no_hashjoin","66.398","1429.219"
"job_33a","no_nestloop","1525.601","Aggregate","146894.65","146894.66","1","192","1","1511.537","no_hashjoin","66.398","1459.2030000000002"
"job_10a","default","542.97","Aggregate","46665.72","46665.73","1","64","1","542.901","no_hashjoin","382.286","160.68400000000003"
"job_33a","no_nestloop","1851.444","Aggregate","146894.65","146894.66","1","192","1","1839.874","no_hashjoin","66.398","1785.046"
"job_33a","no_hashjoin","66.652","Aggregate","4968.33","4968.34","1","192","1","66.505","no_hashjoin","66.398","0.2540000000000049"
"job_33a","no_hashjoin","67.192","Aggregate","4968.33","4968.34","1","192","1","67.048","no_hashjoin","66.398","0.7939999999999969"
"job_33a","no_hashjoin","65.35","Aggregate","4968.33","4968.34","1","192","1","65.198","no_hashjoin","66.398","-1.0480000000000018"
"job_10a","default","598.098","Aggregate","46665.72","46665.73","1","64","1","598.006","no_hashjoin","382.286","215.81199999999995"
"job_27a","no_hashjoin","77.407","Aggregate","3773.17","3773.18","1","96","1","77.296","no_mergejoin","73.37599999999999","4.031000000000006"
"job_27a","no_hashjoin","83.139","Aggregate","3773.17","3773.18","1","96","1","83.027","no_mergejoin","73.37599999999999","9.763000000000005"
"job_27a","no_hashjoin","79.684","Aggregate","3773.17","3773.18","1","96","1","79.551","no_mergejoin","73.37599999999999","6.308000000000007"
"job_27a","no_mergejoin","73.236","Aggregate","3773.17","3773.18","1","96","1","73.117","no_mergejoin","73.37599999999999","-0.13999999999998636"
"job_10a","no_nestloop","3773.887","Aggregate","630978.95","630978.96","1","64","1","3765.858","no_hashjoin","382.286","3391.601"
"job_27a","no_mergejoin","74.024","Aggregate","3773.17","3773.18","1","96","1","73.917","no_mergejoin","73.37599999999999","0.6480000000000103"
"job_27a","no_mergejoin","72.868","Aggregate","3773.17","3773.18","1","96","1","72.77","no_mergejoin","73.37599999999999","-0.5079999999999956"
"job_27a","no_nestloop","335.413","Aggregate","59122.32","59122.33","1","96","1","335.248","no_mergejoin","73.37599999999999","262.03700000000003"
"job_27a","no_nestloop","334.17","Aggregate","59122.32","59122.33","1","96","1","334.036","no_mergejoin","73.37599999999999","260.79400000000004"
"job_10a","no_nestloop","4011.29","Aggregate","630978.95","630978.96","1","64","1","4003.27","no_hashjoin","382.286","3629.004"
"job_27a","no_nestloop","354.439","Aggregate","59122.32","59122.33","1","96","1","354.285","no_mergejoin","73.37599999999999","281.06300000000005"
"job_27a","default","77.419","Aggregate","3773.17","3773.18","1","96","1","77.306","no_mergejoin","73.37599999999999","4.043000000000006"
"job_27a","default","79.034","Aggregate","3773.17","3773.18","1","96","1","78.929","no_mergejoin","73.37599999999999","5.6580000000000155"
"job_27a","default","74.316","Aggregate","3773.17","3773.18","1","96","1","74.179","no_mergejoin","73.37599999999999","0.9400000000000119"
"job_10a","default","539.458","Aggregate","46665.72","46665.73","1","64","1","539.39","no_hashjoin","382.286","157.17199999999997"
"job_10a","no_nestloop","3983.98","Aggregate","630978.95","630978.96","1","64","1","3971.709","no_hashjoin","382.286","3601.694"
"job_10a","no_hashjoin","367.078","Aggregate","53571.79","53571.8","1","64","1","366.992","no_hashjoin","382.286","-15.208000000000027"
"job_10a","no_hashjoin","347.933","Aggregate","53571.79","53571.8","1","64","1","347.83","no_hashjoin","382.286","-34.35300000000001"
"job_10a","no_hashjoin","431.847","Aggregate","53571.79","53571.8","1","64","1","431.758","no_hashjoin","382.286","49.56099999999998"
"job_10a","no_mergejoin","907.112","Aggregate","46665.72","46665.73","1","64","1","906.997","no_hashjoin","382.286","524.826"
"job_10a","no_mergejoin","758.509","Aggregate","46665.72","46665.73","1","64","1","758.381","no_hashjoin","382.286","376.223"
"job_10a","no_mergejoin","717.144","Aggregate","46665.72","46665.73","1","64","1","717.056","no_hashjoin","382.286","334.858"
"job_7c","no_hashjoin","3611.706","Aggregate","57845.36","57845.37","1","64","1","3611.517","default","3263.748","347.9580000000001"
"job_10b","no_nestloop","3586.112","Aggregate","613128.91","613128.92","1","64","1","3579.859","no_hashjoin","150.57233333333332","3435.5396666666666"
"job_7c","no_hashjoin","3407.945","Aggregate","57845.36","57845.37","1","64","1","3407.783","default","3263.748","144.19700000000012"
"job_7c","no_hashjoin","3204.9","Aggregate","57845.36","57845.37","1","64","1","3204.823","default","3263.748","-58.847999999999956"
"job_7c","default","3313.776","Aggregate","57843.37","57843.38","1","64","1","3313.705","default","3263.748","50.02799999999979"
"job_7c","default","3255.842","Aggregate","57843.37","57843.38","1","64","1","3255.734","default","3263.748","-7.905999999999949"
"job_7c","default","3221.626","Aggregate","57843.37","57843.38","1","64","1","3221.55","default","3263.748","-42.121999999999844"
"job_7c","no_nestloop","8624.696","Aggregate","697298.29","697298.3","1","64","1","8615.955","default","3263.748","5360.948"
"job_6a","no_mergejoin","20.393","Aggregate","3866.75","3866.76","1","96","1","20.33","no_hashjoin","18.094666666666665","2.2983333333333356"
"job_7c","no_nestloop","9853.019","Aggregate","697298.29","697298.3","1","64","1","9843.713","default","3263.748","6589.271000000001"
"job_7c","no_nestloop","10719.056","Aggregate","697298.29","697298.3","1","64","1","10703.036","default","3263.748","7455.308000000001"
"job_7c","no_mergejoin","3352.582","Aggregate","57843.37","57843.38","1","64","1","3352.485","default","3263.748","88.83399999999983"
"job_7c","no_mergejoin","3634.625","Aggregate","57843.37","57843.38","1","64","1","3634.52","default","3263.748","370.87699999999995"
"job_7c","no_mergejoin","3138.315","Aggregate","57843.37","57843.38","1","64","1","3138.249","default","3263.748","-125.43299999999999"
"job_13b","no_hashjoin","1032.763","Aggregate","29251.68","29251.69","1","96","1","1032.68","default","769.199","263.56399999999996"
"job_8c","no_mergejoin","6593.844","Aggregate","527971.17","527971.18","1","64","1","6588.832","default","5594.967333333334","998.8766666666661"
"job_13b","no_hashjoin","1042.276","Aggregate","29251.68","29251.69","1","96","1","1042.202","default","769.199","273.0770000000001"
"job_13b","no_hashjoin","1069.459","Aggregate","29251.68","29251.69","1","96","1","1069.368","default","769.199","300.2600000000001"
"job_13b","default","799.423","Aggregate","19206.27","19206.28","1","96","1","799.34","default","769.199","30.224000000000046"
"job_13b","default","755.848","Aggregate","19206.27","19206.28","1","96","1","755.752","default","769.199","-13.350999999999999"
"job_13b","default","752.326","Aggregate","19206.27","19206.28","1","96","1","752.237","default","769.199","-16.872999999999934"
"job_13b","no_nestloop","2828.56","Aggregate","348976.31","348976.32","1","96","1","2821.533","default","769.199","2059.361"
"job_13b","no_nestloop","2845.014","Aggregate","348976.31","348976.32","1","96","1","2836.666","default","769.199","2075.815"
"job_13b","no_nestloop","2790.429","Aggregate","348976.31","348976.32","1","96","1","2783.301","default","769.199","2021.23"
"job_13b","no_mergejoin","772.809","Aggregate","19206.27","19206.28","1","96","1","772.719","default","769.199","3.6100000000000136"
"job_13b","no_mergejoin","827.877","Aggregate","19206.27","19206.28","1","96","1","827.787","default","769.199","58.678"
"job_13b","no_mergejoin","731.611","Aggregate","19206.27","19206.28","1","96","1","731.517","default","769.199","-37.587999999999965"
"job_10b","no_mergejoin","370.924","Aggregate","43525.36","43525.37","1","64","1","370.853","no_hashjoin","150.57233333333332","220.35166666666666"
"job_10b","no_mergejoin","432.822","Aggregate","43525.36","43525.37","1","64","1","432.744","no_hashjoin","150.57233333333332","282.2496666666667"
"job_10b","no_mergejoin","423.02","Aggregate","43525.36","43525.37","1","64","1","422.944","no_hashjoin","150.57233333333332","272.4476666666667"
"job_10b","no_nestloop","3997.417","Aggregate","613128.91","613128.92","1","64","1","3985.522","no_hashjoin","150.57233333333332","3846.8446666666664"
"job_10b","no_hashjoin","163.453","Aggregate","49257.75","49257.76","1","64","1","163.366","no_hashjoin","150.57233333333332","12.880666666666684"
"job_10b","no_hashjoin","141.706","Aggregate","49257.75","49257.76","1","64","1","141.621","no_hashjoin","150.57233333333332","-8.86633333333333"
"job_10b","no_hashjoin","146.558","Aggregate","49257.75","49257.76","1","64","1","146.487","no_hashjoin","150.57233333333332","-4.014333333333326"
"job_10b","default","459.11","Aggregate","43525.36","43525.37","1","64","1","459.038","no_hashjoin","150.57233333333332","308.5376666666667"
"job_10b","default","416.598","Aggregate","43525.36","43525.37","1","64","1","416.51","no_hashjoin","150.57233333333332","266.02566666666667"
"job_10b","default","371.361","Aggregate","43525.36","43525.37","1","64","1","371.291","no_hashjoin","150.57233333333332","220.78866666666667"
"job_30a","default","3273.361","Aggregate","8743.62","8743.63","1","128","1","3273.186","no_hashjoin","2060.6766666666667","1212.6843333333331"
"job_12a","no_nestloop","1755.488","Aggregate","346919.16","346919.17","1","96","1","1749.01","no_mergejoin","265.84566666666666","1489.6423333333335"
"job_30a","default","2378.502","Aggregate","8743.62","8743.63","1","128","1","2378.324","no_hashjoin","2060.6766666666667","317.8253333333332"
"job_30a","default","2533.518","Aggregate","8743.62","8743.63","1","128","1","2533.384","no_hashjoin","2060.6766666666667","472.8413333333333"
"job_30a","no_nestloop","5519.159","Aggregate","944592.29","944592.3","1","128","1","5507.769","no_hashjoin","2060.6766666666667","3458.482333333333"
"job_30a","no_nestloop","5393.889","Aggregate","944592.29","944592.3","1","128","1","5383.355","no_hashjoin","2060.6766666666667","3333.2123333333334"
"job_30a","no_nestloop","5286.022","Aggregate","944592.29","944592.3","1","128","1","5275.917","no_hashjoin","2060.6766666666667","3225.345333333333"
"job_30a","no_mergejoin","2823.29","Aggregate","8743.62","8743.63","1","128","1","2823.135","no_hashjoin","2060.6766666666667","762.6133333333332"
"job_30a","no_mergejoin","2627.346","Aggregate","8743.62","8743.63","1","128","1","2627.212","no_hashjoin","2060.6766666666667","566.6693333333333"
"job_30a","no_mergejoin","2390.794","Aggregate","8743.62","8743.63","1","128","1","2390.643","no_hashjoin","2060.6766666666667","330.11733333333314"
"job_30a","no_hashjoin","2045.123","Aggregate","8756.38","8756.39","1","128","1","2043.983","no_hashjoin","2060.6766666666667","-15.553666666666686"
"job_30a","no_hashjoin","2086.238","Aggregate","8756.38","8756.39","1","128","1","2085.159","no_hashjoin","2060.6766666666667","25.561333333333096"
"job_30a","no_hashjoin","2050.669","Aggregate","8756.38","8756.39","1","128","1","2049.604","no_hashjoin","2060.6766666666667","-10.007666666666864"
"job_12a","no_nestloop","1738.366","Aggregate","346919.16","346919.17","1","96","1","1732.074","no_mergejoin","265.84566666666666","1472.5203333333334"
"job_12a","no_nestloop","1898.442","Aggregate","346919.16","346919.17","1","96","1","1891.531","no_mergejoin","265.84566666666666","1632.5963333333334"
"job_12a","default","298.878","Aggregate","16855.6","16855.61","1","96","1","298.789","no_mergejoin","265.84566666666666","33.03233333333333"
"job_12a","default","305.138","Aggregate","16855.6","16855.61","1","96","1","305.038","no_mergejoin","265.84566666666666","39.29233333333332"
"job_12a","default","305.734","Aggregate","16855.6","16855.61","1","96","1","305.64","no_mergejoin","265.84566666666666","39.88833333333332"
"job_12a","no_hashjoin","296.959","Aggregate","18464.62","18464.63","1","96","1","296.852","no_mergejoin","265.84566666666666","31.113333333333344"
"job_12a","no_hashjoin","272.649","Aggregate","18464.62","18464.63","1","96","1","272.543","no_mergejoin","265.84566666666666","6.803333333333342"
"job_12a","no_hashjoin","271.214","Aggregate","18464.62","18464.63","1","96","1","271.121","no_mergejoin","265.84566666666666","5.368333333333339"
"job_12a","no_mergejoin","269.309","Aggregate","16855.6","16855.61","1","96","1","269.225","no_mergejoin","265.84566666666666","3.4633333333333667"
"job_2c","no_mergejoin","492.793","Aggregate","3850.46","3850.47","1","32","1","492.745","no_mergejoin","497.75533333333334","-4.9623333333333335"
"job_12a","no_mergejoin","263.119","Aggregate","16855.6","16855.61","1","96","1","263.039","no_mergejoin","265.84566666666666","-2.726666666666631"
"job_12a","no_mergejoin","265.109","Aggregate","16855.6","16855.61","1","96","1","265.03","no_mergejoin","265.84566666666666","-0.7366666666666788"
"job_8c","no_nestloop","7783.623","Aggregate","786890.97","786890.98","1","64","1","7777.426","default","5594.967333333334","2188.6556666666656"
"job_8c","no_nestloop","8167.151","Aggregate","786890.97","786890.98","1","64","1","8160.84","default","5594.967333333334","2572.183666666666"
"job_8c","no_nestloop","7588.245","Aggregate","786890.97","786890.98","1","64","1","7582.146","default","5594.967333333334","1993.277666666666"
"job_8c","no_hashjoin","10003.036","Aggregate","1264733.26","1264733.27","1","64","1","9976.907","default","5594.967333333334","4408.068666666666"
"job_8c","no_hashjoin","10100.914","Aggregate","1264733.26","1264733.27","1","64","1","10081.571","default","5594.967333333334","4505.946666666667"
"job_8c","no_hashjoin","9811.614","Aggregate","1264733.26","1264733.27","1","64","1","9790.588","default","5594.967333333334","4216.646666666666"
"job_8c","default","5597.868","Aggregate","527971.17","527971.18","1","64","1","5592.695","default","5594.967333333334","2.9006666666664387"
"job_8c","default","5599.17","Aggregate","527971.17","527971.18","1","64","1","5594.015","default","5594.967333333334","4.2026666666661185"
"job_8c","no_mergejoin","5583.069","Aggregate","527971.17","527971.18","1","64","1","5578.131","default","5594.967333333334","-11.89833333333354"
"job_8c","no_mergejoin","6119.209","Aggregate","527971.17","527971.18","1","64","1","6114.149","default","5594.967333333334","524.2416666666659"
"job_28a","no_mergejoin","5246.807","Aggregate","7465.72","7465.73","1","96","1","5246.66","default","749.3683333333333","4497.438666666667"
"job_28a","no_mergejoin","5266.448","Aggregate","7465.72","7465.73","1","96","1","5266.336","default","749.3683333333333","4517.0796666666665"
"job_28a","no_mergejoin","5274.875","Aggregate","7465.72","7465.73","1","96","1","5274.758","default","749.3683333333333","4525.506666666666"
"job_28a","no_nestloop","3074.588","Aggregate","468368.01","468368.02","1","96","1","3064.64","default","749.3683333333333","2325.219666666667"
"job_28a","no_nestloop","3008.32","Aggregate","468368.01","468368.02","1","96","1","2998.546","default","749.3683333333333","2258.951666666667"
"job_28a","no_nestloop","3195.328","Aggregate","468368.01","468368.02","1","96","1","3184.982","default","749.3683333333333","2445.9596666666666"
"job_6f","no_nestloop","6834.782","Aggregate","651387.9","651387.91","1","96","1","6830.079","no_hashjoin","4493.201666666667","2341.5803333333333"
"job_28a","default","746.566","Aggregate","7465.57","7465.58","1","96","1","746.315","default","749.3683333333333","-2.8023333333333085"
"job_28a","default","737.997","Aggregate","7465.57","7465.58","1","96","1","737.711","default","749.3683333333333","-11.371333333333382"
"job_28a","default","763.542","Aggregate","7465.57","7465.58","1","96","1","763.26","default","749.3683333333333","14.17366666666669"
"job_28a","no_hashjoin","907.241","Aggregate","7465.56","7465.57","1","96","1","907.097","default","749.3683333333333","157.87266666666665"
"job_28a","no_hashjoin","1021.556","Aggregate","7465.56","7465.57","1","96","1","1021.373","default","749.3683333333333","272.1876666666667"
"job_28a","no_hashjoin","1333.696","Aggregate","7465.56","7465.57","1","96","1","1333.478","default","749.3683333333333","584.3276666666666"
"job_24b","no_nestloop","6879.826","Aggregate","1031118.22","1031118.23","1","96","1","6867.711","no_hashjoin","39.75133333333333","6840.074666666666"
"job_6a","no_mergejoin","24.012","Aggregate","3866.75","3866.76","1","96","1","23.91","no_hashjoin","18.094666666666665","5.917333333333335"
"job_24b","no_nestloop","5451.715","Aggregate","1031118.22","1031118.23","1","96","1","5441.369","no_hashjoin","39.75133333333333","5411.9636666666665"
"job_24b","no_nestloop","5552.563","Aggregate","1031118.22","1031118.23","1","96","1","5543.051","no_hashjoin","39.75133333333333","5512.8116666666665"
"job_24b","default","40.818","Aggregate","6514.65","6514.66","1","96","1","40.708","no_hashjoin","39.75133333333333","1.06666666666667"
"job_24b","default","49.751","Aggregate","6514.65","6514.66","1","96","1","49.63","no_hashjoin","39.75133333333333","9.99966666666667"
"job_6f","no_nestloop","6410.33","Aggregate","651387.9","651387.91","1","96","1","6405.55","no_hashjoin","4493.201666666667","1917.128333333333"
"job_24b","default","55.411","Aggregate","6514.65","6514.66","1","96","1","55.267","no_hashjoin","39.75133333333333","15.659666666666674"
"job_24b","no_mergejoin","47.309","Aggregate","6514.65","6514.66","1","96","1","47.191","no_hashjoin","39.75133333333333","7.55766666666667"
"job_24b","no_mergejoin","38.24","Aggregate","6514.65","6514.66","1","96","1","38.12","no_hashjoin","39.75133333333333","-1.5113333333333259"
"job_24b","no_mergejoin","48.284","Aggregate","6514.65","6514.66","1","96","1","48.167","no_hashjoin","39.75133333333333","8.532666666666671"
"job_6f","no_hashjoin","4517.335","Aggregate","15195.42","15195.43","1","96","1","4517.286","no_hashjoin","4493.201666666667","24.133333333333212"
"job_24b","no_hashjoin","42.74","Aggregate","6514.55","6514.56","1","96","1","42.628","no_hashjoin","39.75133333333333","2.988666666666674"
"job_24b","no_hashjoin","38.623","Aggregate","6514.55","6514.56","1","96","1","38.518","no_hashjoin","39.75133333333333","-1.1283333333333303"
"job_24b","no_hashjoin","37.891","Aggregate","6514.55","6514.56","1","96","1","37.79","no_hashjoin","39.75133333333333","-1.8603333333333296"
"job_6f","default","4595.062","Aggregate","15195.42","15195.43","1","96","1","4595.013","no_hashjoin","4493.201666666667","101.86033333333307"
"job_6f","default","5210.382","Aggregate","15195.42","15195.43","1","96","1","5210.322","no_hashjoin","4493.201666666667","717.1803333333328"
"job_6f","default","5227.179","Aggregate","15195.42","15195.43","1","96","1","5227.122","no_hashjoin","4493.201666666667","733.9773333333333"
"job_6f","no_nestloop","7197.248","Aggregate","651387.9","651387.91","1","96","1","7190.495","no_hashjoin","4493.201666666667","2704.0463333333328"
"job_29b","no_nestloop","7586.903","Aggregate","1069727.89","1069727.9","1","96","1","7573.746","no_hashjoin","12.823666666666666","7574.079333333334"
"job_29b","no_nestloop","6130.966","Aggregate","1069727.89","1069727.9","1","96","1","6118.45","no_hashjoin","12.823666666666666","6118.142333333334"
"job_29b","no_nestloop","7165.779","Aggregate","1069727.89","1069727.9","1","96","1","7152.254","no_hashjoin","12.823666666666666","7152.955333333334"
"job_29b","default","58.453","Aggregate","5260.13","5260.14","1","96","1","58.318","no_hashjoin","12.823666666666666","45.629333333333335"
"job_29b","default","60.579","Aggregate","5260.13","5260.14","1","96","1","60.45","no_hashjoin","12.823666666666666","47.75533333333333"
"job_29b","default","61.426","Aggregate","5260.13","5260.14","1","96","1","61.299","no_hashjoin","12.823666666666666","48.602333333333334"
"job_29b","no_hashjoin","13.08","Aggregate","3957.3","3957.31","1","96","1","12.944","no_hashjoin","12.823666666666666","0.25633333333333397"
"job_29b","no_hashjoin","12.619","Aggregate","3957.3","3957.31","1","96","1","12.485","no_hashjoin","12.823666666666666","-0.20466666666666633"
"job_29b","no_hashjoin","12.772","Aggregate","3957.3","3957.31","1","96","1","12.643","no_hashjoin","12.823666666666666","-0.05166666666666586"
"job_29b","no_mergejoin","14.473","Aggregate","4003.54","4003.55","1","96","1","14.332","no_hashjoin","12.823666666666666","1.6493333333333347"
"job_29b","no_mergejoin","13.133","Aggregate","4003.54","4003.55","1","96","1","12.999","no_hashjoin","12.823666666666666","0.309333333333333"
"job_29b","no_mergejoin","13.465","Aggregate","4003.54","4003.55","1","96","1","13.344","no_hashjoin","12.823666666666666","0.6413333333333338"
"job_17b","no_nestloop","5430.475","Aggregate","663359.83","663359.84","1","64","1","5425.39","no_nestloop","5447.6466666666665","-17.17166666666617"
"job_17b","no_nestloop","5306.074","Aggregate","663359.83","663359.84","1","64","1","5301.252","no_nestloop","5447.6466666666665","-141.57266666666692"
"job_17b","no_nestloop","5606.391","Aggregate","663359.83","663359.84","1","64","1","5601.605","no_nestloop","5447.6466666666665","158.7443333333331"
"job_17b","no_hashjoin","6087.729","Aggregate","4406.25","4406.26","1","64","1","6087.661","no_nestloop","5447.6466666666665","640.0823333333337"
"job_17b","no_hashjoin","5763.252","Aggregate","4406.25","4406.26","1","64","1","5763.185","no_nestloop","5447.6466666666665","315.6053333333339"
"job_17b","no_hashjoin","5791.39","Aggregate","4406.25","4406.26","1","64","1","5791.326","no_nestloop","5447.6466666666665","343.7433333333338"
"job_17b","no_mergejoin","5854.592","Aggregate","4406.25","4406.26","1","64","1","5854.515","no_nestloop","5447.6466666666665","406.9453333333331"
"job_17b","no_mergejoin","5736.63","Aggregate","4406.25","4406.26","1","64","1","5736.551","no_nestloop","5447.6466666666665","288.9833333333336"
"job_17b","no_mergejoin","6018.783","Aggregate","4406.25","4406.26","1","64","1","6018.725","no_nestloop","5447.6466666666665","571.1363333333338"
"job_17b","default","6000.604","Aggregate","4406.25","4406.26","1","64","1","6000.532","no_nestloop","5447.6466666666665","552.9573333333337"
"job_17b","default","6972.304","Aggregate","4406.25","4406.26","1","64","1","6972.233","no_nestloop","5447.6466666666665","1524.6573333333336"
"job_17b","default","5901.315","Aggregate","4406.25","4406.26","1","64","1","5901.241","no_nestloop","5447.6466666666665","453.66833333333307"
"job_1c","default","113.367","Aggregate","19463.99","19464","1","68","1","113.29","no_hashjoin","4.574666666666666","108.79233333333333"
"job_1c","default","116.817","Aggregate","19463.99","19464","1","68","1","116.767","no_hashjoin","4.574666666666666","112.24233333333332"
"job_1c","default","115.754","Aggregate","19463.99","19464","1","68","1","115.704","no_hashjoin","4.574666666666666","111.17933333333333"
"job_1c","no_mergejoin","117.201","Aggregate","19463.99","19464","1","68","1","117.132","no_hashjoin","4.574666666666666","112.62633333333332"
"job_1c","no_mergejoin","144.915","Aggregate","19463.99","19464","1","68","1","144.838","no_hashjoin","4.574666666666666","140.34033333333332"
"job_1c","no_mergejoin","115.303","Aggregate","19463.99","19464","1","68","1","115.224","no_hashjoin","4.574666666666666","110.72833333333332"
"job_1c","no_hashjoin","4.557","Aggregate","29874.12","29874.13","1","68","1","4.511","no_hashjoin","4.574666666666666","-0.017666666666666053"
"job_1c","no_hashjoin","4.63","Aggregate","29874.12","29874.13","1","68","1","4.586","no_hashjoin","4.574666666666666","0.055333333333333456"
"job_1c","no_hashjoin","4.537","Aggregate","29874.12","29874.13","1","68","1","4.492","no_hashjoin","4.574666666666666","-0.037666666666666515"
"job_1c","no_nestloop","430.609","Aggregate","101197.47","101197.48","1","68","1","426.091","no_hashjoin","4.574666666666666","426.03433333333334"
"job_1c","no_nestloop","442.44","Aggregate","101197.47","101197.48","1","68","1","438.419","no_hashjoin","4.574666666666666","437.86533333333335"
"job_1c","no_nestloop","482.71","Aggregate","101197.47","101197.48","1","68","1","477.666","no_hashjoin","4.574666666666666","478.13533333333334"
"job_7b","no_mergejoin","266.9","Aggregate","9079.94","9079.95","1","64","1","266.777","no_hashjoin","235.52566666666667","31.37433333333331"
"job_6a","no_mergejoin","19.387","Aggregate","3866.75","3866.76","1","96","1","19.322","no_hashjoin","18.094666666666665","1.2923333333333353"
"job_24a","no_mergejoin","237.961","Aggregate","6837.12","6837.13","1","96","1","237.823","no_mergejoin","227.63033333333337","10.330666666666644"
"job_24a","no_mergejoin","236.168","Aggregate","6837.12","6837.13","1","96","1","236.062","no_mergejoin","227.63033333333337","8.537666666666638"
"job_24a","no_mergejoin","208.762","Aggregate","6837.12","6837.13","1","96","1","208.648","no_mergejoin","227.63033333333337","-18.868333333333368"
"job_24a","no_nestloop","6667.979","Aggregate","1028786.04","1028786.05","1","96","1","6650.256","no_mergejoin","227.63033333333337","6440.348666666667"
"job_7b","no_mergejoin","266.85","Aggregate","9079.94","9079.95","1","64","1","266.747","no_hashjoin","235.52566666666667","31.324333333333357"
"job_24a","no_nestloop","7255.547","Aggregate","1028786.04","1028786.05","1","96","1","7244.566","no_mergejoin","227.63033333333337","7027.916666666666"
"job_24a","no_nestloop","6608.024","Aggregate","1028786.04","1028786.05","1","96","1","6589.602","no_mergejoin","227.63033333333337","6380.393666666667"
"job_24a","no_hashjoin","313.188","Aggregate","6838.81","6838.82","1","96","1","313.057","no_mergejoin","227.63033333333337","85.55766666666662"
"job_24a","no_hashjoin","279.999","Aggregate","6838.81","6838.82","1","96","1","279.876","no_mergejoin","227.63033333333337","52.368666666666655"
"job_7b","default","281.809","Aggregate","9079.94","9079.95","1","64","1","281.715","no_hashjoin","235.52566666666667","46.28333333333336"
"job_24a","no_hashjoin","302.549","Aggregate","6838.81","6838.82","1","96","1","302.167","no_mergejoin","227.63033333333337","74.91866666666661"
"job_24a","default","391.707","Aggregate","6645.28","6645.29","1","96","1","391.549","no_mergejoin","227.63033333333337","164.07666666666663"
"job_24a","default","408.043","Aggregate","6645.28","6645.29","1","96","1","407.893","no_mergejoin","227.63033333333337","180.41266666666664"
"job_24a","default","443.159","Aggregate","6645.28","6645.29","1","96","1","443.031","no_mergejoin","227.63033333333337","215.52866666666662"
"job_7b","no_mergejoin","283.611","Aggregate","9079.94","9079.95","1","64","1","283.519","no_hashjoin","235.52566666666667","48.085333333333324"
"job_7b","default","252.522","Aggregate","9079.94","9079.95","1","64","1","252.422","no_hashjoin","235.52566666666667","16.996333333333325"
"job_7b","default","231.181","Aggregate","9079.94","9079.95","1","64","1","231.1","no_hashjoin","235.52566666666667","-4.3446666666666545"
"job_7b","no_hashjoin","242.56","Aggregate","9079.94","9079.95","1","64","1","242.478","no_hashjoin","235.52566666666667","7.034333333333336"
"job_7b","no_hashjoin","224.803","Aggregate","9079.94","9079.95","1","64","1","224.72","no_hashjoin","235.52566666666667","-10.722666666666669"
"job_7b","no_hashjoin","239.214","Aggregate","9079.94","9079.95","1","64","1","239.132","no_hashjoin","235.52566666666667","3.6883333333333326"
"job_7b","no_nestloop","5213.094","Aggregate","663888.11","663888.12","1","64","1","5204.447","no_hashjoin","235.52566666666667","4977.568333333334"
"job_7b","no_nestloop","5094.367","Aggregate","663888.11","663888.12","1","64","1","5085.834","no_hashjoin","235.52566666666667","4858.841333333334"
"job_7b","no_nestloop","5413.177","Aggregate","663888.11","663888.12","1","64","1","5405.271","no_hashjoin","235.52566666666667","5177.651333333333"
"job_33c","no_nestloop","1791.028","Aggregate","136284.53","136284.54","1","192","1","1775.077","default","240.99233333333333","1550.0356666666667"
"job_33c","no_nestloop","1569.034","Aggregate","136284.53","136284.54","1","192","1","1556.158","default","240.99233333333333","1328.0416666666667"
"job_33c","no_nestloop","1595.204","Aggregate","136284.53","136284.54","1","192","1","1581.241","default","240.99233333333333","1354.2116666666666"
"job_33c","default","239.042","Aggregate","4875.02","4875.03","1","192","1","238.887","default","240.99233333333333","-1.950333333333333"
"job_5a","no_nestloop","288.646","Aggregate","372762.12","372762.13","1","32","1","282.842","no_mergejoin","223.6526666666667","64.99333333333331"
"job_33c","default","232.331","Aggregate","4875.02","4875.03","1","192","1","232.017","default","240.99233333333333","-8.661333333333346"
"job_33c","default","251.604","Aggregate","4875.02","4875.03","1","192","1","251.454","default","240.99233333333333","10.611666666666679"
"job_33c","no_hashjoin","260.302","Aggregate","5243.38","5243.39","1","192","1","260.144","default","240.99233333333333","19.309666666666686"
"job_33c","no_hashjoin","328.672","Aggregate","5243.38","5243.39","1","192","1","328.441","default","240.99233333333333","87.67966666666669"
"job_5a","no_nestloop","259.863","Aggregate","372762.12","372762.13","1","32","1","254.76","no_mergejoin","223.6526666666667","36.210333333333296"
"job_33c","no_hashjoin","270.025","Aggregate","5243.38","5243.39","1","192","1","266.213","default","240.99233333333333","29.032666666666643"
"job_33c","no_mergejoin","356.616","Aggregate","12003.44","12003.45","1","192","1","356.471","default","240.99233333333333","115.62366666666665"
"job_33c","no_mergejoin","388.989","Aggregate","12003.44","12003.45","1","192","1","388.839","default","240.99233333333333","147.99666666666664"
"job_33c","no_mergejoin","341.885","Aggregate","12003.44","12003.45","1","192","1","341.759","default","240.99233333333333","100.89266666666666"
"job_5a","no_nestloop","260.531","Aggregate","372762.12","372762.13","1","32","1","255.777","no_mergejoin","223.6526666666667","36.8783333333333"
"job_29c","default","3549.166","Aggregate","4043.67","4043.68","1","96","1","3548.992","no_mergejoin","62.74966666666666","3486.4163333333336"
"job_29c","default","3382.382","Aggregate","4043.67","4043.68","1","96","1","3382.21","no_mergejoin","62.74966666666666","3319.6323333333335"
"job_29c","default","3255.309","Aggregate","4043.67","4043.68","1","96","1","3255.143","no_mergejoin","62.74966666666666","3192.5593333333336"
"job_29c","no_nestloop","8334.597","Aggregate","1104913.52","1104913.53","1","96","1","8316.366","no_mergejoin","62.74966666666666","8271.847333333333"
"job_29c","no_nestloop","8015.798","Aggregate","1104913.52","1104913.53","1","96","1","8003.819","no_mergejoin","62.74966666666666","7953.048333333333"
"job_29c","no_nestloop","7050.295","Aggregate","1104913.52","1104913.53","1","96","1","7035.987","no_mergejoin","62.74966666666666","6987.5453333333335"
"job_29c","no_mergejoin","67.445","Aggregate","4076.09","4076.1","1","96","1","67.313","no_mergejoin","62.74966666666666","4.6953333333333305"
"job_29c","no_mergejoin","61.279","Aggregate","4076.09","4076.1","1","96","1","61.143","no_mergejoin","62.74966666666666","-1.4706666666666592"
"job_29c","no_mergejoin","59.525","Aggregate","4076.09","4076.1","1","96","1","59.4","no_mergejoin","62.74966666666666","-3.224666666666664"
"job_29c","no_hashjoin","83.429","Aggregate","5527.76","5527.77","1","96","1","83.307","no_mergejoin","62.74966666666666","20.67933333333334"
"job_29c","no_hashjoin","81.701","Aggregate","5527.76","5527.77","1","96","1","81.564","no_mergejoin","62.74966666666666","18.95133333333333"
"job_29c","no_hashjoin","92.054","Aggregate","5527.76","5527.77","1","96","1","91.924","no_mergejoin","62.74966666666666","29.30433333333334"
"job_26a","no_hashjoin","1382.846","Aggregate","11448.36","11448.37","1","128","1","1382.756","no_hashjoin","1563.1009999999999","-180.25499999999988"
"job_26a","no_hashjoin","1856.141","Aggregate","11448.36","11448.37","1","128","1","1856.052","no_hashjoin","1563.1009999999999","293.0400000000002"
"job_2c","no_mergejoin","501.391","Aggregate","3850.46","3850.47","1","32","1","501.345","no_mergejoin","497.75533333333334","3.6356666666666797"
"job_26a","no_hashjoin","1450.316","Aggregate","11448.36","11448.37","1","128","1","1450.223","no_hashjoin","1563.1009999999999","-112.78499999999985"
"job_26a","no_mergejoin","9843.127","Aggregate","11567.72","11567.73","1","128","1","9843.034","no_hashjoin","1563.1009999999999","8280.026"
"job_26a","no_mergejoin","9469.448","Aggregate","11567.72","11567.73","1","128","1","9469.348","no_hashjoin","1563.1009999999999","7906.347000000001"
"job_26a","no_mergejoin","9460.904","Aggregate","11567.72","11567.73","1","128","1","9460.737","no_hashjoin","1563.1009999999999","7897.803000000001"
"job_12c","no_nestloop","2409.786","Aggregate","363536.11","363536.12","1","96","1","2402.296","no_mergejoin","933.8910000000001","1475.895"
"job_26a","no_nestloop","7567.149","Aggregate","707979.12","707979.13","1","128","1","7557.214","no_hashjoin","1563.1009999999999","6004.048000000001"
"job_26a","no_nestloop","7907.904","Aggregate","707979.12","707979.13","1","128","1","7898.18","no_hashjoin","1563.1009999999999","6344.803000000001"
"job_26a","no_nestloop","6891.659","Aggregate","707979.12","707979.13","1","128","1","6878.417","no_hashjoin","1563.1009999999999","5328.558"
"job_26a","default","9395.459","Aggregate","11567.72","11567.73","1","128","1","9395.334","no_hashjoin","1563.1009999999999","7832.358000000001"
"job_12c","no_nestloop","2312.081","Aggregate","363536.11","363536.12","1","96","1","2305.449","no_mergejoin","933.8910000000001","1378.19"
"job_26a","default","9586.494","Aggregate","11567.72","11567.73","1","128","1","9586.404","no_hashjoin","1563.1009999999999","8023.393000000001"
"job_26a","default","10051.516","Aggregate","11567.72","11567.73","1","128","1","10051.418","no_hashjoin","1563.1009999999999","8488.414999999999"
"job_20a","no_nestloop","6302.928","Aggregate","690967.81","690967.82","1","32","1","6295.536","no_mergejoin","2097.244666666667","4205.6833333333325"
"job_20a","no_nestloop","6334.91","Aggregate","690967.81","690967.82","1","32","1","6326.042","no_mergejoin","2097.244666666667","4237.6653333333325"
"job_20a","no_nestloop","6952.736","Aggregate","690967.81","690967.82","1","32","1","6940.319","no_mergejoin","2097.244666666667","4855.491333333333"
"job_2c","no_hashjoin","492.97","Aggregate","3850.46","3850.47","1","32","1","492.927","no_mergejoin","497.75533333333334","-4.785333333333313"
"job_20a","default","2140.102","Aggregate","12423.96","12423.97","1","32","1","2140.022","no_mergejoin","2097.244666666667","42.85733333333292"
"job_20a","default","2235.953","Aggregate","12423.96","12423.97","1","32","1","2235.882","no_mergejoin","2097.244666666667","138.70833333333303"
"job_20a","default","2212.491","Aggregate","12423.96","12423.97","1","32","1","2212.413","no_mergejoin","2097.244666666667","115.24633333333304"
"job_20a","no_mergejoin","2117.095","Aggregate","12423.96","12423.97","1","32","1","2117.006","no_mergejoin","2097.244666666667","19.850333333332856"
"job_20a","no_mergejoin","2103.817","Aggregate","12423.96","12423.97","1","32","1","2103.731","no_mergejoin","2097.244666666667","6.572333333333063"
"job_20a","no_mergejoin","2070.822","Aggregate","12423.96","12423.97","1","32","1","2070.732","no_mergejoin","2097.244666666667","-26.422666666666828"
"job_20a","no_hashjoin","2096.927","Aggregate","12423.96","12423.97","1","32","1","2096.853","no_mergejoin","2097.244666666667","-0.31766666666680976"
"job_20a","no_hashjoin","2200.075","Aggregate","12423.96","12423.97","1","32","1","2199.995","no_mergejoin","2097.244666666667","102.83033333333287"
"job_20a","no_hashjoin","2063.052","Aggregate","12423.96","12423.97","1","32","1","2062.967","no_mergejoin","2097.244666666667","-34.19266666666681"
"job_12c","no_mergejoin","842.229","Aggregate","17941.02","17941.03","1","96","1","842.144","no_mergejoin","933.8910000000001","-91.66200000000003"
"job_12c","no_mergejoin","994.109","Aggregate","17941.02","17941.03","1","96","1","994.013","no_mergejoin","933.8910000000001","60.21799999999996"
"job_12c","no_mergejoin","965.335","Aggregate","17941.02","17941.03","1","96","1","965.244","no_mergejoin","933.8910000000001","31.44399999999996"
"job_2c","no_hashjoin","497.53","Aggregate","3850.46","3850.47","1","32","1","497.486","no_mergejoin","497.75533333333334","-0.22533333333336714"
"job_12c","no_nestloop","2440.901","Aggregate","363536.11","363536.12","1","96","1","2432.31","no_mergejoin","933.8910000000001","1507.0099999999998"
"job_12c","no_hashjoin","1234.532","Aggregate","23849.88","23849.89","1","96","1","1234.462","no_mergejoin","933.8910000000001","300.64099999999985"
"job_12c","no_hashjoin","1238.034","Aggregate","23849.88","23849.89","1","96","1","1237.971","no_mergejoin","933.8910000000001","304.14300000000003"
"job_12c","no_hashjoin","1223.732","Aggregate","23849.88","23849.89","1","96","1","1223.626","no_mergejoin","933.8910000000001","289.8409999999999"
"job_12c","default","1094.676","Aggregate","17941.02","17941.03","1","96","1","1094.585","no_mergejoin","933.8910000000001","160.78499999999985"
"job_12c","default","960.877","Aggregate","17941.02","17941.03","1","96","1","960.77","no_mergejoin","933.8910000000001","26.985999999999876"
"job_12c","default","956.185","Aggregate","17941.02","17941.03","1","96","1","956.102","no_mergejoin","933.8910000000001","22.29399999999987"
"job_5a","no_mergejoin","238.538","Aggregate","42158.17","42158.18","1","32","1","238.487","no_mergejoin","223.6526666666667","14.885333333333307"
"job_5a","no_mergejoin","201.547","Aggregate","42158.17","42158.18","1","32","1","201.496","no_mergejoin","223.6526666666667","-22.105666666666707"
"job_5a","no_mergejoin","230.873","Aggregate","42158.17","42158.18","1","32","1","230.816","no_mergejoin","223.6526666666667","7.220333333333286"
"job_5a","no_hashjoin","238.708","Aggregate","42357.48","42357.49","1","32","1","238.645","no_mergejoin","223.6526666666667","15.055333333333294"
"job_5a","no_hashjoin","255.728","Aggregate","42357.48","42357.49","1","32","1","255.667","no_mergejoin","223.6526666666667","32.075333333333305"
"job_5a","no_hashjoin","258.081","Aggregate","42357.48","42357.49","1","32","1","258.022","no_mergejoin","223.6526666666667","34.42833333333331"
"job_5a","default","253.066","Aggregate","42158.17","42158.18","1","32","1","253.011","no_mergejoin","223.6526666666667","29.4133333333333"
"job_5a","default","244.26","Aggregate","42158.17","42158.18","1","32","1","244.205","no_mergejoin","223.6526666666667","20.607333333333287"
"job_5a","default","255.768","Aggregate","42158.17","42158.18","1","32","1","255.715","no_mergejoin","223.6526666666667","32.1153333333333"
"job_1b","no_mergejoin","187.881","Aggregate","20153.35","20153.36","1","68","1","187.811","no_hashjoin","0.282","187.599"
"job_1b","no_mergejoin","165.841","Aggregate","20153.35","20153.36","1","68","1","165.773","no_hashjoin","0.282","165.559"
"job_1b","no_mergejoin","144.806","Aggregate","20153.35","20153.36","1","68","1","144.746","no_hashjoin","0.282","144.524"
"job_1b","default","154.139","Aggregate","20153.35","20153.36","1","68","1","154.063","no_hashjoin","0.282","153.857"
"job_1b","default","147.844","Aggregate","20153.35","20153.36","1","68","1","147.776","no_hashjoin","0.282","147.56199999999998"
"job_1b","default","178.448","Aggregate","20153.35","20153.36","1","68","1","178.383","no_hashjoin","0.282","178.166"
"job_1b","no_hashjoin","0.268","Aggregate","31594.55","31594.56","1","68","1","0.217","no_hashjoin","0.282","-0.013999999999999957"
"job_1b","no_hashjoin","0.309","Aggregate","31594.55","31594.56","1","68","1","0.244","no_hashjoin","0.282","0.027000000000000024"
"job_1b","no_hashjoin","0.269","Aggregate","31594.55","31594.56","1","68","1","0.218","no_hashjoin","0.282","-0.012999999999999956"
"job_1b","no_nestloop","661.07","Aggregate","103783.36","103783.37","1","68","1","654.894","no_hashjoin","0.282","660.788"
"job_1b","no_nestloop","671.669","Aggregate","103783.36","103783.37","1","68","1","665.763","no_hashjoin","0.282","671.387"
"job_1b","no_nestloop","646.4","Aggregate","103783.36","103783.37","1","68","1","640.03","no_hashjoin","0.282","646.1179999999999"
"job_15b","no_mergejoin","47.945","Aggregate","6432.15","6432.16","1","64","1","47.846","default","44.050333333333334","3.894666666666666"
"job_15b","no_mergejoin","48.662","Aggregate","6432.15","6432.16","1","64","1","48.553","default","44.050333333333334","4.611666666666665"
"job_15b","no_mergejoin","60.974","Aggregate","6432.15","6432.16","1","64","1","60.86","default","44.050333333333334","16.923666666666662"
"job_15b","no_hashjoin","45.893","Aggregate","6432.15","6432.16","1","64","1","45.797","default","44.050333333333334","1.8426666666666662"
"job_15b","no_hashjoin","45.222","Aggregate","6432.15","6432.16","1","64","1","45.115","default","44.050333333333334","1.1716666666666669"
"job_15b","no_hashjoin","54.668","Aggregate","6432.15","6432.16","1","64","1","54.555","default","44.050333333333334","10.617666666666665"
"job_15b","default","44.897","Aggregate","6432.15","6432.16","1","64","1","44.805","default","44.050333333333334","0.846666666666664"
"job_15b","default","44.029","Aggregate","6432.15","6432.16","1","64","1","43.925","default","44.050333333333334","-0.021333333333330984"
"job_15b","default","43.225","Aggregate","6432.15","6432.16","1","64","1","43.122","default","44.050333333333334","-0.825333333333333"
"job_15b","no_nestloop","2072.503","Aggregate","409970.84","409970.85","1","64","1","2064.984","default","44.050333333333334","2028.4526666666668"
"job_15b","no_nestloop","1902.396","Aggregate","409970.84","409970.85","1","64","1","1894.387","default","44.050333333333334","1858.3456666666666"
"job_15b","no_nestloop","2382.434","Aggregate","409970.84","409970.85","1","64","1","2366.654","default","44.050333333333334","2338.383666666667"
"job_28c","no_mergejoin","320.309","Aggregate","7463.05","7463.06","1","96","1","320.206","default","323.52566666666667","-3.21666666666664"
"job_30b","no_mergejoin","322.277","Aggregate","8741.3","8741.31","1","128","1","322.15","default","314.404","7.8729999999999905"
"job_30b","no_mergejoin","344.332","Aggregate","8741.3","8741.31","1","128","1","344.204","default","314.404","29.927999999999997"
"job_30b","no_mergejoin","306.22","Aggregate","8741.3","8741.31","1","128","1","306.097","default","314.404","-8.183999999999969"
"job_30b","default","336.274","Aggregate","8741.3","8741.31","1","128","1","336.104","default","314.404","21.870000000000005"
"job_30b","default","296.536","Aggregate","8741.3","8741.31","1","128","1","296.411","default","314.404","-17.867999999999995"
"job_30b","default","310.402","Aggregate","8741.3","8741.31","1","128","1","310.278","default","314.404","-4.0020000000000095"
"job_30b","no_nestloop","5625.452","Aggregate","950324.67","950324.68","1","128","1","5613.761","default","314.404","5311.048000000001"
"job_30b","no_nestloop","5590.993","Aggregate","950324.67","950324.68","1","128","1","5581.303","default","314.404","5276.589"
"job_30b","no_nestloop","5886.041","Aggregate","950324.67","950324.68","1","128","1","5875.115","default","314.404","5571.637000000001"
"job_30b","no_hashjoin","309.509","Aggregate","8741.3","8741.31","1","128","1","309.374","default","314.404","-4.894999999999982"
"job_30b","no_hashjoin","345.972","Aggregate","8741.3","8741.31","1","128","1","345.779","default","314.404","31.567999999999984"
"job_30b","no_hashjoin","302.576","Aggregate","8741.3","8741.31","1","128","1","302.415","default","314.404","-11.827999999999975"
"job_28c","no_mergejoin","328.969","Aggregate","7463.05","7463.06","1","96","1","328.869","default","323.52566666666667","5.443333333333328"
"job_28c","no_mergejoin","323.83","Aggregate","7463.05","7463.06","1","96","1","323.731","default","323.52566666666667","0.304333333333318"
"job_28c","no_hashjoin","347.141","Aggregate","7463.05","7463.06","1","96","1","347.014","default","323.52566666666667","23.615333333333353"
"job_28c","no_hashjoin","336.687","Aggregate","7463.05","7463.06","1","96","1","336.582","default","323.52566666666667","13.161333333333346"
"job_28c","no_hashjoin","332.251","Aggregate","7463.05","7463.06","1","96","1","332.145","default","323.52566666666667","8.72533333333331"
"job_28c","default","319.941","Aggregate","7463.05","7463.06","1","96","1","319.835","default","323.52566666666667","-3.584666666666692"
"job_28c","default","326.595","Aggregate","7463.05","7463.06","1","96","1","326.487","default","323.52566666666667","3.0693333333333612"
"job_28c","default","324.041","Aggregate","7463.05","7463.06","1","96","1","323.911","default","323.52566666666667","0.5153333333333308"
"job_6a","no_hashjoin","18.289","Aggregate","3866.75","3866.76","1","96","1","18.237","no_hashjoin","18.094666666666665","0.19433333333333636"
"job_28c","no_nestloop","3632.193","Aggregate","467803.85","467803.86","1","96","1","3619.418","default","323.52566666666667","3308.6673333333338"
"job_28c","no_nestloop","3173.874","Aggregate","467803.85","467803.86","1","96","1","3160.771","default","323.52566666666667","2850.3483333333334"
"job_28c","no_nestloop","3555.483","Aggregate","467803.85","467803.86","1","96","1","3543.871","default","323.52566666666667","3231.9573333333337"
"job_18b","no_hashjoin","262.385","Aggregate","19074.55","19074.56","1","96","1","262.304","no_mergejoin","256.386","5.998999999999967"
"job_18b","no_hashjoin","245.387","Aggregate","19074.55","19074.56","1","96","1","245.313","no_mergejoin","256.386","-10.999000000000024"
"job_18b","no_hashjoin","297.667","Aggregate","19074.55","19074.56","1","96","1","297.56","no_mergejoin","256.386","41.28099999999995"
"job_18b","no_mergejoin","271.606","Aggregate","17502.3","17502.31","1","96","1","271.499","no_mergejoin","256.386","15.21999999999997"
"job_6a","no_hashjoin","17.845","Aggregate","3866.75","3866.76","1","96","1","17.79","no_hashjoin","18.094666666666665","-0.24966666666666626"
"job_18b","no_mergejoin","268.574","Aggregate","17502.3","17502.31","1","96","1","268.488","no_mergejoin","256.386","12.187999999999988"
"job_18b","no_mergejoin","228.978","Aggregate","17502.3","17502.31","1","96","1","228.897","no_mergejoin","256.386","-27.408000000000015"
"job_18b","no_nestloop","4655.361","Aggregate","887031.18","887031.19","1","96","1","4646.467","no_mergejoin","256.386","4398.974999999999"
"job_18b","no_nestloop","4302.769","Aggregate","887031.18","887031.19","1","96","1","4295.495","no_mergejoin","256.386","4046.3830000000003"
"job_18b","no_nestloop","4634.191","Aggregate","887031.18","887031.19","1","96","1","4626.197","no_mergejoin","256.386","4377.804999999999"
"job_18b","default","283.951","Aggregate","17502.3","17502.31","1","96","1","283.868","no_mergejoin","256.386","27.564999999999998"
"job_6a","no_hashjoin","18.15","Aggregate","3866.75","3866.76","1","96","1","18.094","no_hashjoin","18.094666666666665","0.055333333333333456"
"job_2c","no_hashjoin","640.175","Aggregate","3850.46","3850.47","1","32","1","640.121","no_mergejoin","497.75533333333334","142.41966666666661"
"job_18b","default","313.518","Aggregate","17502.3","17502.31","1","96","1","313.416","no_mergejoin","256.386","57.13199999999995"
"job_18b","default","271.752","Aggregate","17502.3","17502.31","1","96","1","271.67","no_mergejoin","256.386","15.365999999999985"
"job_31a","no_hashjoin","1808.624","Aggregate","9018.98","9018.99","1","128","1","1808.028","no_mergejoin","1636.7676666666666","171.8563333333334"
"job_31a","no_hashjoin","2036.5","Aggregate","9018.98","9018.99","1","128","1","2035.946","no_mergejoin","1636.7676666666666","399.7323333333334"
"job_31a","no_hashjoin","2574.023","Aggregate","9018.98","9018.99","1","128","1","2573.392","no_mergejoin","1636.7676666666666","937.2553333333335"
"job_31a","default","1724.856","Aggregate","9006.22","9006.23","1","128","1","1724.723","no_mergejoin","1636.7676666666666","88.08833333333337"
"job_31a","default","1560.866","Aggregate","9006.22","9006.23","1","128","1","1560.734","no_mergejoin","1636.7676666666666","-75.90166666666664"
"job_31a","default","1767.645","Aggregate","9006.22","9006.23","1","128","1","1767.346","no_mergejoin","1636.7676666666666","130.87733333333335"
"job_31a","no_mergejoin","1723.919","Aggregate","9006.22","9006.23","1","128","1","1723.802","no_mergejoin","1636.7676666666666","87.15133333333347"
"job_6a","no_nestloop","4684.217","Aggregate","622388.22","622388.23","1","96","1","4678.402","no_hashjoin","18.094666666666665","4666.122333333333"
"job_31a","no_mergejoin","1563.939","Aggregate","9006.22","9006.23","1","128","1","1563.833","no_mergejoin","1636.7676666666666","-72.82866666666655"
"job_31a","no_mergejoin","1622.445","Aggregate","9006.22","9006.23","1","128","1","1622.335","no_mergejoin","1636.7676666666666","-14.322666666666692"
"job_31a","no_nestloop","5587.74","Aggregate","975280.51","975280.52","1","128","1","5573.09","no_mergejoin","1636.7676666666666","3950.972333333333"
"job_31a","no_nestloop","5716.06","Aggregate","975280.51","975280.52","1","128","1","5706.72","no_mergejoin","1636.7676666666666","4079.2923333333338"
"job_6a","no_nestloop","4539.695","Aggregate","622388.22","622388.23","1","96","1","4533.291","no_hashjoin","18.094666666666665","4521.600333333333"
"job_31a","no_nestloop","6911.694","Aggregate","975280.51","975280.52","1","128","1","6900.633","no_mergejoin","1636.7676666666666","5274.926333333334"
"job_13c","no_nestloop","2662.533","Aggregate","348976.31","348976.32","1","96","1","2653.264","default","780.607","1881.926"
"job_13c","no_nestloop","2688.511","Aggregate","348976.31","348976.32","1","96","1","2680.819","default","780.607","1907.904"
"job_13c","no_nestloop","2803.217","Aggregate","348976.31","348976.32","1","96","1","2794.961","default","780.607","2022.6100000000001"
"job_13c","no_mergejoin","772.313","Aggregate","19206.27","19206.28","1","96","1","772.194","default","780.607","-8.293999999999983"
"job_13c","no_mergejoin","1008.113","Aggregate","19206.27","19206.28","1","96","1","1008.024","default","780.607","227.50600000000009"
"job_6a","no_nestloop","4332.367","Aggregate","622388.22","622388.23","1","96","1","4327.253","no_hashjoin","18.094666666666665","4314.272333333333"
"job_13c","no_mergejoin","793.521","Aggregate","19206.27","19206.28","1","96","1","793.421","default","780.607","12.913999999999987"
"job_13c","no_hashjoin","1026.743","Aggregate","29251.68","29251.69","1","96","1","1026.645","default","780.607","246.13599999999997"
"job_13c","no_hashjoin","1029.654","Aggregate","29251.68","29251.69","1","96","1","1029.566","default","780.607","249.04700000000003"
"job_13c","no_hashjoin","1026.018","Aggregate","29251.68","29251.69","1","96","1","1025.933","default","780.607","245.41100000000006"
"job_13c","default","790.391","Aggregate","19206.27","19206.28","1","96","1","790.301","default","780.607","9.783999999999992"
"job_13c","default","785.579","Aggregate","19206.27","19206.28","1","96","1","785.49","default","780.607","4.97199999999998"
"job_13c","default","765.851","Aggregate","19206.27","19206.28","1","96","1","765.751","default","780.607","-14.755999999999972"
"job_19c","no_nestloop","5727.076","Aggregate","979439.6","979439.61","1","64","1","5717.341","default","2824.4323333333336","2902.6436666666664"
"job_19c","no_nestloop","5603.584","Aggregate","979439.6","979439.61","1","64","1","5594.005","default","2824.4323333333336","2779.151666666666"
"job_19c","no_nestloop","5424.794","Aggregate","979439.6","979439.61","1","64","1","5414.454","default","2824.4323333333336","2600.361666666666"
"job_19c","default","3033.437","Aggregate","228243.01","228243.02","1","64","1","3022.983","default","2824.4323333333336","209.00466666666625"
"job_19c","default","2802.973","Aggregate","228243.01","228243.02","1","64","1","2794.604","default","2824.4323333333336","-21.45933333333369"
"job_19c","default","2636.887","Aggregate","228243.01","228243.02","1","64","1","2627.426","default","2824.4323333333336","-187.54533333333347"
"job_19c","no_mergejoin","3237.96","Aggregate","226509.93","226509.94","1","64","1","3231.968","default","2824.4323333333336","413.5276666666664"
"job_19c","no_mergejoin","2979.971","Aggregate","226509.93","226509.94","1","64","1","2974.141","default","2824.4323333333336","155.53866666666636"
"job_19c","no_mergejoin","2994.609","Aggregate","226509.93","226509.94","1","64","1","2988.683","default","2824.4323333333336","170.17666666666628"
"job_19c","no_hashjoin","2868.048","Aggregate","228243.01","228243.02","1","64","1","2859.864","default","2824.4323333333336","43.61566666666613"
"job_19c","no_hashjoin","3196.362","Aggregate","228243.01","228243.02","1","64","1","3186.424","default","2824.4323333333336","371.92966666666644"
"job_19c","no_hashjoin","2978.227","Aggregate","228243.01","228243.02","1","64","1","2968.945","default","2824.4323333333336","153.79466666666622"
"job_15a","no_mergejoin","393.901","Aggregate","45996.71","45996.72","1","64","1","393.782","no_mergejoin","384.59933333333333","9.301666666666677"
"job_15a","no_mergejoin","391.816","Aggregate","45996.71","45996.72","1","64","1","391.719","no_mergejoin","384.59933333333333","7.21666666666664"
"job_15a","no_mergejoin","368.081","Aggregate","45996.71","45996.72","1","64","1","367.985","no_mergejoin","384.59933333333333","-16.518333333333317"
"job_15a","no_hashjoin","497.065","Aggregate","48652.16","48652.17","1","64","1","496.961","no_mergejoin","384.59933333333333","112.46566666666666"
"job_15a","no_hashjoin","498.5","Aggregate","48652.16","48652.17","1","64","1","498.394","no_mergejoin","384.59933333333333","113.90066666666667"
"job_15a","no_hashjoin","439.731","Aggregate","48652.16","48652.17","1","64","1","439.453","no_mergejoin","384.59933333333333","55.13166666666666"
"job_15a","no_nestloop","1807.778","Aggregate","408226.3","408226.31","1","64","1","1799.145","no_mergejoin","384.59933333333333","1423.1786666666667"
"job_15a","no_nestloop","1901.439","Aggregate","408226.3","408226.31","1","64","1","1892.468","no_mergejoin","384.59933333333333","1516.8396666666667"
"job_15a","no_nestloop","1788.822","Aggregate","408226.3","408226.31","1","64","1","1780.251","no_mergejoin","384.59933333333333","1404.2226666666666"
"job_15a","default","456.411","Aggregate","45996.71","45996.72","1","64","1","456.287","no_mergejoin","384.59933333333333","71.81166666666667"
"job_15a","default","494.984","Aggregate","45996.71","45996.72","1","64","1","494.822","no_mergejoin","384.59933333333333","110.38466666666665"
"job_15a","default","519.183","Aggregate","45996.71","45996.72","1","64","1","519.029","no_mergejoin","384.59933333333333","134.58366666666666"
"job_27b","no_mergejoin","11.862","Aggregate","2640.42","2640.43","1","96","1","11.737","no_mergejoin","12.135333333333334","-0.27333333333333343"
"job_6e","no_mergejoin","17.749","Aggregate","4115.03","4115.04","1","96","1","17.695","no_mergejoin","17.564","0.18499999999999872"
"job_27b","no_mergejoin","13.098","Aggregate","2640.42","2640.43","1","96","1","12.963","no_mergejoin","12.135333333333334","0.9626666666666672"
"job_27b","no_mergejoin","11.446","Aggregate","2640.42","2640.43","1","96","1","11.311","no_mergejoin","12.135333333333334","-0.6893333333333338"
"job_27b","default","22.824","Aggregate","1331.67","1331.68","1","96","1","22.631","no_mergejoin","12.135333333333334","10.688666666666668"
"job_27b","default","12.95","Aggregate","1331.67","1331.68","1","96","1","12.815","no_mergejoin","12.135333333333334","0.8146666666666658"
"job_17c","no_hashjoin","6646.837","Aggregate","4380.85","4380.86","1","64","1","6646.746","no_nestloop","5208.902999999999","1437.934000000001"
"job_6e","no_mergejoin","16.915","Aggregate","4115.03","4115.04","1","96","1","16.86","no_mergejoin","17.564","-0.6490000000000009"
"job_27b","default","13.491","Aggregate","1331.67","1331.68","1","96","1","13.338","no_mergejoin","12.135333333333334","1.3556666666666661"
"job_27b","no_hashjoin","30.311","Aggregate","2098.22","2098.23","1","96","1","30.184","no_mergejoin","12.135333333333334","18.175666666666665"
"job_27b","no_hashjoin","34.791","Aggregate","2098.22","2098.23","1","96","1","34.647","no_mergejoin","12.135333333333334","22.65566666666666"
"job_27b","no_hashjoin","31.231","Aggregate","2098.22","2098.23","1","96","1","31.107","no_mergejoin","12.135333333333334","19.095666666666666"
"job_17c","no_hashjoin","5853.621","Aggregate","4380.85","4380.86","1","64","1","5853.559","no_nestloop","5208.902999999999","644.7180000000008"
"job_6e","no_hashjoin","17.546","Aggregate","4115.03","4115.04","1","96","1","17.47","no_mergejoin","17.564","-0.018000000000000682"
"job_27b","no_nestloop","428.922","Aggregate","58436.4","58436.41","1","96","1","428.754","no_mergejoin","12.135333333333334","416.7866666666667"
"job_27b","no_nestloop","610.441","Aggregate","58436.4","58436.41","1","96","1","610.27","no_mergejoin","12.135333333333334","598.3056666666668"
"job_27b","no_nestloop","388.913","Aggregate","58436.4","58436.41","1","96","1","388.759","no_mergejoin","12.135333333333334","376.7776666666667"
"job_17c","no_nestloop","5654.589","Aggregate","661711.96","661711.97","1","64","1","5644.746","no_nestloop","5208.902999999999","445.6860000000006"
"job_17c","no_nestloop","5058.675","Aggregate","661711.96","661711.97","1","64","1","5052.391","no_nestloop","5208.902999999999","-150.22799999999916"
"job_17c","no_nestloop","4913.445","Aggregate","661711.96","661711.97","1","64","1","4906.795","no_nestloop","5208.902999999999","-295.45799999999963"
"job_2c","no_nestloop","533.708","Aggregate","139600","139600.01","1","32","1","530.092","no_mergejoin","497.75533333333334","35.95266666666663"
"job_17c","no_hashjoin","5633.488","Aggregate","4380.85","4380.86","1","64","1","5633.428","no_nestloop","5208.902999999999","424.58500000000095"
"job_17c","no_mergejoin","5891.057","Aggregate","4380.85","4380.86","1","64","1","5890.976","no_nestloop","5208.902999999999","682.1540000000005"
"job_17c","no_mergejoin","5667.409","Aggregate","4380.85","4380.86","1","64","1","5667.332","no_nestloop","5208.902999999999","458.5060000000003"
"job_17c","no_mergejoin","5740.087","Aggregate","4380.85","4380.86","1","64","1","5740.013","no_nestloop","5208.902999999999","531.1840000000011"
"job_17c","default","5665.912","Aggregate","4380.85","4380.86","1","64","1","5665.842","no_nestloop","5208.902999999999","457.0090000000009"
"job_17c","default","6424.224","Aggregate","4380.85","4380.86","1","64","1","6424.149","no_nestloop","5208.902999999999","1215.3210000000008"
"job_17c","default","5669.54","Aggregate","4380.85","4380.86","1","64","1","5669.47","no_nestloop","5208.902999999999","460.6370000000006"
"job_2c","default","499.501","Aggregate","3850.46","3850.47","1","32","1","499.449","no_mergejoin","497.75533333333334","1.7456666666666365"
"job_2c","default","496.647","Aggregate","3850.46","3850.47","1","32","1","496.605","no_mergejoin","497.75533333333334","-1.1083333333333485"
"job_2c","default","504.876","Aggregate","3850.46","3850.47","1","32","1","504.829","no_mergejoin","497.75533333333334","7.1206666666666365"
"job_2c","no_nestloop","605.786","Aggregate","139600","139600.01","1","32","1","600.687","no_mergejoin","497.75533333333334","108.0306666666666"
"job_2c","no_nestloop","638.208","Aggregate","139600","139600.01","1","32","1","634.126","no_mergejoin","497.75533333333334","140.45266666666663"
"job_21a","default","67.145","Aggregate","3770.71","3770.72","1","96","1","67.065","no_mergejoin","67.44633333333333","-0.3013333333333321"
"job_21a","default","72.532","Aggregate","3770.71","3770.72","1","96","1","72.448","no_mergejoin","67.44633333333333","5.085666666666668"
"job_21a","default","68.624","Aggregate","3770.71","3770.72","1","96","1","68.536","no_mergejoin","67.44633333333333","1.177666666666667"
"job_21a","no_hashjoin","68.489","Aggregate","3770.71","3770.72","1","96","1","68.405","no_mergejoin","67.44633333333333","1.0426666666666762"
"job_21a","no_hashjoin","69.445","Aggregate","3770.71","3770.72","1","96","1","69.364","no_mergejoin","67.44633333333333","1.998666666666665"
"job_1a","no_nestloop","738.727","Aggregate","104639.13","104639.14","1","68","1","732.635","no_hashjoin","7.037","731.6899999999999"
"job_21a","no_hashjoin","67.559","Aggregate","3770.71","3770.72","1","96","1","67.428","no_mergejoin","67.44633333333333","0.11266666666666936"
"job_21a","no_mergejoin","66.63","Aggregate","3770.71","3770.72","1","96","1","66.555","no_mergejoin","67.44633333333333","-0.8163333333333327"
"job_21a","no_mergejoin","66.47","Aggregate","3770.71","3770.72","1","96","1","66.401","no_mergejoin","67.44633333333333","-0.9763333333333293"
"job_21a","no_mergejoin","69.239","Aggregate","3770.71","3770.72","1","96","1","69.159","no_mergejoin","67.44633333333333","1.7926666666666762"
"job_21a","no_nestloop","459.067","Aggregate","59939.13","59939.14","1","96","1","458.968","no_mergejoin","67.44633333333333","391.6206666666667"
"job_1a","default","208.841","Aggregate","19541.81","19541.82","1","68","1","208.774","no_hashjoin","7.037","201.804"
"job_21a","no_nestloop","421.572","Aggregate","59939.13","59939.14","1","96","1","421.476","no_mergejoin","67.44633333333333","354.1256666666667"
"job_21a","no_nestloop","444.681","Aggregate","59939.13","59939.14","1","96","1","444.592","no_mergejoin","67.44633333333333","377.23466666666667"
"job_26b","default","168.783","Aggregate","7459.49","7459.5","1","96","1","168.683","no_hashjoin","136.067","32.71599999999998"
"job_26b","default","171.483","Aggregate","7459.49","7459.5","1","96","1","171.354","no_hashjoin","136.067","35.416"
"job_26b","default","180.202","Aggregate","7459.49","7459.5","1","96","1","180.053","no_hashjoin","136.067","44.13499999999999"
"job_6e","no_mergejoin","18.028","Aggregate","4115.03","4115.04","1","96","1","17.943","no_mergejoin","17.564","0.46399999999999864"
"job_26b","no_nestloop","7327.632","Aggregate","705480.96","705480.97","1","96","1","7317.8","no_hashjoin","136.067","7191.565"
"job_26b","no_nestloop","6434.994","Aggregate","705480.96","705480.97","1","96","1","6425.201","no_hashjoin","136.067","6298.927"
"job_26b","no_nestloop","6657.393","Aggregate","705480.96","705480.97","1","96","1","6647.594","no_hashjoin","136.067","6521.326"
"job_26b","no_hashjoin","138.015","Aggregate","7459.49","7459.5","1","96","1","137.867","no_hashjoin","136.067","1.947999999999979"
"job_26b","no_hashjoin","137.192","Aggregate","7459.49","7459.5","1","96","1","137.079","no_hashjoin","136.067","1.125"
"job_26b","no_hashjoin","132.994","Aggregate","7459.49","7459.5","1","96","1","132.894","no_hashjoin","136.067","-3.0730000000000075"
"job_26b","no_mergejoin","297.84","Aggregate","7459.49","7459.5","1","96","1","297.689","no_hashjoin","136.067","161.77299999999997"
"job_26b","no_mergejoin","182.977","Aggregate","7459.49","7459.5","1","96","1","182.85","no_hashjoin","136.067","46.91"
"job_26b","no_mergejoin","177.788","Aggregate","7459.49","7459.5","1","96","1","177.677","no_hashjoin","136.067","41.721000000000004"
"job_1a","no_nestloop","706.982","Aggregate","104639.13","104639.14","1","68","1","701.585","no_hashjoin","7.037","699.9449999999999"
"job_1a","no_nestloop","823.268","Aggregate","104639.13","104639.14","1","68","1","818.37","no_hashjoin","7.037","816.231"
"job_1a","default","177.955","Aggregate","19541.81","19541.82","1","68","1","177.886","no_hashjoin","7.037","170.918"
"job_1a","default","182.65","Aggregate","19541.81","19541.82","1","68","1","182.578","no_hashjoin","7.037","175.613"
"job_1a","no_mergejoin","178.929","Aggregate","19541.81","19541.82","1","68","1","178.863","no_hashjoin","7.037","171.892"
"job_1a","no_mergejoin","169.406","Aggregate","19541.81","19541.82","1","68","1","169.34","no_hashjoin","7.037","162.369"
"job_1a","no_mergejoin","185.453","Aggregate","19541.81","19541.82","1","68","1","185.389","no_hashjoin","7.037","178.416"
"job_1a","no_hashjoin","6.778","Aggregate","30063","30063.01","1","68","1","6.729","no_hashjoin","7.037","-0.25900000000000034"
"job_1a","no_hashjoin","6.828","Aggregate","30063","30063.01","1","68","1","6.773","no_hashjoin","7.037","-0.20899999999999963"
"job_1a","no_hashjoin","7.505","Aggregate","30063","30063.01","1","68","1","7.443","no_hashjoin","7.037","0.46799999999999997"
"job_6e","no_nestloop","5569.046","Aggregate","623930.4","623930.41","1","96","1","5562.6","no_mergejoin","17.564","5551.482"
"job_6e","no_nestloop","6664.77","Aggregate","623930.4","623930.41","1","96","1","6649.771","no_mergejoin","17.564","6647.206"
"job_6e","no_nestloop","4851.998","Aggregate","623930.4","623930.41","1","96","1","4838.449","no_mergejoin","17.564","4834.433999999999"
"job_6e","no_hashjoin","18.892","Aggregate","4115.03","4115.04","1","96","1","18.781","no_mergejoin","17.564","1.3279999999999994"
"job_6e","no_hashjoin","17.176","Aggregate","4115.03","4115.04","1","96","1","17.122","no_mergejoin","17.564","-0.3880000000000017"
"job_6e","default","18.404","Aggregate","4115.03","4115.04","1","96","1","18.351","no_mergejoin","17.564","0.8399999999999999"
"job_6e","default","17.261","Aggregate","4115.03","4115.04","1","96","1","17.209","no_mergejoin","17.564","-0.3030000000000008"
"job_6e","default","18.341","Aggregate","4115.03","4115.04","1","96","1","18.287","no_mergejoin","17.564","0.777000000000001"
"job_22d","no_hashjoin","741.003","Aggregate","7461.78","7461.79","1","96","1","740.91","no_mergejoin","732.9900000000001","8.01299999999992"
"job_22d","no_hashjoin","771.185","Aggregate","7461.78","7461.79","1","96","1","771.086","no_mergejoin","732.9900000000001","38.19499999999982"
"job_22d","no_hashjoin","930.573","Aggregate","7461.78","7461.79","1","96","1","930.469","no_mergejoin","732.9900000000001","197.58299999999986"
"job_22d","no_nestloop","5037.34","Aggregate","460258.87","460258.88","1","96","1","5025.432","no_mergejoin","732.9900000000001","4304.35"
"job_22d","no_nestloop","5666.63","Aggregate","460258.87","460258.88","1","96","1","5655.152","no_mergejoin","732.9900000000001","4933.64"
"job_22d","no_nestloop","4168.614","Aggregate","460258.87","460258.88","1","96","1","4154.899","no_mergejoin","732.9900000000001","3435.6239999999993"
"job_22d","default","762.716","Aggregate","7461.78","7461.79","1","96","1","762.621","no_mergejoin","732.9900000000001","29.725999999999885"
"job_18c","no_mergejoin","4347.899","Aggregate","72247.87","72247.88","1","96","1","4347.816","no_hashjoin","4374.579000000001","-26.68000000000029"
"job_22d","default","739.185","Aggregate","7461.78","7461.79","1","96","1","739.09","no_mergejoin","732.9900000000001","6.194999999999823"
"job_22d","default","737.658","Aggregate","7461.78","7461.79","1","96","1","737.491","no_mergejoin","732.9900000000001","4.667999999999893"
"job_22d","no_mergejoin","732.421","Aggregate","7461.78","7461.79","1","96","1","732.278","no_mergejoin","732.9900000000001","-0.5690000000000737"
"job_22d","no_mergejoin","732.116","Aggregate","7461.78","7461.79","1","96","1","731.997","no_mergejoin","732.9900000000001","-0.8740000000001373"
"job_18c","default","4526.839","Aggregate","72247.87","72247.88","1","96","1","4526.747","no_hashjoin","4374.579000000001","152.2599999999993"
"job_22d","no_mergejoin","734.433","Aggregate","7461.78","7461.79","1","96","1","734.315","no_mergejoin","732.9900000000001","1.44299999999987"
"job_26c","no_hashjoin","3700.27","Aggregate","14846.96","14846.97","1","96","1","3700.166","no_hashjoin","3258.7496666666666","441.5203333333334"
"job_26c","no_hashjoin","3081.167","Aggregate","14846.96","14846.97","1","96","1","3081.053","no_hashjoin","3258.7496666666666","-177.58266666666668"
"job_26c","no_hashjoin","2994.812","Aggregate","14846.96","14846.97","1","96","1","2994.707","no_hashjoin","3258.7496666666666","-263.9376666666667"
"job_18c","default","4716.519","Aggregate","72247.87","72247.88","1","96","1","4716.448","no_hashjoin","4374.579000000001","341.9399999999996"
"job_26c","default","4294.686","Aggregate","14764.11","14764.12","1","96","1","4294.562","no_hashjoin","3258.7496666666666","1035.936333333333"
"job_26c","default","4268.472","Aggregate","14764.11","14764.12","1","96","1","4268.375","no_hashjoin","3258.7496666666666","1009.7223333333332"
"job_26c","default","4655.062","Aggregate","14764.11","14764.12","1","96","1","4654.967","no_hashjoin","3258.7496666666666","1396.3123333333333"
"job_26c","no_nestloop","8706.597","Aggregate","709732.42","709732.43","1","96","1","8693.831","no_hashjoin","3258.7496666666666","5447.847333333333"
"job_18c","default","4308.697","Aggregate","72247.87","72247.88","1","96","1","4308.627","no_hashjoin","4374.579000000001","-65.88200000000052"
"job_26c","no_nestloop","7858.083","Aggregate","709732.42","709732.43","1","96","1","7849.053","no_hashjoin","3258.7496666666666","4599.333333333333"
"job_26c","no_nestloop","9989.108","Aggregate","709732.42","709732.43","1","96","1","9977.676","no_hashjoin","3258.7496666666666","6730.358333333334"
"job_26c","no_mergejoin","13726.86","Aggregate","14729.32","14729.33","1","96","1","13726.768","no_hashjoin","3258.7496666666666","10468.110333333334"
"job_26c","no_mergejoin","14136.508","Aggregate","14729.32","14729.33","1","96","1","14136.4","no_hashjoin","3258.7496666666666","10877.758333333333"
"job_18c","no_nestloop","5285.364","Aggregate","917396.76","917396.77","1","96","1","5277.023","no_hashjoin","4374.579000000001","910.784999999999"
"job_26c","no_mergejoin","14517.345","Aggregate","14729.32","14729.33","1","96","1","14517.23","no_hashjoin","3258.7496666666666","11258.595333333333"
"job_27c","default","49.934","Aggregate","3516.48","3516.49","1","96","1","49.828","no_hashjoin","31.92566666666666","18.008333333333336"
"job_27c","default","47.757","Aggregate","3516.48","3516.49","1","96","1","47.669","no_hashjoin","31.92566666666666","15.831333333333337"
"job_27c","default","45.659","Aggregate","3516.48","3516.49","1","96","1","45.563","no_hashjoin","31.92566666666666","13.733333333333338"
"job_6b","no_hashjoin","169.025","Aggregate","12397.7","12397.71","1","96","1","168.978","no_hashjoin","174.28233333333333","-5.257333333333321"
"job_27c","no_hashjoin","31.455","Aggregate","2825.04","2825.05","1","96","1","31.371","no_hashjoin","31.92566666666666","-0.4706666666666628"
"job_27c","no_hashjoin","33.061","Aggregate","2825.04","2825.05","1","96","1","32.971","no_hashjoin","31.92566666666666","1.1353333333333389"
"job_27c","no_hashjoin","31.261","Aggregate","2825.04","2825.05","1","96","1","31.152","no_hashjoin","31.92566666666666","-0.6646666666666619"
"job_27c","no_mergejoin","122.109","Aggregate","3774.05","3774.06","1","96","1","122.014","no_hashjoin","31.92566666666666","90.18333333333334"
"job_6b","no_hashjoin","180.926","Aggregate","12397.7","12397.71","1","96","1","180.856","no_hashjoin","174.28233333333333","6.643666666666661"
"job_27c","no_mergejoin","123.382","Aggregate","3774.05","3774.06","1","96","1","123.274","no_hashjoin","31.92566666666666","91.45633333333335"
"job_27c","no_mergejoin","126.377","Aggregate","3774.05","3774.06","1","96","1","126.279","no_hashjoin","31.92566666666666","94.45133333333334"
"job_27c","no_nestloop","374.59","Aggregate","60888.07","60888.08","1","96","1","374.472","no_hashjoin","31.92566666666666","342.66433333333333"
"job_27c","no_nestloop","392.618","Aggregate","60888.07","60888.08","1","96","1","392.488","no_hashjoin","31.92566666666666","360.69233333333335"
"job_6b","default","177.313","Aggregate","12397.7","12397.71","1","96","1","177.26","no_hashjoin","174.28233333333333","3.0306666666666615"
"job_27c","no_nestloop","379.733","Aggregate","60888.07","60888.08","1","96","1","379.62","no_hashjoin","31.92566666666666","347.80733333333336"
"job_18c","no_hashjoin","4602.328","Aggregate","115414.06","115414.07","1","96","1","4593.178","no_hashjoin","4374.579000000001","227.7489999999998"
"job_18c","no_hashjoin","4129.713","Aggregate","115414.06","115414.07","1","96","1","4122.308","no_hashjoin","4374.579000000001","-244.8660000000009"
"job_18c","no_hashjoin","4391.696","Aggregate","115414.06","115414.07","1","96","1","4384.21","no_hashjoin","4374.579000000001","17.11699999999928"
"job_18c","no_mergejoin","4592.92","Aggregate","72247.87","72247.88","1","96","1","4592.821","no_hashjoin","4374.579000000001","218.34099999999944"
"job_18c","no_mergejoin","4482.632","Aggregate","72247.87","72247.88","1","96","1","4482.52","no_hashjoin","4374.579000000001","108.05299999999897"
"job_18c","no_nestloop","6134.585","Aggregate","917396.76","917396.77","1","96","1","6124.746","no_hashjoin","4374.579000000001","1760.0059999999994"
"job_18c","no_nestloop","4969.713","Aggregate","917396.76","917396.77","1","96","1","4962.751","no_hashjoin","4374.579000000001","595.1339999999991"
"job_11c","no_hashjoin","165.902","Aggregate","6220.98","6220.99","1","96","1","165.838","no_hashjoin","166.88633333333334","-0.9843333333333533"
"job_11c","no_hashjoin","163.141","Aggregate","6220.98","6220.99","1","96","1","163.075","no_hashjoin","166.88633333333334","-3.745333333333349"
"job_11c","no_hashjoin","171.616","Aggregate","6220.98","6220.99","1","96","1","171.537","no_hashjoin","166.88633333333334","4.729666666666674"
"job_11c","no_mergejoin","173.897","Aggregate","6220.98","6220.99","1","96","1","173.782","no_hashjoin","166.88633333333334","7.010666666666651"
"job_11c","no_mergejoin","167.643","Aggregate","6220.98","6220.99","1","96","1","167.551","no_hashjoin","166.88633333333334","0.7566666666666606"
"job_11c","no_mergejoin","165.09","Aggregate","6220.98","6220.99","1","96","1","165.025","no_hashjoin","166.88633333333334","-1.7963333333333367"
"job_11c","no_nestloop","431.032","Aggregate","25819","25819.01","1","96","1","430.951","no_hashjoin","166.88633333333334","264.14566666666667"
"job_11c","no_nestloop","465.022","Aggregate","25819","25819.01","1","96","1","464.937","no_hashjoin","166.88633333333334","298.1356666666667"
"job_11c","no_nestloop","463.13","Aggregate","25819","25819.01","1","96","1","463.018","no_hashjoin","166.88633333333334","296.2436666666666"
"job_11c","default","178.885","Aggregate","6220.98","6220.99","1","96","1","178.789","no_hashjoin","166.88633333333334","11.99866666666665"
"job_11c","default","164.678","Aggregate","6220.98","6220.99","1","96","1","164.595","no_hashjoin","166.88633333333334","-2.208333333333343"
"job_11c","default","165.421","Aggregate","6220.98","6220.99","1","96","1","165.355","no_hashjoin","166.88633333333334","-1.4653333333333478"
"job_23b","no_mergejoin","46.087","Aggregate","7458.92","7458.93","1","64","1","45.989","no_mergejoin","46.48133333333334","-0.39433333333333564"
"job_23b","no_mergejoin","46.931","Aggregate","7458.92","7458.93","1","64","1","46.838","no_mergejoin","46.48133333333334","0.44966666666665844"
"job_23b","no_mergejoin","46.426","Aggregate","7458.92","7458.93","1","64","1","46.315","no_mergejoin","46.48133333333334","-0.05533333333333701"
"job_23b","no_nestloop","2338.455","Aggregate","400141.33","400141.34","1","64","1","2323.557","no_mergejoin","46.48133333333334","2291.9736666666668"
"job_23b","no_nestloop","2194.767","Aggregate","400141.33","400141.34","1","64","1","2176.437","no_mergejoin","46.48133333333334","2148.2856666666667"
"job_6b","default","174.976","Aggregate","12397.7","12397.71","1","96","1","174.913","no_hashjoin","174.28233333333333","0.6936666666666724"
"job_6b","default","172.494","Aggregate","12397.7","12397.71","1","96","1","172.44","no_hashjoin","174.28233333333333","-1.788333333333327"
"job_23b","no_nestloop","2140.77","Aggregate","400141.33","400141.34","1","64","1","2117.35","no_mergejoin","46.48133333333334","2094.288666666667"
"job_23b","default","47.429","Aggregate","7458.92","7458.93","1","64","1","47.331","no_mergejoin","46.48133333333334","0.9476666666666631"
"job_23b","default","47.345","Aggregate","7458.92","7458.93","1","64","1","47.25","no_mergejoin","46.48133333333334","0.8636666666666599"
"job_23b","default","48.778","Aggregate","7458.92","7458.93","1","64","1","48.676","no_mergejoin","46.48133333333334","2.2966666666666598"
"job_23b","no_hashjoin","46.092","Aggregate","7458.92","7458.93","1","64","1","46.006","no_mergejoin","46.48133333333334","-0.3893333333333402"
"job_8d","no_nestloop","7916.327","Aggregate","786890.97","786890.98","1","64","1","7907.492","default","3509.9433333333327","4406.3836666666675"
"job_23b","no_hashjoin","47.641","Aggregate","7458.92","7458.93","1","64","1","47.519","no_mergejoin","46.48133333333334","1.1596666666666593"
"job_23b","no_hashjoin","47.408","Aggregate","7458.92","7458.93","1","64","1","47.289","no_mergejoin","46.48133333333334","0.9266666666666623"
"job_6b","no_nestloop","4517.14","Aggregate","622762.23","622762.24","1","96","1","4511.873","no_hashjoin","174.28233333333333","4342.857666666667"
"job_6b","no_nestloop","4898","Aggregate","622762.23","622762.24","1","96","1","4893.146","no_hashjoin","174.28233333333333","4723.717666666666"
"job_6b","no_nestloop","4412.431","Aggregate","622762.23","622762.24","1","96","1","4406.952","no_hashjoin","174.28233333333333","4238.148666666666"
"job_6b","no_mergejoin","202.615","Aggregate","12397.7","12397.71","1","96","1","202.407","no_hashjoin","174.28233333333333","28.332666666666682"
"job_6b","no_mergejoin","179.829","Aggregate","12397.7","12397.71","1","96","1","179.783","no_hashjoin","174.28233333333333","5.546666666666681"
"job_6b","no_mergejoin","178.108","Aggregate","12397.7","12397.71","1","96","1","178.057","no_hashjoin","174.28233333333333","3.8256666666666774"
"job_6b","no_hashjoin","172.896","Aggregate","12397.7","12397.71","1","96","1","172.849","no_hashjoin","174.28233333333333","-1.38633333333334"
"job_22b","no_mergejoin","203.025","Aggregate","7456.22","7456.23","1","96","1","202.89","no_mergejoin","203.01366666666664","0.0113333333333685"
"job_22b","no_mergejoin","209.865","Aggregate","7456.22","7456.23","1","96","1","209.769","no_mergejoin","203.01366666666664","6.851333333333372"
"job_22b","no_mergejoin","196.151","Aggregate","7456.22","7456.23","1","96","1","196.052","no_mergejoin","203.01366666666664","-6.862666666666627"
"job_22b","no_nestloop","2344.324","Aggregate","414517.62","414517.63","1","96","1","2334.8","no_mergejoin","203.01366666666664","2141.3103333333333"
"job_22b","no_nestloop","2335.941","Aggregate","414517.62","414517.63","1","96","1","2324.304","no_mergejoin","203.01366666666664","2132.927333333333"
"job_22b","no_nestloop","2439.231","Aggregate","414517.62","414517.63","1","96","1","2426.872","no_mergejoin","203.01366666666664","2236.2173333333335"
"job_22b","default","197.433","Aggregate","7456.22","7456.23","1","96","1","197.342","no_mergejoin","203.01366666666664","-5.5806666666666445"
"job_22b","default","199.203","Aggregate","7456.22","7456.23","1","96","1","199.098","no_mergejoin","203.01366666666664","-3.8106666666666342"
"job_22b","default","221.675","Aggregate","7456.22","7456.23","1","96","1","221.557","no_mergejoin","203.01366666666664","18.661333333333374"
"job_22b","no_hashjoin","228.33","Aggregate","7456.22","7456.23","1","96","1","228.203","no_mergejoin","203.01366666666664","25.316333333333375"
"job_22b","no_hashjoin","200.147","Aggregate","7456.22","7456.23","1","96","1","200.016","no_mergejoin","203.01366666666664","-2.866666666666646"
"job_22b","no_hashjoin","206.311","Aggregate","7456.22","7456.23","1","96","1","206.187","no_mergejoin","203.01366666666664","3.29733333333337"
"job_8d","default","3587.613","Aggregate","527971.17","527971.18","1","64","1","3580.838","default","3509.9433333333327","77.66966666666713"
"job_8d","default","3301.785","Aggregate","527971.17","527971.18","1","64","1","3296.465","default","3509.9433333333327","-208.15833333333285"
"job_8d","default","3640.432","Aggregate","527971.17","527971.18","1","64","1","3634.087","default","3509.9433333333327","130.4886666666671"
"job_8d","no_hashjoin","7290.364","Aggregate","1264733.26","1264733.27","1","64","1","7281.052","default","3509.9433333333327","3780.420666666667"
"job_8d","no_hashjoin","6571.77","Aggregate","1264733.26","1264733.27","1","64","1","6562.371","default","3509.9433333333327","3061.8266666666677"
"job_8d","no_hashjoin","6143.41","Aggregate","1264733.26","1264733.27","1","64","1","6134.107","default","3509.9433333333327","2633.466666666667"
"job_8d","no_nestloop","8486.556","Aggregate","786890.97","786890.98","1","64","1","8479.443","default","3509.9433333333327","4976.612666666668"
"job_8d","no_nestloop","8117.51","Aggregate","786890.97","786890.98","1","64","1","8110.965","default","3509.9433333333327","4607.5666666666675"
"job_8d","no_mergejoin","3478.583","Aggregate","527971.17","527971.18","1","64","1","3471.136","default","3509.9433333333327","-31.36033333333262"
"job_8d","no_mergejoin","3641.331","Aggregate","527971.17","527971.18","1","64","1","3635.467","default","3509.9433333333327","131.38766666666743"
"job_8d","no_mergejoin","3665.678","Aggregate","527971.17","527971.18","1","64","1","3659.267","default","3509.9433333333327","155.73466666666718"
