query_id,arm,repeat,execution_time_ms,planning_time_ms,wall_time_ms,root_total_cost,root_plan_rows,root_plan_width,hash_join_count,merge_join_count,nested_loop_count,seq_scan_count,index_scan_count,total_node_count,max_depth,status,error_message,plan_json
q0,default,1,,,,,,,,,,,,,,error,"relation ""char_name"" does not exist
LINE 3: FROM char_name AS chn,
             ^
",
q0,no_hashjoin,1,,,,,,,,,,,,,,error,"relation ""char_name"" does not exist
LINE 3: FROM char_name AS chn,
             ^
",
q0,no_mergejoin,1,,,,,,,,,,,,,,error,"relation ""char_name"" does not exist
LINE 3: FROM char_name AS chn,
             ^
",
q0,no_nestloop,1,,,,,,,,,,,,,,error,"relation ""char_name"" does not exist
LINE 3: FROM char_name AS chn,
             ^
",
q1,default,1,,,,,,,,,,,,,,error,"relation ""char_name"" does not exist
LINE 3: FROM char_name AS chn,
             ^
",
q1,no_hashjoin,1,,,,,,,,,,,,,,error,"relation ""char_name"" does not exist
LINE 3: FROM char_name AS chn,
             ^
",
q1,no_mergejoin,1,,,,,,,,,,,,,,error,"relation ""char_name"" does not exist
LINE 3: FROM char_name AS chn,
             ^
",
q1,no_nestloop,1,,,,,,,,,,,,,,error,"relation ""char_name"" does not exist
LINE 3: FROM char_name AS chn,
             ^
",
q10,default,1,,,,,,,,,,,,,,error,"relation ""char_name"" does not exist
LINE 3: FROM char_name AS chn,
             ^
",
q10,no_hashjoin,1,,,,,,,,,,,,,,error,"relation ""char_name"" does not exist
LINE 3: FROM char_name AS chn,
             ^
",
q10,no_mergejoin,1,,,,,,,,,,,,,,error,"relation ""char_name"" does not exist
LINE 3: FROM char_name AS chn,
             ^
",
q10,no_nestloop,1,,,,,,,,,,,,,,error,"relation ""char_name"" does not exist
LINE 3: FROM char_name AS chn,
             ^
",
q100,default,1,,,,,,,,,,,,,,error,"relation ""company_name"" does not exist
LINE 4: FROM company_name AS cn,
             ^
",
q100,no_hashjoin,1,,,,,,,,,,,,,,error,"relation ""company_name"" does not exist
LINE 4: FROM company_name AS cn,
             ^
",
q100,no_mergejoin,1,,,,,,,,,,,,,,error,"relation ""company_name"" does not exist
LINE 4: FROM company_name AS cn,
             ^
",
q100,no_nestloop,1,,,,,,,,,,,,,,error,"relation ""company_name"" does not exist
LINE 4: FROM company_name AS cn,
             ^
",
q101,default,1,,,,,,,,,,,,,,error,"relation ""company_name"" does not exist
LINE 4: FROM company_name AS cn,
             ^
",
q101,no_hashjoin,1,,,,,,,,,,,,,,error,"relation ""company_name"" does not exist
LINE 4: FROM company_name AS cn,
             ^
",
q101,no_mergejoin,1,,,,,,,,,,,,,,error,"relation ""company_name"" does not exist
LINE 4: FROM company_name AS cn,
             ^
",
q101,no_nestloop,1,,,,,,,,,,,,,,error,"relation ""company_name"" does not exist
LINE 4: FROM company_name AS cn,
             ^
",
q102,default,1,,,,,,,,,,,,,,error,"relation ""company_name"" does not exist
LINE 4: FROM company_name AS cn,
             ^
",
q102,no_hashjoin,1,,,,,,,,,,,,,,error,"relation ""company_name"" does not exist
LINE 4: FROM company_name AS cn,
             ^
",
q102,no_mergejoin,1,,,,,,,,,,,,,,error,"relation ""company_name"" does not exist
LINE 4: FROM company_name AS cn,
             ^
",
q102,no_nestloop,1,,,,,,,,,,,,,,error,"relation ""company_name"" does not exist
LINE 4: FROM company_name AS cn,
             ^
",
q103,default,1,,,,,,,,,,,,,,error,"relation ""company_name"" does not exist
LINE 4: FROM company_name AS cn,
             ^
",
q103,no_hashjoin,1,,,,,,,,,,,,,,error,"relation ""company_name"" does not exist
LINE 4: FROM company_name AS cn,
             ^
",
q103,no_mergejoin,1,,,,,,,,,,,,,,error,"relation ""company_name"" does not exist
LINE 4: FROM company_name AS cn,
             ^
",
q103,no_nestloop,1,,,,,,,,,,,,,,error,"relation ""company_name"" does not exist
LINE 4: FROM company_name AS cn,
             ^
",
q104,default,1,,,,,,,,,,,,,,error,"relation ""company_name"" does not exist
LINE 4: FROM company_name AS cn,
             ^
",
q104,no_hashjoin,1,,,,,,,,,,,,,,error,"relation ""company_name"" does not exist
LINE 4: FROM company_name AS cn,
             ^
",
q104,no_mergejoin,1,,,,,,,,,,,,,,error,"relation ""company_name"" does not exist
LINE 4: FROM company_name AS cn,
             ^
",
q104,no_nestloop,1,,,,,,,,,,,,,,error,"relation ""company_name"" does not exist
LINE 4: FROM company_name AS cn,
             ^
",
q105,default,1,,,,,,,,,,,,,,error,"relation ""company_name"" does not exist
LINE 4: FROM company_name AS cn,
             ^
",
q105,no_hashjoin,1,,,,,,,,,,,,,,error,"relation ""company_name"" does not exist
LINE 4: FROM company_name AS cn,
             ^
",
q105,no_mergejoin,1,,,,,,,,,,,,,,error,"relation ""company_name"" does not exist
LINE 4: FROM company_name AS cn,
             ^
",
q105,no_nestloop,1,,,,,,,,,,,,,,error,"relation ""company_name"" does not exist
LINE 4: FROM company_name AS cn,
             ^
",
q106,default,1,,,,,,,,,,,,,,error,"relation ""company_name"" does not exist
LINE 4: FROM company_name AS cn,
             ^
",
q106,no_hashjoin,1,,,,,,,,,,,,,,error,"relation ""company_name"" does not exist
LINE 4: FROM company_name AS cn,
             ^
",
q106,no_mergejoin,1,,,,,,,,,,,,,,error,"relation ""company_name"" does not exist
LINE 4: FROM company_name AS cn,
             ^
",
q106,no_nestloop,1,,,,,,,,,,,,,,error,"relation ""company_name"" does not exist
LINE 4: FROM company_name AS cn,
             ^
",
q107,default,1,,,,,,,,,,,,,,error,"relation ""company_name"" does not exist
LINE 4: FROM company_name AS cn,
             ^
",
q107,no_hashjoin,1,,,,,,,,,,,,,,error,"relation ""company_name"" does not exist
LINE 4: FROM company_name AS cn,
             ^
",
q107,no_mergejoin,1,,,,,,,,,,,,,,error,"relation ""company_name"" does not exist
LINE 4: FROM company_name AS cn,
             ^
",
q107,no_nestloop,1,,,,,,,,,,,,,,error,"relation ""company_name"" does not exist
LINE 4: FROM company_name AS cn,
             ^
",
q108,default,1,,,,,,,,,,,,,,error,"relation ""company_name"" does not exist
LINE 4: FROM company_name AS cn,
             ^
",
q108,no_hashjoin,1,,,,,,,,,,,,,,error,"relation ""company_name"" does not exist
LINE 4: FROM company_name AS cn,
             ^
",
q108,no_mergejoin,1,,,,,,,,,,,,,,error,"relation ""company_name"" does not exist
LINE 4: FROM company_name AS cn,
             ^
",
q108,no_nestloop,1,,,,,,,,,,,,,,error,"relation ""company_name"" does not exist
LINE 4: FROM company_name AS cn,
             ^
",
q109,default,1,,,,,,,,,,,,,,error,"relation ""company_name"" does not exist
LINE 4: FROM company_name AS cn,
             ^
",
q109,no_hashjoin,1,,,,,,,,,,,,,,error,"relation ""company_name"" does not exist
LINE 4: FROM company_name AS cn,
             ^
",
q109,no_mergejoin,1,,,,,,,,,,,,,,error,"relation ""company_name"" does not exist
LINE 4: FROM company_name AS cn,
             ^
",
q109,no_nestloop,1,,,,,,,,,,,,,,error,"relation ""company_name"" does not exist
LINE 4: FROM company_name AS cn,
             ^
",
q11,default,1,,,,,,,,,,,,,,error,"relation ""char_name"" does not exist
LINE 3: FROM char_name AS chn,
             ^
",
q11,no_hashjoin,1,,,,,,,,,,,,,,error,"relation ""char_name"" does not exist
LINE 3: FROM char_name AS chn,
             ^
",
q11,no_mergejoin,1,,,,,,,,,,,,,,error,"relation ""char_name"" does not exist
LINE 3: FROM char_name AS chn,
             ^
",
q11,no_nestloop,1,,,,,,,,,,,,,,error,"relation ""char_name"" does not exist
LINE 3: FROM char_name AS chn,
             ^
",
q110,default,1,,,,,,,,,,,,,,error,"relation ""company_name"" does not exist
LINE 4: FROM company_name AS cn,
             ^
",
q110,no_hashjoin,1,,,,,,,,,,,,,,error,"relation ""company_name"" does not exist
LINE 4: FROM company_name AS cn,
             ^
",
q110,no_mergejoin,1,,,,,,,,,,,,,,error,"relation ""company_name"" does not exist
LINE 4: FROM company_name AS cn,
             ^
",
q110,no_nestloop,1,,,,,,,,,,,,,,error,"relation ""company_name"" does not exist
LINE 4: FROM company_name AS cn,
             ^
",
q111,default,1,,,,,,,,,,,,,,error,"relation ""company_name"" does not exist
LINE 4: FROM company_name AS cn,
             ^
",
q111,no_hashjoin,1,,,,,,,,,,,,,,error,"relation ""company_name"" does not exist
LINE 4: FROM company_name AS cn,
             ^
",
q111,no_mergejoin,1,,,,,,,,,,,,,,error,"relation ""company_name"" does not exist
LINE 4: FROM company_name AS cn,
             ^
",
q111,no_nestloop,1,,,,,,,,,,,,,,error,"relation ""company_name"" does not exist
LINE 4: FROM company_name AS cn,
             ^
",
q112,default,1,,,,,,,,,,,,,,error,"relation ""info_type"" does not exist
LINE 3: FROM info_type AS it1,
             ^
",
q112,no_hashjoin,1,,,,,,,,,,,,,,error,"relation ""info_type"" does not exist
LINE 3: FROM info_type AS it1,
             ^
",
q112,no_mergejoin,1,,,,,,,,,,,,,,error,"relation ""info_type"" does not exist
LINE 3: FROM info_type AS it1,
             ^
",
q112,no_nestloop,1,,,,,,,,,,,,,,error,"relation ""info_type"" does not exist
LINE 3: FROM info_type AS it1,
             ^
",
q113,default,1,,,,,,,,,,,,,,error,"relation ""info_type"" does not exist
LINE 3: FROM info_type AS it1,
             ^
",
q113,no_hashjoin,1,,,,,,,,,,,,,,error,"relation ""info_type"" does not exist
LINE 3: FROM info_type AS it1,
             ^
",
q113,no_mergejoin,1,,,,,,,,,,,,,,error,"relation ""info_type"" does not exist
LINE 3: FROM info_type AS it1,
             ^
",
q113,no_nestloop,1,,,,,,,,,,,,,,error,"relation ""info_type"" does not exist
LINE 3: FROM info_type AS it1,
             ^
",
q114,default,1,,,,,,,,,,,,,,error,"relation ""info_type"" does not exist
LINE 3: FROM info_type AS it1,
             ^
",
q114,no_hashjoin,1,,,,,,,,,,,,,,error,"relation ""info_type"" does not exist
LINE 3: FROM info_type AS it1,
             ^
",
q114,no_mergejoin,1,,,,,,,,,,,,,,error,"relation ""info_type"" does not exist
LINE 3: FROM info_type AS it1,
             ^
",
q114,no_nestloop,1,,,,,,,,,,,,,,error,"relation ""info_type"" does not exist
LINE 3: FROM info_type AS it1,
             ^
",
q115,default,1,,,,,,,,,,,,,,error,"relation ""info_type"" does not exist
LINE 3: FROM info_type AS it1,
             ^
",
q115,no_hashjoin,1,,,,,,,,,,,,,,error,"relation ""info_type"" does not exist
LINE 3: FROM info_type AS it1,
             ^
",
q115,no_mergejoin,1,,,,,,,,,,,,,,error,"relation ""info_type"" does not exist
LINE 3: FROM info_type AS it1,
             ^
",
q115,no_nestloop,1,,,,,,,,,,,,,,error,"relation ""info_type"" does not exist
LINE 3: FROM info_type AS it1,
             ^
",
q116,default,1,,,,,,,,,,,,,,error,"relation ""info_type"" does not exist
LINE 3: FROM info_type AS it1,
             ^
",
q116,no_hashjoin,1,,,,,,,,,,,,,,error,"relation ""info_type"" does not exist
LINE 3: FROM info_type AS it1,
             ^
",
q116,no_mergejoin,1,,,,,,,,,,,,,,error,"relation ""info_type"" does not exist
LINE 3: FROM info_type AS it1,
             ^
",
q116,no_nestloop,1,,,,,,,,,,,,,,error,"relation ""info_type"" does not exist
LINE 3: FROM info_type AS it1,
             ^
",
q117,default,1,,,,,,,,,,,,,,error,"relation ""info_type"" does not exist
LINE 3: FROM info_type AS it1,
             ^
",
q117,no_hashjoin,1,,,,,,,,,,,,,,error,"relation ""info_type"" does not exist
LINE 3: FROM info_type AS it1,
             ^
",
q117,no_mergejoin,1,,,,,,,,,,,,,,error,"relation ""info_type"" does not exist
LINE 3: FROM info_type AS it1,
             ^
",
q117,no_nestloop,1,,,,,,,,,,,,,,error,"relation ""info_type"" does not exist
LINE 3: FROM info_type AS it1,
             ^
",
q118,default,1,,,,,,,,,,,,,,error,"relation ""info_type"" does not exist
LINE 3: FROM info_type AS it1,
             ^
",
q118,no_hashjoin,1,,,,,,,,,,,,,,error,"relation ""info_type"" does not exist
LINE 3: FROM info_type AS it1,
             ^
",
q118,no_mergejoin,1,,,,,,,,,,,,,,error,"relation ""info_type"" does not exist
LINE 3: FROM info_type AS it1,
             ^
",
q118,no_nestloop,1,,,,,,,,,,,,,,error,"relation ""info_type"" does not exist
LINE 3: FROM info_type AS it1,
             ^
",
q119,default,1,,,,,,,,,,,,,,error,"relation ""info_type"" does not exist
LINE 3: FROM info_type AS it1,
             ^
",
q119,no_hashjoin,1,,,,,,,,,,,,,,error,"relation ""info_type"" does not exist
LINE 3: FROM info_type AS it1,
             ^
",
q119,no_mergejoin,1,,,,,,,,,,,,,,error,"relation ""info_type"" does not exist
LINE 3: FROM info_type AS it1,
             ^
",
q119,no_nestloop,1,,,,,,,,,,,,,,error,"relation ""info_type"" does not exist
LINE 3: FROM info_type AS it1,
             ^
",
q12,default,1,,,,,,,,,,,,,,error,"relation ""char_name"" does not exist
LINE 3: FROM char_name AS chn,
             ^
",
q12,no_hashjoin,1,,,,,,,,,,,,,,error,"relation ""char_name"" does not exist
LINE 3: FROM char_name AS chn,
             ^
",
q12,no_mergejoin,1,,,,,,,,,,,,,,error,"relation ""char_name"" does not exist
LINE 3: FROM char_name AS chn,
             ^
",
q12,no_nestloop,1,,,,,,,,,,,,,,error,"relation ""char_name"" does not exist
LINE 3: FROM char_name AS chn,
             ^
",
q120,default,1,,,,,,,,,,,,,,error,"relation ""info_type"" does not exist
LINE 3: FROM info_type AS it1,
             ^
",
q120,no_hashjoin,1,,,,,,,,,,,,,,error,"relation ""info_type"" does not exist
LINE 3: FROM info_type AS it1,
             ^
",
q120,no_mergejoin,1,,,,,,,,,,,,,,error,"relation ""info_type"" does not exist
LINE 3: FROM info_type AS it1,
             ^
",
q120,no_nestloop,1,,,,,,,,,,,,,,error,"relation ""info_type"" does not exist
LINE 3: FROM info_type AS it1,
             ^
",
q121,default,1,,,,,,,,,,,,,,error,"relation ""info_type"" does not exist
LINE 3: FROM info_type AS it1,
             ^
",
q121,no_hashjoin,1,,,,,,,,,,,,,,error,"relation ""info_type"" does not exist
LINE 3: FROM info_type AS it1,
             ^
",
q121,no_mergejoin,1,,,,,,,,,,,,,,error,"relation ""info_type"" does not exist
LINE 3: FROM info_type AS it1,
             ^
",
q121,no_nestloop,1,,,,,,,,,,,,,,error,"relation ""info_type"" does not exist
LINE 3: FROM info_type AS it1,
             ^
",
q122,default,1,,,,,,,,,,,,,,error,"relation ""info_type"" does not exist
LINE 3: FROM info_type AS it1,
             ^
",
q122,no_hashjoin,1,,,,,,,,,,,,,,error,"relation ""info_type"" does not exist
LINE 3: FROM info_type AS it1,
             ^
",
q122,no_mergejoin,1,,,,,,,,,,,,,,error,"relation ""info_type"" does not exist
LINE 3: FROM info_type AS it1,
             ^
",
q122,no_nestloop,1,,,,,,,,,,,,,,error,"relation ""info_type"" does not exist
LINE 3: FROM info_type AS it1,
             ^
",
q123,default,1,,,,,,,,,,,,,,error,"relation ""info_type"" does not exist
LINE 3: FROM info_type AS it1,
             ^
",
q123,no_hashjoin,1,,,,,,,,,,,,,,error,"relation ""info_type"" does not exist
LINE 3: FROM info_type AS it1,
             ^
",
q123,no_mergejoin,1,,,,,,,,,,,,,,error,"relation ""info_type"" does not exist
LINE 3: FROM info_type AS it1,
             ^
",
q123,no_nestloop,1,,,,,,,,,,,,,,error,"relation ""info_type"" does not exist
LINE 3: FROM info_type AS it1,
             ^
",
q124,default,1,,,,,,,,,,,,,,error,"relation ""info_type"" does not exist
LINE 3: FROM info_type AS it1,
             ^
",
q124,no_hashjoin,1,,,,,,,,,,,,,,error,"relation ""info_type"" does not exist
LINE 3: FROM info_type AS it1,
             ^
",
q124,no_mergejoin,1,,,,,,,,,,,,,,error,"relation ""info_type"" does not exist
LINE 3: FROM info_type AS it1,
             ^
",
q124,no_nestloop,1,,,,,,,,,,,,,,error,"relation ""info_type"" does not exist
LINE 3: FROM info_type AS it1,
             ^
",
q125,default,1,,,,,,,,,,,,,,error,"relation ""info_type"" does not exist
LINE 3: FROM info_type AS it1,
             ^
",
q125,no_hashjoin,1,,,,,,,,,,,,,,error,"relation ""info_type"" does not exist
LINE 3: FROM info_type AS it1,
             ^
",
q125,no_mergejoin,1,,,,,,,,,,,,,,error,"relation ""info_type"" does not exist
LINE 3: FROM info_type AS it1,
             ^
",
q125,no_nestloop,1,,,,,,,,,,,,,,error,"relation ""info_type"" does not exist
LINE 3: FROM info_type AS it1,
             ^
",
q126,default,1,,,,,,,,,,,,,,error,"relation ""info_type"" does not exist
LINE 3: FROM info_type AS it1,
             ^
",
q126,no_hashjoin,1,,,,,,,,,,,,,,error,"relation ""info_type"" does not exist
LINE 3: FROM info_type AS it1,
             ^
",
q126,no_mergejoin,1,,,,,,,,,,,,,,error,"relation ""info_type"" does not exist
LINE 3: FROM info_type AS it1,
             ^
",
q126,no_nestloop,1,,,,,,,,,,,,,,error,"relation ""info_type"" does not exist
LINE 3: FROM info_type AS it1,
             ^
",
q127,default,1,,,,,,,,,,,,,,error,"relation ""info_type"" does not exist
LINE 3: FROM info_type AS it1,
             ^
",
q127,no_hashjoin,1,,,,,,,,,,,,,,error,"relation ""info_type"" does not exist
LINE 3: FROM info_type AS it1,
             ^
",
q127,no_mergejoin,1,,,,,,,,,,,,,,error,"relation ""info_type"" does not exist
LINE 3: FROM info_type AS it1,
             ^
",
q127,no_nestloop,1,,,,,,,,,,,,,,error,"relation ""info_type"" does not exist
LINE 3: FROM info_type AS it1,
             ^
",
q128,default,1,,,,,,,,,,,,,,error,"relation ""info_type"" does not exist
LINE 3: FROM info_type AS it1,
             ^
",
q128,no_hashjoin,1,,,,,,,,,,,,,,error,"relation ""info_type"" does not exist
LINE 3: FROM info_type AS it1,
             ^
",
q128,no_mergejoin,1,,,,,,,,,,,,,,error,"relation ""info_type"" does not exist
LINE 3: FROM info_type AS it1,
             ^
",
q128,no_nestloop,1,,,,,,,,,,,,,,error,"relation ""info_type"" does not exist
LINE 3: FROM info_type AS it1,
             ^
",
q129,default,1,,,,,,,,,,,,,,error,"relation ""info_type"" does not exist
LINE 3: FROM info_type AS it1,
             ^
",
q129,no_hashjoin,1,,,,,,,,,,,,,,error,"relation ""info_type"" does not exist
LINE 3: FROM info_type AS it1,
             ^
",
q129,no_mergejoin,1,,,,,,,,,,,,,,error,"relation ""info_type"" does not exist
LINE 3: FROM info_type AS it1,
             ^
",
q129,no_nestloop,1,,,,,,,,,,,,,,error,"relation ""info_type"" does not exist
LINE 3: FROM info_type AS it1,
             ^
",
q13,default,1,,,,,,,,,,,,,,error,"relation ""char_name"" does not exist
LINE 3: FROM char_name AS chn,
             ^
",
q13,no_hashjoin,1,,,,,,,,,,,,,,error,"relation ""char_name"" does not exist
LINE 3: FROM char_name AS chn,
             ^
",
q13,no_mergejoin,1,,,,,,,,,,,,,,error,"relation ""char_name"" does not exist
LINE 3: FROM char_name AS chn,
             ^
",
q13,no_nestloop,1,,,,,,,,,,,,,,error,"relation ""char_name"" does not exist
LINE 3: FROM char_name AS chn,
             ^
",
q130,default,1,,,,,,,,,,,,,,error,"relation ""info_type"" does not exist
LINE 3: FROM info_type AS it1,
             ^
",
q130,no_hashjoin,1,,,,,,,,,,,,,,error,"relation ""info_type"" does not exist
LINE 3: FROM info_type AS it1,
             ^
",
q130,no_mergejoin,1,,,,,,,,,,,,,,error,"relation ""info_type"" does not exist
LINE 3: FROM info_type AS it1,
             ^
",
q130,no_nestloop,1,,,,,,,,,,,,,,error,"relation ""info_type"" does not exist
LINE 3: FROM info_type AS it1,
             ^
",
q131,default,1,,,,,,,,,,,,,,error,"relation ""info_type"" does not exist
LINE 3: FROM info_type AS it1,
             ^
",
q131,no_hashjoin,1,,,,,,,,,,,,,,error,"relation ""info_type"" does not exist
LINE 3: FROM info_type AS it1,
             ^
",
q131,no_mergejoin,1,,,,,,,,,,,,,,error,"relation ""info_type"" does not exist
LINE 3: FROM info_type AS it1,
             ^
",
q131,no_nestloop,1,,,,,,,,,,,,,,error,"relation ""info_type"" does not exist
LINE 3: FROM info_type AS it1,
             ^
",
q132,default,1,,,,,,,,,,,,,,error,"relation ""info_type"" does not exist
LINE 3: FROM info_type AS it1,
             ^
",
q132,no_hashjoin,1,,,,,,,,,,,,,,error,"relation ""info_type"" does not exist
LINE 3: FROM info_type AS it1,
             ^
",
q132,no_mergejoin,1,,,,,,,,,,,,,,error,"relation ""info_type"" does not exist
LINE 3: FROM info_type AS it1,
             ^
",
q132,no_nestloop,1,,,,,,,,,,,,,,error,"relation ""info_type"" does not exist
LINE 3: FROM info_type AS it1,
             ^
",
q133,default,1,,,,,,,,,,,,,,error,"relation ""info_type"" does not exist
LINE 3: FROM info_type AS it1,
             ^
",
q133,no_hashjoin,1,,,,,,,,,,,,,,error,"relation ""info_type"" does not exist
LINE 3: FROM info_type AS it1,
             ^
",
q133,no_mergejoin,1,,,,,,,,,,,,,,error,"relation ""info_type"" does not exist
LINE 3: FROM info_type AS it1,
             ^
",
q133,no_nestloop,1,,,,,,,,,,,,,,error,"relation ""info_type"" does not exist
LINE 3: FROM info_type AS it1,
             ^
",
q134,default,1,,,,,,,,,,,,,,error,"relation ""info_type"" does not exist
LINE 3: FROM info_type AS it1,
             ^
",
q134,no_hashjoin,1,,,,,,,,,,,,,,error,"relation ""info_type"" does not exist
LINE 3: FROM info_type AS it1,
             ^
",
q134,no_mergejoin,1,,,,,,,,,,,,,,error,"relation ""info_type"" does not exist
LINE 3: FROM info_type AS it1,
             ^
",
q134,no_nestloop,1,,,,,,,,,,,,,,error,"relation ""info_type"" does not exist
LINE 3: FROM info_type AS it1,
             ^
",
q135,default,1,,,,,,,,,,,,,,error,"relation ""info_type"" does not exist
LINE 3: FROM info_type AS it1,
             ^
",
q135,no_hashjoin,1,,,,,,,,,,,,,,error,"relation ""info_type"" does not exist
LINE 3: FROM info_type AS it1,
             ^
",
q135,no_mergejoin,1,,,,,,,,,,,,,,error,"relation ""info_type"" does not exist
LINE 3: FROM info_type AS it1,
             ^
",
q135,no_nestloop,1,,,,,,,,,,,,,,error,"relation ""info_type"" does not exist
LINE 3: FROM info_type AS it1,
             ^
",
q136,default,1,,,,,,,,,,,,,,error,"relation ""aka_title"" does not exist
LINE 3: FROM aka_title AS at,
             ^
",
q136,no_hashjoin,1,,,,,,,,,,,,,,error,"relation ""aka_title"" does not exist
LINE 3: FROM aka_title AS at,
             ^
",
q136,no_mergejoin,1,,,,,,,,,,,,,,error,"relation ""aka_title"" does not exist
LINE 3: FROM aka_title AS at,
             ^
",
q136,no_nestloop,1,,,,,,,,,,,,,,error,"relation ""aka_title"" does not exist
LINE 3: FROM aka_title AS at,
             ^
",
q137,default,1,,,,,,,,,,,,,,error,"relation ""aka_title"" does not exist
LINE 3: FROM aka_title AS at,
             ^
",
q137,no_hashjoin,1,,,,,,,,,,,,,,error,"relation ""aka_title"" does not exist
LINE 3: FROM aka_title AS at,
             ^
",
q137,no_mergejoin,1,,,,,,,,,,,,,,error,"relation ""aka_title"" does not exist
LINE 3: FROM aka_title AS at,
             ^
",
q137,no_nestloop,1,,,,,,,,,,,,,,error,"relation ""aka_title"" does not exist
LINE 3: FROM aka_title AS at,
             ^
",
q138,default,1,,,,,,,,,,,,,,error,"relation ""aka_title"" does not exist
LINE 3: FROM aka_title AS at,
             ^
",
q138,no_hashjoin,1,,,,,,,,,,,,,,error,"relation ""aka_title"" does not exist
LINE 3: FROM aka_title AS at,
             ^
",
q138,no_mergejoin,1,,,,,,,,,,,,,,error,"relation ""aka_title"" does not exist
LINE 3: FROM aka_title AS at,
             ^
",
q138,no_nestloop,1,,,,,,,,,,,,,,error,"relation ""aka_title"" does not exist
LINE 3: FROM aka_title AS at,
             ^
",
q139,default,1,,,,,,,,,,,,,,error,"relation ""aka_title"" does not exist
LINE 3: FROM aka_title AS at,
             ^
",
q139,no_hashjoin,1,,,,,,,,,,,,,,error,"relation ""aka_title"" does not exist
LINE 3: FROM aka_title AS at,
             ^
",
q139,no_mergejoin,1,,,,,,,,,,,,,,error,"relation ""aka_title"" does not exist
LINE 3: FROM aka_title AS at,
             ^
",
q139,no_nestloop,1,,,,,,,,,,,,,,error,"relation ""aka_title"" does not exist
LINE 3: FROM aka_title AS at,
             ^
",
q14,default,1,,,,,,,,,,,,,,error,"relation ""char_name"" does not exist
LINE 3: FROM char_name AS chn,
             ^
",
q14,no_hashjoin,1,,,,,,,,,,,,,,error,"relation ""char_name"" does not exist
LINE 3: FROM char_name AS chn,
             ^
",
q14,no_mergejoin,1,,,,,,,,,,,,,,error,"relation ""char_name"" does not exist
LINE 3: FROM char_name AS chn,
             ^
",
q14,no_nestloop,1,,,,,,,,,,,,,,error,"relation ""char_name"" does not exist
LINE 3: FROM char_name AS chn,
             ^
",
q140,default,1,,,,,,,,,,,,,,error,"relation ""aka_title"" does not exist
LINE 3: FROM aka_title AS at,
             ^
",
q140,no_hashjoin,1,,,,,,,,,,,,,,error,"relation ""aka_title"" does not exist
LINE 3: FROM aka_title AS at,
             ^
",
q140,no_mergejoin,1,,,,,,,,,,,,,,error,"relation ""aka_title"" does not exist
LINE 3: FROM aka_title AS at,
             ^
",
q140,no_nestloop,1,,,,,,,,,,,,,,error,"relation ""aka_title"" does not exist
LINE 3: FROM aka_title AS at,
             ^
",
q141,default,1,,,,,,,,,,,,,,error,"relation ""aka_title"" does not exist
LINE 3: FROM aka_title AS at,
             ^
",
q141,no_hashjoin,1,,,,,,,,,,,,,,error,"relation ""aka_title"" does not exist
LINE 3: FROM aka_title AS at,
             ^
",
q141,no_mergejoin,1,,,,,,,,,,,,,,error,"relation ""aka_title"" does not exist
LINE 3: FROM aka_title AS at,
             ^
",
q141,no_nestloop,1,,,,,,,,,,,,,,error,"relation ""aka_title"" does not exist
LINE 3: FROM aka_title AS at,
             ^
",
q142,default,1,,,,,,,,,,,,,,error,"relation ""aka_title"" does not exist
LINE 3: FROM aka_title AS at,
             ^
",
q142,no_hashjoin,1,,,,,,,,,,,,,,error,"relation ""aka_title"" does not exist
LINE 3: FROM aka_title AS at,
             ^
",
q142,no_mergejoin,1,,,,,,,,,,,,,,error,"relation ""aka_title"" does not exist
LINE 3: FROM aka_title AS at,
             ^
",
q142,no_nestloop,1,,,,,,,,,,,,,,error,"relation ""aka_title"" does not exist
LINE 3: FROM aka_title AS at,
             ^
",
q143,default,1,,,,,,,,,,,,,,error,"relation ""aka_title"" does not exist
LINE 3: FROM aka_title AS at,
             ^
",
q143,no_hashjoin,1,,,,,,,,,,,,,,error,"relation ""aka_title"" does not exist
LINE 3: FROM aka_title AS at,
             ^
",
q143,no_mergejoin,1,,,,,,,,,,,,,,error,"relation ""aka_title"" does not exist
LINE 3: FROM aka_title AS at,
             ^
",
q143,no_nestloop,1,,,,,,,,,,,,,,error,"relation ""aka_title"" does not exist
LINE 3: FROM aka_title AS at,
             ^
",
q144,default,1,,,,,,,,,,,,,,error,"relation ""aka_title"" does not exist
LINE 3: FROM aka_title AS at,
             ^
",
q144,no_hashjoin,1,,,,,,,,,,,,,,error,"relation ""aka_title"" does not exist
LINE 3: FROM aka_title AS at,
             ^
",
q144,no_mergejoin,1,,,,,,,,,,,,,,error,"relation ""aka_title"" does not exist
LINE 3: FROM aka_title AS at,
             ^
",
q144,no_nestloop,1,,,,,,,,,,,,,,error,"relation ""aka_title"" does not exist
LINE 3: FROM aka_title AS at,
             ^
",
q145,default,1,,,,,,,,,,,,,,error,"relation ""aka_title"" does not exist
LINE 3: FROM aka_title AS at,
             ^
",
q145,no_hashjoin,1,,,,,,,,,,,,,,error,"relation ""aka_title"" does not exist
LINE 3: FROM aka_title AS at,
             ^
",
q145,no_mergejoin,1,,,,,,,,,,,,,,error,"relation ""aka_title"" does not exist
LINE 3: FROM aka_title AS at,
             ^
",
q145,no_nestloop,1,,,,,,,,,,,,,,error,"relation ""aka_title"" does not exist
LINE 3: FROM aka_title AS at,
             ^
",
q146,default,1,,,,,,,,,,,,,,error,"relation ""aka_title"" does not exist
LINE 3: FROM aka_title AS at,
             ^
",
q146,no_hashjoin,1,,,,,,,,,,,,,,error,"relation ""aka_title"" does not exist
LINE 3: FROM aka_title AS at,
             ^
",
q146,no_mergejoin,1,,,,,,,,,,,,,,error,"relation ""aka_title"" does not exist
LINE 3: FROM aka_title AS at,
             ^
",
q146,no_nestloop,1,,,,,,,,,,,,,,error,"relation ""aka_title"" does not exist
LINE 3: FROM aka_title AS at,
             ^
",
q147,default,1,,,,,,,,,,,,,,error,"relation ""aka_title"" does not exist
LINE 3: FROM aka_title AS at,
             ^
",
q147,no_hashjoin,1,,,,,,,,,,,,,,error,"relation ""aka_title"" does not exist
LINE 3: FROM aka_title AS at,
             ^
",
q147,no_mergejoin,1,,,,,,,,,,,,,,error,"relation ""aka_title"" does not exist
LINE 3: FROM aka_title AS at,
             ^
",
q147,no_nestloop,1,,,,,,,,,,,,,,error,"relation ""aka_title"" does not exist
LINE 3: FROM aka_title AS at,
             ^
",
q148,default,1,,,,,,,,,,,,,,error,"relation ""aka_title"" does not exist
LINE 3: FROM aka_title AS at,
             ^
",
q148,no_hashjoin,1,,,,,,,,,,,,,,error,"relation ""aka_title"" does not exist
LINE 3: FROM aka_title AS at,
             ^
",
q148,no_mergejoin,1,,,,,,,,,,,,,,error,"relation ""aka_title"" does not exist
LINE 3: FROM aka_title AS at,
             ^
",
q148,no_nestloop,1,,,,,,,,,,,,,,error,"relation ""aka_title"" does not exist
LINE 3: FROM aka_title AS at,
             ^
",
q149,default,1,,,,,,,,,,,,,,error,"relation ""aka_title"" does not exist
LINE 3: FROM aka_title AS at,
             ^
",
q149,no_hashjoin,1,,,,,,,,,,,,,,error,"relation ""aka_title"" does not exist
LINE 3: FROM aka_title AS at,
             ^
",
q149,no_mergejoin,1,,,,,,,,,,,,,,error,"relation ""aka_title"" does not exist
LINE 3: FROM aka_title AS at,
             ^
",
q149,no_nestloop,1,,,,,,,,,,,,,,error,"relation ""aka_title"" does not exist
LINE 3: FROM aka_title AS at,
             ^
",
q15,default,1,,,,,,,,,,,,,,error,"relation ""char_name"" does not exist
LINE 3: FROM char_name AS chn,
             ^
",
q15,no_hashjoin,1,,,,,,,,,,,,,,error,"relation ""char_name"" does not exist
LINE 3: FROM char_name AS chn,
             ^
",
q15,no_mergejoin,1,,,,,,,,,,,,,,error,"relation ""char_name"" does not exist
LINE 3: FROM char_name AS chn,
             ^
",
q15,no_nestloop,1,,,,,,,,,,,,,,error,"relation ""char_name"" does not exist
LINE 3: FROM char_name AS chn,
             ^
",
q150,default,1,,,,,,,,,,,,,,error,"relation ""aka_title"" does not exist
LINE 3: FROM aka_title AS at,
             ^
",
q150,no_hashjoin,1,,,,,,,,,,,,,,error,"relation ""aka_title"" does not exist
LINE 3: FROM aka_title AS at,
             ^
",
q150,no_mergejoin,1,,,,,,,,,,,,,,error,"relation ""aka_title"" does not exist
LINE 3: FROM aka_title AS at,
             ^
",
q150,no_nestloop,1,,,,,,,,,,,,,,error,"relation ""aka_title"" does not exist
LINE 3: FROM aka_title AS at,
             ^
",
q151,default,1,,,,,,,,,,,,,,error,"relation ""aka_title"" does not exist
LINE 3: FROM aka_title AS at,
             ^
",
q151,no_hashjoin,1,,,,,,,,,,,,,,error,"relation ""aka_title"" does not exist
LINE 3: FROM aka_title AS at,
             ^
",
q151,no_mergejoin,1,,,,,,,,,,,,,,error,"relation ""aka_title"" does not exist
LINE 3: FROM aka_title AS at,
             ^
",
q151,no_nestloop,1,,,,,,,,,,,,,,error,"relation ""aka_title"" does not exist
LINE 3: FROM aka_title AS at,
             ^
",
q152,default,1,,,,,,,,,,,,,,error,"relation ""aka_title"" does not exist
LINE 3: FROM aka_title AS at,
             ^
",
q152,no_hashjoin,1,,,,,,,,,,,,,,error,"relation ""aka_title"" does not exist
LINE 3: FROM aka_title AS at,
             ^
",
q152,no_mergejoin,1,,,,,,,,,,,,,,error,"relation ""aka_title"" does not exist
LINE 3: FROM aka_title AS at,
             ^
",
q152,no_nestloop,1,,,,,,,,,,,,,,error,"relation ""aka_title"" does not exist
LINE 3: FROM aka_title AS at,
             ^
",
q153,default,1,,,,,,,,,,,,,,error,"relation ""aka_title"" does not exist
LINE 3: FROM aka_title AS at,
             ^
",
q153,no_hashjoin,1,,,,,,,,,,,,,,error,"relation ""aka_title"" does not exist
LINE 3: FROM aka_title AS at,
             ^
",
q153,no_mergejoin,1,,,,,,,,,,,,,,error,"relation ""aka_title"" does not exist
LINE 3: FROM aka_title AS at,
             ^
",
q153,no_nestloop,1,,,,,,,,,,,,,,error,"relation ""aka_title"" does not exist
LINE 3: FROM aka_title AS at,
             ^
",
q154,default,1,,,,,,,,,,,,,,error,"relation ""aka_title"" does not exist
LINE 3: FROM aka_title AS at,
             ^
",
q154,no_hashjoin,1,,,,,,,,,,,,,,error,"relation ""aka_title"" does not exist
LINE 3: FROM aka_title AS at,
             ^
",
q154,no_mergejoin,1,,,,,,,,,,,,,,error,"relation ""aka_title"" does not exist
LINE 3: FROM aka_title AS at,
             ^
",
q154,no_nestloop,1,,,,,,,,,,,,,,error,"relation ""aka_title"" does not exist
LINE 3: FROM aka_title AS at,
             ^
",
q155,default,1,,,,,,,,,,,,,,error,"relation ""aka_title"" does not exist
LINE 3: FROM aka_title AS at,
             ^
",
q155,no_hashjoin,1,,,,,,,,,,,,,,error,"relation ""aka_title"" does not exist
LINE 3: FROM aka_title AS at,
             ^
",
q155,no_mergejoin,1,,,,,,,,,,,,,,error,"relation ""aka_title"" does not exist
LINE 3: FROM aka_title AS at,
             ^
",
q155,no_nestloop,1,,,,,,,,,,,,,,error,"relation ""aka_title"" does not exist
LINE 3: FROM aka_title AS at,
             ^
",
q156,default,1,,,,,,,,,,,,,,error,"relation ""aka_title"" does not exist
LINE 3: FROM aka_title AS at,
             ^
",
q156,no_hashjoin,1,,,,,,,,,,,,,,error,"relation ""aka_title"" does not exist
LINE 3: FROM aka_title AS at,
             ^
",
q156,no_mergejoin,1,,,,,,,,,,,,,,error,"relation ""aka_title"" does not exist
LINE 3: FROM aka_title AS at,
             ^
",
q156,no_nestloop,1,,,,,,,,,,,,,,error,"relation ""aka_title"" does not exist
LINE 3: FROM aka_title AS at,
             ^
",
q157,default,1,,,,,,,,,,,,,,error,"relation ""aka_title"" does not exist
LINE 3: FROM aka_title AS at,
             ^
",
q157,no_hashjoin,1,,,,,,,,,,,,,,error,"relation ""aka_title"" does not exist
LINE 3: FROM aka_title AS at,
             ^
",
q157,no_mergejoin,1,,,,,,,,,,,,,,error,"relation ""aka_title"" does not exist
LINE 3: FROM aka_title AS at,
             ^
",
q157,no_nestloop,1,,,,,,,,,,,,,,error,"relation ""aka_title"" does not exist
LINE 3: FROM aka_title AS at,
             ^
",
q158,default,1,,,,,,,,,,,,,,error,"relation ""aka_title"" does not exist
LINE 3: FROM aka_title AS at,
             ^
",
q158,no_hashjoin,1,,,,,,,,,,,,,,error,"relation ""aka_title"" does not exist
LINE 3: FROM aka_title AS at,
             ^
",
q158,no_mergejoin,1,,,,,,,,,,,,,,error,"relation ""aka_title"" does not exist
LINE 3: FROM aka_title AS at,
             ^
",
q158,no_nestloop,1,,,,,,,,,,,,,,error,"relation ""aka_title"" does not exist
LINE 3: FROM aka_title AS at,
             ^
",
q159,default,1,,,,,,,,,,,,,,error,"relation ""aka_title"" does not exist
LINE 3: FROM aka_title AS at,
             ^
",
q159,no_hashjoin,1,,,,,,,,,,,,,,error,"relation ""aka_title"" does not exist
LINE 3: FROM aka_title AS at,
             ^
",
q159,no_mergejoin,1,,,,,,,,,,,,,,error,"relation ""aka_title"" does not exist
LINE 3: FROM aka_title AS at,
             ^
",
q159,no_nestloop,1,,,,,,,,,,,,,,error,"relation ""aka_title"" does not exist
LINE 3: FROM aka_title AS at,
             ^
",
q16,default,1,,,,,,,,,,,,,,error,"relation ""char_name"" does not exist
LINE 3: FROM char_name AS chn,
             ^
",
q16,no_hashjoin,1,,,,,,,,,,,,,,error,"relation ""char_name"" does not exist
LINE 3: FROM char_name AS chn,
             ^
",
q16,no_mergejoin,1,,,,,,,,,,,,,,error,"relation ""char_name"" does not exist
LINE 3: FROM char_name AS chn,
             ^
",
q16,no_nestloop,1,,,,,,,,,,,,,,error,"relation ""char_name"" does not exist
LINE 3: FROM char_name AS chn,
             ^
",
q160,default,1,,,,,,,,,,,,,,error,"relation ""aka_title"" does not exist
LINE 3: FROM aka_title AS at,
             ^
",
q160,no_hashjoin,1,,,,,,,,,,,,,,error,"relation ""aka_title"" does not exist
LINE 3: FROM aka_title AS at,
             ^
",
q160,no_mergejoin,1,,,,,,,,,,,,,,error,"relation ""aka_title"" does not exist
LINE 3: FROM aka_title AS at,
             ^
",
q160,no_nestloop,1,,,,,,,,,,,,,,error,"relation ""aka_title"" does not exist
LINE 3: FROM aka_title AS at,
             ^
",
q161,default,1,,,,,,,,,,,,,,error,"relation ""aka_title"" does not exist
LINE 3: FROM aka_title AS at,
             ^
",
q161,no_hashjoin,1,,,,,,,,,,,,,,error,"relation ""aka_title"" does not exist
LINE 3: FROM aka_title AS at,
             ^
",
q161,no_mergejoin,1,,,,,,,,,,,,,,error,"relation ""aka_title"" does not exist
LINE 3: FROM aka_title AS at,
             ^
",
q161,no_nestloop,1,,,,,,,,,,,,,,error,"relation ""aka_title"" does not exist
LINE 3: FROM aka_title AS at,
             ^
",
q162,default,1,,,,,,,,,,,,,,error,"relation ""aka_title"" does not exist
LINE 3: FROM aka_title AS at,
             ^
",
q162,no_hashjoin,1,,,,,,,,,,,,,,error,"relation ""aka_title"" does not exist
LINE 3: FROM aka_title AS at,
             ^
",
q162,no_mergejoin,1,,,,,,,,,,,,,,error,"relation ""aka_title"" does not exist
LINE 3: FROM aka_title AS at,
             ^
",
q162,no_nestloop,1,,,,,,,,,,,,,,error,"relation ""aka_title"" does not exist
LINE 3: FROM aka_title AS at,
             ^
",
q163,default,1,,,,,,,,,,,,,,error,"relation ""aka_title"" does not exist
LINE 3: FROM aka_title AS at,
             ^
",
q163,no_hashjoin,1,,,,,,,,,,,,,,error,"relation ""aka_title"" does not exist
LINE 3: FROM aka_title AS at,
             ^
",
q163,no_mergejoin,1,,,,,,,,,,,,,,error,"relation ""aka_title"" does not exist
LINE 3: FROM aka_title AS at,
             ^
",
q163,no_nestloop,1,,,,,,,,,,,,,,error,"relation ""aka_title"" does not exist
LINE 3: FROM aka_title AS at,
             ^
",
q164,default,1,,,,,,,,,,,,,,error,"relation ""aka_title"" does not exist
LINE 3: FROM aka_title AS at,
             ^
",
q164,no_hashjoin,1,,,,,,,,,,,,,,error,"relation ""aka_title"" does not exist
LINE 3: FROM aka_title AS at,
             ^
",
q164,no_mergejoin,1,,,,,,,,,,,,,,error,"relation ""aka_title"" does not exist
LINE 3: FROM aka_title AS at,
             ^
",
q164,no_nestloop,1,,,,,,,,,,,,,,error,"relation ""aka_title"" does not exist
LINE 3: FROM aka_title AS at,
             ^
",
q165,default,1,,,,,,,,,,,,,,error,"relation ""aka_title"" does not exist
LINE 3: FROM aka_title AS at,
             ^
",
q165,no_hashjoin,1,,,,,,,,,,,,,,error,"relation ""aka_title"" does not exist
LINE 3: FROM aka_title AS at,
             ^
",
q165,no_mergejoin,1,,,,,,,,,,,,,,error,"relation ""aka_title"" does not exist
LINE 3: FROM aka_title AS at,
             ^
",
q165,no_nestloop,1,,,,,,,,,,,,,,error,"relation ""aka_title"" does not exist
LINE 3: FROM aka_title AS at,
             ^
",
q166,default,1,,,,,,,,,,,,,,error,"relation ""aka_title"" does not exist
LINE 3: FROM aka_title AS at,
             ^
",
q166,no_hashjoin,1,,,,,,,,,,,,,,error,"relation ""aka_title"" does not exist
LINE 3: FROM aka_title AS at,
             ^
",
q166,no_mergejoin,1,,,,,,,,,,,,,,error,"relation ""aka_title"" does not exist
LINE 3: FROM aka_title AS at,
             ^
",
q166,no_nestloop,1,,,,,,,,,,,,,,error,"relation ""aka_title"" does not exist
LINE 3: FROM aka_title AS at,
             ^
",
q167,default,1,,,,,,,,,,,,,,error,"relation ""aka_title"" does not exist
LINE 3: FROM aka_title AS at,
             ^
",
q167,no_hashjoin,1,,,,,,,,,,,,,,error,"relation ""aka_title"" does not exist
LINE 3: FROM aka_title AS at,
             ^
",
q167,no_mergejoin,1,,,,,,,,,,,,,,error,"relation ""aka_title"" does not exist
LINE 3: FROM aka_title AS at,
             ^
",
q167,no_nestloop,1,,,,,,,,,,,,,,error,"relation ""aka_title"" does not exist
LINE 3: FROM aka_title AS at,
             ^
",
q168,default,1,,,,,,,,,,,,,,error,"relation ""aka_name"" does not exist
LINE 3: FROM aka_name AS an,
             ^
",
q168,no_hashjoin,1,,,,,,,,,,,,,,error,"relation ""aka_name"" does not exist
LINE 3: FROM aka_name AS an,
             ^
",
q168,no_mergejoin,1,,,,,,,,,,,,,,error,"relation ""aka_name"" does not exist
LINE 3: FROM aka_name AS an,
             ^
",
q168,no_nestloop,1,,,,,,,,,,,,,,error,"relation ""aka_name"" does not exist
LINE 3: FROM aka_name AS an,
             ^
",
q169,default,1,,,,,,,,,,,,,,error,"relation ""aka_name"" does not exist
LINE 3: FROM aka_name AS an,
             ^
",
q169,no_hashjoin,1,,,,,,,,,,,,,,error,"relation ""aka_name"" does not exist
LINE 3: FROM aka_name AS an,
             ^
",
q169,no_mergejoin,1,,,,,,,,,,,,,,error,"relation ""aka_name"" does not exist
LINE 3: FROM aka_name AS an,
             ^
",
q169,no_nestloop,1,,,,,,,,,,,,,,error,"relation ""aka_name"" does not exist
LINE 3: FROM aka_name AS an,
             ^
",
q17,default,1,,,,,,,,,,,,,,error,"relation ""char_name"" does not exist
LINE 3: FROM char_name AS chn,
             ^
",
q17,no_hashjoin,1,,,,,,,,,,,,,,error,"relation ""char_name"" does not exist
LINE 3: FROM char_name AS chn,
             ^
",
q17,no_mergejoin,1,,,,,,,,,,,,,,error,"relation ""char_name"" does not exist
LINE 3: FROM char_name AS chn,
             ^
",
q17,no_nestloop,1,,,,,,,,,,,,,,error,"relation ""char_name"" does not exist
LINE 3: FROM char_name AS chn,
             ^
",
q170,default,1,,,,,,,,,,,,,,error,"relation ""aka_name"" does not exist
LINE 3: FROM aka_name AS an,
             ^
",
q170,no_hashjoin,1,,,,,,,,,,,,,,error,"relation ""aka_name"" does not exist
LINE 3: FROM aka_name AS an,
             ^
",
q170,no_mergejoin,1,,,,,,,,,,,,,,error,"relation ""aka_name"" does not exist
LINE 3: FROM aka_name AS an,
             ^
",
q170,no_nestloop,1,,,,,,,,,,,,,,error,"relation ""aka_name"" does not exist
LINE 3: FROM aka_name AS an,
             ^
",
q171,default,1,,,,,,,,,,,,,,error,"relation ""aka_name"" does not exist
LINE 3: FROM aka_name AS an,
             ^
",
q171,no_hashjoin,1,,,,,,,,,,,,,,error,"relation ""aka_name"" does not exist
LINE 3: FROM aka_name AS an,
             ^
",
q171,no_mergejoin,1,,,,,,,,,,,,,,error,"relation ""aka_name"" does not exist
LINE 3: FROM aka_name AS an,
             ^
",
q171,no_nestloop,1,,,,,,,,,,,,,,error,"relation ""aka_name"" does not exist
LINE 3: FROM aka_name AS an,
             ^
",
q172,default,1,,,,,,,,,,,,,,error,"relation ""aka_name"" does not exist
LINE 3: FROM aka_name AS an,
             ^
",
q172,no_hashjoin,1,,,,,,,,,,,,,,error,"relation ""aka_name"" does not exist
LINE 3: FROM aka_name AS an,
             ^
",
q172,no_mergejoin,1,,,,,,,,,,,,,,error,"relation ""aka_name"" does not exist
LINE 3: FROM aka_name AS an,
             ^
",
q172,no_nestloop,1,,,,,,,,,,,,,,error,"relation ""aka_name"" does not exist
LINE 3: FROM aka_name AS an,
             ^
",
q173,default,1,,,,,,,,,,,,,,error,"relation ""aka_name"" does not exist
LINE 3: FROM aka_name AS an,
             ^
",
q173,no_hashjoin,1,,,,,,,,,,,,,,error,"relation ""aka_name"" does not exist
LINE 3: FROM aka_name AS an,
             ^
",
q173,no_mergejoin,1,,,,,,,,,,,,,,error,"relation ""aka_name"" does not exist
LINE 3: FROM aka_name AS an,
             ^
",
q173,no_nestloop,1,,,,,,,,,,,,,,error,"relation ""aka_name"" does not exist
LINE 3: FROM aka_name AS an,
             ^
",
q174,default,1,,,,,,,,,,,,,,error,"relation ""aka_name"" does not exist
LINE 3: FROM aka_name AS an,
             ^
",
q174,no_hashjoin,1,,,,,,,,,,,,,,error,"relation ""aka_name"" does not exist
LINE 3: FROM aka_name AS an,
             ^
",
q174,no_mergejoin,1,,,,,,,,,,,,,,error,"relation ""aka_name"" does not exist
LINE 3: FROM aka_name AS an,
             ^
",
q174,no_nestloop,1,,,,,,,,,,,,,,error,"relation ""aka_name"" does not exist
LINE 3: FROM aka_name AS an,
             ^
",
q175,default,1,,,,,,,,,,,,,,error,"relation ""aka_name"" does not exist
LINE 3: FROM aka_name AS an,
             ^
",
q175,no_hashjoin,1,,,,,,,,,,,,,,error,"relation ""aka_name"" does not exist
LINE 3: FROM aka_name AS an,
             ^
",
q175,no_mergejoin,1,,,,,,,,,,,,,,error,"relation ""aka_name"" does not exist
LINE 3: FROM aka_name AS an,
             ^
",
q175,no_nestloop,1,,,,,,,,,,,,,,error,"relation ""aka_name"" does not exist
LINE 3: FROM aka_name AS an,
             ^
",
q176,default,1,,,,,,,,,,,,,,error,"relation ""aka_name"" does not exist
LINE 3: FROM aka_name AS an,
             ^
",
q176,no_hashjoin,1,,,,,,,,,,,,,,error,"relation ""aka_name"" does not exist
LINE 3: FROM aka_name AS an,
             ^
",
q176,no_mergejoin,1,,,,,,,,,,,,,,error,"relation ""aka_name"" does not exist
LINE 3: FROM aka_name AS an,
             ^
",
q176,no_nestloop,1,,,,,,,,,,,,,,error,"relation ""aka_name"" does not exist
LINE 3: FROM aka_name AS an,
             ^
",
q177,default,1,,,,,,,,,,,,,,error,"relation ""aka_name"" does not exist
LINE 3: FROM aka_name AS an,
             ^
",
q177,no_hashjoin,1,,,,,,,,,,,,,,error,"relation ""aka_name"" does not exist
LINE 3: FROM aka_name AS an,
             ^
",
q177,no_mergejoin,1,,,,,,,,,,,,,,error,"relation ""aka_name"" does not exist
LINE 3: FROM aka_name AS an,
             ^
",
q177,no_nestloop,1,,,,,,,,,,,,,,error,"relation ""aka_name"" does not exist
LINE 3: FROM aka_name AS an,
             ^
",
q178,default,1,,,,,,,,,,,,,,error,"relation ""aka_name"" does not exist
LINE 3: FROM aka_name AS an,
             ^
",
q178,no_hashjoin,1,,,,,,,,,,,,,,error,"relation ""aka_name"" does not exist
LINE 3: FROM aka_name AS an,
             ^
",
q178,no_mergejoin,1,,,,,,,,,,,,,,error,"relation ""aka_name"" does not exist
LINE 3: FROM aka_name AS an,
             ^
",
q178,no_nestloop,1,,,,,,,,,,,,,,error,"relation ""aka_name"" does not exist
LINE 3: FROM aka_name AS an,
             ^
",
q179,default,1,,,,,,,,,,,,,,error,"relation ""aka_name"" does not exist
LINE 3: FROM aka_name AS an,
             ^
",
q179,no_hashjoin,1,,,,,,,,,,,,,,error,"relation ""aka_name"" does not exist
LINE 3: FROM aka_name AS an,
             ^
",
q179,no_mergejoin,1,,,,,,,,,,,,,,error,"relation ""aka_name"" does not exist
LINE 3: FROM aka_name AS an,
             ^
",
q179,no_nestloop,1,,,,,,,,,,,,,,error,"relation ""aka_name"" does not exist
LINE 3: FROM aka_name AS an,
             ^
",
q18,default,1,,,,,,,,,,,,,,error,"relation ""char_name"" does not exist
LINE 3: FROM char_name AS chn,
             ^
",
q18,no_hashjoin,1,,,,,,,,,,,,,,error,"relation ""char_name"" does not exist
LINE 3: FROM char_name AS chn,
             ^
",
q18,no_mergejoin,1,,,,,,,,,,,,,,error,"relation ""char_name"" does not exist
LINE 3: FROM char_name AS chn,
             ^
",
q18,no_nestloop,1,,,,,,,,,,,,,,error,"relation ""char_name"" does not exist
LINE 3: FROM char_name AS chn,
             ^
",
q180,default,1,,,,,,,,,,,,,,error,"relation ""aka_name"" does not exist
LINE 3: FROM aka_name AS an,
             ^
",
q180,no_hashjoin,1,,,,,,,,,,,,,,error,"relation ""aka_name"" does not exist
LINE 3: FROM aka_name AS an,
             ^
",
q180,no_mergejoin,1,,,,,,,,,,,,,,error,"relation ""aka_name"" does not exist
LINE 3: FROM aka_name AS an,
             ^
",
q180,no_nestloop,1,,,,,,,,,,,,,,error,"relation ""aka_name"" does not exist
LINE 3: FROM aka_name AS an,
             ^
",
q181,default,1,,,,,,,,,,,,,,error,"relation ""aka_name"" does not exist
LINE 3: FROM aka_name AS an,
             ^
",
q181,no_hashjoin,1,,,,,,,,,,,,,,error,"relation ""aka_name"" does not exist
LINE 3: FROM aka_name AS an,
             ^
",
q181,no_mergejoin,1,,,,,,,,,,,,,,error,"relation ""aka_name"" does not exist
LINE 3: FROM aka_name AS an,
             ^
",
q181,no_nestloop,1,,,,,,,,,,,,,,error,"relation ""aka_name"" does not exist
LINE 3: FROM aka_name AS an,
             ^
",
q182,default,1,,,,,,,,,,,,,,error,"relation ""aka_name"" does not exist
LINE 3: FROM aka_name AS an,
             ^
",
q182,no_hashjoin,1,,,,,,,,,,,,,,error,"relation ""aka_name"" does not exist
LINE 3: FROM aka_name AS an,
             ^
",
q182,no_mergejoin,1,,,,,,,,,,,,,,error,"relation ""aka_name"" does not exist
LINE 3: FROM aka_name AS an,
             ^
",
q182,no_nestloop,1,,,,,,,,,,,,,,error,"relation ""aka_name"" does not exist
LINE 3: FROM aka_name AS an,
             ^
",
q183,default,1,,,,,,,,,,,,,,error,"relation ""aka_name"" does not exist
LINE 3: FROM aka_name AS an,
             ^
",
q183,no_hashjoin,1,,,,,,,,,,,,,,error,"relation ""aka_name"" does not exist
LINE 3: FROM aka_name AS an,
             ^
",
q183,no_mergejoin,1,,,,,,,,,,,,,,error,"relation ""aka_name"" does not exist
LINE 3: FROM aka_name AS an,
             ^
",
q183,no_nestloop,1,,,,,,,,,,,,,,error,"relation ""aka_name"" does not exist
LINE 3: FROM aka_name AS an,
             ^
",
q184,default,1,,,,,,,,,,,,,,error,"relation ""aka_name"" does not exist
LINE 3: FROM aka_name AS an,
             ^
",
q184,no_hashjoin,1,,,,,,,,,,,,,,error,"relation ""aka_name"" does not exist
LINE 3: FROM aka_name AS an,
             ^
",
q184,no_mergejoin,1,,,,,,,,,,,,,,error,"relation ""aka_name"" does not exist
LINE 3: FROM aka_name AS an,
             ^
",
q184,no_nestloop,1,,,,,,,,,,,,,,error,"relation ""aka_name"" does not exist
LINE 3: FROM aka_name AS an,
             ^
",
q185,default,1,,,,,,,,,,,,,,error,"relation ""aka_name"" does not exist
LINE 3: FROM aka_name AS an,
             ^
",
q185,no_hashjoin,1,,,,,,,,,,,,,,error,"relation ""aka_name"" does not exist
LINE 3: FROM aka_name AS an,
             ^
",
q185,no_mergejoin,1,,,,,,,,,,,,,,error,"relation ""aka_name"" does not exist
LINE 3: FROM aka_name AS an,
             ^
",
q185,no_nestloop,1,,,,,,,,,,,,,,error,"relation ""aka_name"" does not exist
LINE 3: FROM aka_name AS an,
             ^
",
q186,default,1,,,,,,,,,,,,,,error,"relation ""aka_name"" does not exist
LINE 3: FROM aka_name AS an,
             ^
",
q186,no_hashjoin,1,,,,,,,,,,,,,,error,"relation ""aka_name"" does not exist
LINE 3: FROM aka_name AS an,
             ^
",
q186,no_mergejoin,1,,,,,,,,,,,,,,error,"relation ""aka_name"" does not exist
LINE 3: FROM aka_name AS an,
             ^
",
q186,no_nestloop,1,,,,,,,,,,,,,,error,"relation ""aka_name"" does not exist
LINE 3: FROM aka_name AS an,
             ^
",
q187,default,1,,,,,,,,,,,,,,error,"relation ""aka_name"" does not exist
LINE 3: FROM aka_name AS an,
             ^
",
q187,no_hashjoin,1,,,,,,,,,,,,,,error,"relation ""aka_name"" does not exist
LINE 3: FROM aka_name AS an,
             ^
",
q187,no_mergejoin,1,,,,,,,,,,,,,,error,"relation ""aka_name"" does not exist
LINE 3: FROM aka_name AS an,
             ^
",
q187,no_nestloop,1,,,,,,,,,,,,,,error,"relation ""aka_name"" does not exist
LINE 3: FROM aka_name AS an,
             ^
",
q188,default,1,,,,,,,,,,,,,,error,"relation ""aka_name"" does not exist
LINE 3: FROM aka_name AS an,
             ^
",
q188,no_hashjoin,1,,,,,,,,,,,,,,error,"relation ""aka_name"" does not exist
LINE 3: FROM aka_name AS an,
             ^
",
q188,no_mergejoin,1,,,,,,,,,,,,,,error,"relation ""aka_name"" does not exist
LINE 3: FROM aka_name AS an,
             ^
",
q188,no_nestloop,1,,,,,,,,,,,,,,error,"relation ""aka_name"" does not exist
LINE 3: FROM aka_name AS an,
             ^
",
q189,default,1,,,,,,,,,,,,,,error,"relation ""aka_name"" does not exist
LINE 3: FROM aka_name AS an,
             ^
",
q189,no_hashjoin,1,,,,,,,,,,,,,,error,"relation ""aka_name"" does not exist
LINE 3: FROM aka_name AS an,
             ^
",
q189,no_mergejoin,1,,,,,,,,,,,,,,error,"relation ""aka_name"" does not exist
LINE 3: FROM aka_name AS an,
             ^
",
q189,no_nestloop,1,,,,,,,,,,,,,,error,"relation ""aka_name"" does not exist
LINE 3: FROM aka_name AS an,
             ^
",
q19,default,1,,,,,,,,,,,,,,error,"relation ""char_name"" does not exist
LINE 3: FROM char_name AS chn,
             ^
",
q19,no_hashjoin,1,,,,,,,,,,,,,,error,"relation ""char_name"" does not exist
LINE 3: FROM char_name AS chn,
             ^
",
q19,no_mergejoin,1,,,,,,,,,,,,,,error,"relation ""char_name"" does not exist
LINE 3: FROM char_name AS chn,
             ^
",
q19,no_nestloop,1,,,,,,,,,,,,,,error,"relation ""char_name"" does not exist
LINE 3: FROM char_name AS chn,
             ^
",
q190,default,1,,,,,,,,,,,,,,error,"relation ""aka_name"" does not exist
LINE 3: FROM aka_name AS an,
             ^
",
q190,no_hashjoin,1,,,,,,,,,,,,,,error,"relation ""aka_name"" does not exist
LINE 3: FROM aka_name AS an,
             ^
",
q190,no_mergejoin,1,,,,,,,,,,,,,,error,"relation ""aka_name"" does not exist
LINE 3: FROM aka_name AS an,
             ^
",
q190,no_nestloop,1,,,,,,,,,,,,,,error,"relation ""aka_name"" does not exist
LINE 3: FROM aka_name AS an,
             ^
",
q191,default,1,,,,,,,,,,,,,,error,"relation ""aka_name"" does not exist
LINE 3: FROM aka_name AS an,
             ^
",
q191,no_hashjoin,1,,,,,,,,,,,,,,error,"relation ""aka_name"" does not exist
LINE 3: FROM aka_name AS an,
             ^
",
q191,no_mergejoin,1,,,,,,,,,,,,,,error,"relation ""aka_name"" does not exist
LINE 3: FROM aka_name AS an,
             ^
",
q191,no_nestloop,1,,,,,,,,,,,,,,error,"relation ""aka_name"" does not exist
LINE 3: FROM aka_name AS an,
             ^
",
q192,default,1,,,,,,,,,,,,,,error,"relation ""aka_name"" does not exist
LINE 3: FROM aka_name AS an,
             ^
",
q192,no_hashjoin,1,,,,,,,,,,,,,,error,"relation ""aka_name"" does not exist
LINE 3: FROM aka_name AS an,
             ^
",
q192,no_mergejoin,1,,,,,,,,,,,,,,error,"relation ""aka_name"" does not exist
LINE 3: FROM aka_name AS an,
             ^
",
q192,no_nestloop,1,,,,,,,,,,,,,,error,"relation ""aka_name"" does not exist
LINE 3: FROM aka_name AS an,
             ^
",
q193,default,1,,,,,,,,,,,,,,error,"relation ""aka_name"" does not exist
LINE 3: FROM aka_name AS an,
             ^
",
q193,no_hashjoin,1,,,,,,,,,,,,,,error,"relation ""aka_name"" does not exist
LINE 3: FROM aka_name AS an,
             ^
",
q193,no_mergejoin,1,,,,,,,,,,,,,,error,"relation ""aka_name"" does not exist
LINE 3: FROM aka_name AS an,
             ^
",
q193,no_nestloop,1,,,,,,,,,,,,,,error,"relation ""aka_name"" does not exist
LINE 3: FROM aka_name AS an,
             ^
",
q194,default,1,,,,,,,,,,,,,,error,"relation ""aka_name"" does not exist
LINE 3: FROM aka_name AS an,
             ^
",
q194,no_hashjoin,1,,,,,,,,,,,,,,error,"relation ""aka_name"" does not exist
LINE 3: FROM aka_name AS an,
             ^
",
q194,no_mergejoin,1,,,,,,,,,,,,,,error,"relation ""aka_name"" does not exist
LINE 3: FROM aka_name AS an,
             ^
",
q194,no_nestloop,1,,,,,,,,,,,,,,error,"relation ""aka_name"" does not exist
LINE 3: FROM aka_name AS an,
             ^
",
q195,default,1,,,,,,,,,,,,,,error,"relation ""aka_name"" does not exist
LINE 3: FROM aka_name AS an,
             ^
",
q195,no_hashjoin,1,,,,,,,,,,,,,,error,"relation ""aka_name"" does not exist
LINE 3: FROM aka_name AS an,
             ^
",
q195,no_mergejoin,1,,,,,,,,,,,,,,error,"relation ""aka_name"" does not exist
LINE 3: FROM aka_name AS an,
             ^
",
q195,no_nestloop,1,,,,,,,,,,,,,,error,"relation ""aka_name"" does not exist
LINE 3: FROM aka_name AS an,
             ^
",
q196,default,1,,,,,,,,,,,,,,error,"relation ""aka_name"" does not exist
LINE 3: FROM aka_name AS an,
             ^
",
q196,no_hashjoin,1,,,,,,,,,,,,,,error,"relation ""aka_name"" does not exist
LINE 3: FROM aka_name AS an,
             ^
",
q196,no_mergejoin,1,,,,,,,,,,,,,,error,"relation ""aka_name"" does not exist
LINE 3: FROM aka_name AS an,
             ^
",
q196,no_nestloop,1,,,,,,,,,,,,,,error,"relation ""aka_name"" does not exist
LINE 3: FROM aka_name AS an,
             ^
",
q197,default,1,,,,,,,,,,,,,,error,"relation ""aka_name"" does not exist
LINE 3: FROM aka_name AS an,
             ^
",
q197,no_hashjoin,1,,,,,,,,,,,,,,error,"relation ""aka_name"" does not exist
LINE 3: FROM aka_name AS an,
             ^
",
q197,no_mergejoin,1,,,,,,,,,,,,,,error,"relation ""aka_name"" does not exist
LINE 3: FROM aka_name AS an,
             ^
",
q197,no_nestloop,1,,,,,,,,,,,,,,error,"relation ""aka_name"" does not exist
LINE 3: FROM aka_name AS an,
             ^
",
q198,default,1,,,,,,,,,,,,,,error,"relation ""aka_name"" does not exist
LINE 3: FROM aka_name AS an,
             ^
",
q198,no_hashjoin,1,,,,,,,,,,,,,,error,"relation ""aka_name"" does not exist
LINE 3: FROM aka_name AS an,
             ^
",
q198,no_mergejoin,1,,,,,,,,,,,,,,error,"relation ""aka_name"" does not exist
LINE 3: FROM aka_name AS an,
             ^
",
q198,no_nestloop,1,,,,,,,,,,,,,,error,"relation ""aka_name"" does not exist
LINE 3: FROM aka_name AS an,
             ^
",
q199,default,1,,,,,,,,,,,,,,error,"relation ""aka_name"" does not exist
LINE 3: FROM aka_name AS an,
             ^
",
q199,no_hashjoin,1,,,,,,,,,,,,,,error,"relation ""aka_name"" does not exist
LINE 3: FROM aka_name AS an,
             ^
",
q199,no_mergejoin,1,,,,,,,,,,,,,,error,"relation ""aka_name"" does not exist
LINE 3: FROM aka_name AS an,
             ^
",
q199,no_nestloop,1,,,,,,,,,,,,,,error,"relation ""aka_name"" does not exist
LINE 3: FROM aka_name AS an,
             ^
",
q2,default,1,,,,,,,,,,,,,,error,"relation ""char_name"" does not exist
LINE 3: FROM char_name AS chn,
             ^
",
q2,no_hashjoin,1,,,,,,,,,,,,,,error,"relation ""char_name"" does not exist
LINE 3: FROM char_name AS chn,
             ^
",
q2,no_mergejoin,1,,,,,,,,,,,,,,error,"relation ""char_name"" does not exist
LINE 3: FROM char_name AS chn,
             ^
",
q2,no_nestloop,1,,,,,,,,,,,,,,error,"relation ""char_name"" does not exist
LINE 3: FROM char_name AS chn,
             ^
",
q20,default,1,,,,,,,,,,,,,,error,"relation ""char_name"" does not exist
LINE 3: FROM char_name AS chn,
             ^
",
q20,no_hashjoin,1,,,,,,,,,,,,,,error,"relation ""char_name"" does not exist
LINE 3: FROM char_name AS chn,
             ^
",
q20,no_mergejoin,1,,,,,,,,,,,,,,error,"relation ""char_name"" does not exist
LINE 3: FROM char_name AS chn,
             ^
",
q20,no_nestloop,1,,,,,,,,,,,,,,error,"relation ""char_name"" does not exist
LINE 3: FROM char_name AS chn,
             ^
",
q200,default,1,,,,,,,,,,,,,,error,"relation ""cast_info"" does not exist
LINE 3: FROM cast_info AS ci,
             ^
",
q200,no_hashjoin,1,,,,,,,,,,,,,,error,"relation ""cast_info"" does not exist
LINE 3: FROM cast_info AS ci,
             ^
",
q200,no_mergejoin,1,,,,,,,,,,,,,,error,"relation ""cast_info"" does not exist
LINE 3: FROM cast_info AS ci,
             ^
",
q200,no_nestloop,1,,,,,,,,,,,,,,error,"relation ""cast_info"" does not exist
LINE 3: FROM cast_info AS ci,
             ^
",
q201,default,1,,,,,,,,,,,,,,error,"relation ""cast_info"" does not exist
LINE 3: FROM cast_info AS ci,
             ^
",
q201,no_hashjoin,1,,,,,,,,,,,,,,error,"relation ""cast_info"" does not exist
LINE 3: FROM cast_info AS ci,
             ^
",
q201,no_mergejoin,1,,,,,,,,,,,,,,error,"relation ""cast_info"" does not exist
LINE 3: FROM cast_info AS ci,
             ^
",
q201,no_nestloop,1,,,,,,,,,,,,,,error,"relation ""cast_info"" does not exist
LINE 3: FROM cast_info AS ci,
             ^
",
q202,default,1,,,,,,,,,,,,,,error,"relation ""cast_info"" does not exist
LINE 3: FROM cast_info AS ci,
             ^
",
q202,no_hashjoin,1,,,,,,,,,,,,,,error,"relation ""cast_info"" does not exist
LINE 3: FROM cast_info AS ci,
             ^
",
q202,no_mergejoin,1,,,,,,,,,,,,,,error,"relation ""cast_info"" does not exist
LINE 3: FROM cast_info AS ci,
             ^
",
q202,no_nestloop,1,,,,,,,,,,,,,,error,"relation ""cast_info"" does not exist
LINE 3: FROM cast_info AS ci,
             ^
",
q203,default,1,,,,,,,,,,,,,,error,"relation ""cast_info"" does not exist
LINE 3: FROM cast_info AS ci,
             ^
",
q203,no_hashjoin,1,,,,,,,,,,,,,,error,"relation ""cast_info"" does not exist
LINE 3: FROM cast_info AS ci,
             ^
",
q203,no_mergejoin,1,,,,,,,,,,,,,,error,"relation ""cast_info"" does not exist
LINE 3: FROM cast_info AS ci,
             ^
",
q203,no_nestloop,1,,,,,,,,,,,,,,error,"relation ""cast_info"" does not exist
LINE 3: FROM cast_info AS ci,
             ^
",
q204,default,1,,,,,,,,,,,,,,error,"relation ""cast_info"" does not exist
LINE 3: FROM cast_info AS ci,
             ^
",
q204,no_hashjoin,1,,,,,,,,,,,,,,error,"relation ""cast_info"" does not exist
LINE 3: FROM cast_info AS ci,
             ^
",
q204,no_mergejoin,1,,,,,,,,,,,,,,error,"relation ""cast_info"" does not exist
LINE 3: FROM cast_info AS ci,
             ^
",
q204,no_nestloop,1,,,,,,,,,,,,,,error,"relation ""cast_info"" does not exist
LINE 3: FROM cast_info AS ci,
             ^
",
q205,default,1,,,,,,,,,,,,,,error,"relation ""cast_info"" does not exist
LINE 3: FROM cast_info AS ci,
             ^
",
q205,no_hashjoin,1,,,,,,,,,,,,,,error,"relation ""cast_info"" does not exist
LINE 3: FROM cast_info AS ci,
             ^
",
q205,no_mergejoin,1,,,,,,,,,,,,,,error,"relation ""cast_info"" does not exist
LINE 3: FROM cast_info AS ci,
             ^
",
q205,no_nestloop,1,,,,,,,,,,,,,,error,"relation ""cast_info"" does not exist
LINE 3: FROM cast_info AS ci,
             ^
",
q206,default,1,,,,,,,,,,,,,,error,"relation ""cast_info"" does not exist
LINE 3: FROM cast_info AS ci,
             ^
",
q206,no_hashjoin,1,,,,,,,,,,,,,,error,"relation ""cast_info"" does not exist
LINE 3: FROM cast_info AS ci,
             ^
",
q206,no_mergejoin,1,,,,,,,,,,,,,,error,"relation ""cast_info"" does not exist
LINE 3: FROM cast_info AS ci,
             ^
",
q206,no_nestloop,1,,,,,,,,,,,,,,error,"relation ""cast_info"" does not exist
LINE 3: FROM cast_info AS ci,
             ^
",
q207,default,1,,,,,,,,,,,,,,error,"relation ""cast_info"" does not exist
LINE 3: FROM cast_info AS ci,
             ^
",
q207,no_hashjoin,1,,,,,,,,,,,,,,error,"relation ""cast_info"" does not exist
LINE 3: FROM cast_info AS ci,
             ^
",
q207,no_mergejoin,1,,,,,,,,,,,,,,error,"relation ""cast_info"" does not exist
LINE 3: FROM cast_info AS ci,
             ^
",
q207,no_nestloop,1,,,,,,,,,,,,,,error,"relation ""cast_info"" does not exist
LINE 3: FROM cast_info AS ci,
             ^
",
q208,default,1,,,,,,,,,,,,,,error,"relation ""cast_info"" does not exist
LINE 3: FROM cast_info AS ci,
             ^
",
q208,no_hashjoin,1,,,,,,,,,,,,,,error,"relation ""cast_info"" does not exist
LINE 3: FROM cast_info AS ci,
             ^
",
q208,no_mergejoin,1,,,,,,,,,,,,,,error,"relation ""cast_info"" does not exist
LINE 3: FROM cast_info AS ci,
             ^
",
q208,no_nestloop,1,,,,,,,,,,,,,,error,"relation ""cast_info"" does not exist
LINE 3: FROM cast_info AS ci,
             ^
",
q209,default,1,,,,,,,,,,,,,,error,"relation ""cast_info"" does not exist
LINE 3: FROM cast_info AS ci,
             ^
",
q209,no_hashjoin,1,,,,,,,,,,,,,,error,"relation ""cast_info"" does not exist
LINE 3: FROM cast_info AS ci,
             ^
",
q209,no_mergejoin,1,,,,,,,,,,,,,,error,"relation ""cast_info"" does not exist
LINE 3: FROM cast_info AS ci,
             ^
",
q209,no_nestloop,1,,,,,,,,,,,,,,error,"relation ""cast_info"" does not exist
LINE 3: FROM cast_info AS ci,
             ^
",
q21,default,1,,,,,,,,,,,,,,error,"relation ""char_name"" does not exist
LINE 3: FROM char_name AS chn,
             ^
",
q21,no_hashjoin,1,,,,,,,,,,,,,,error,"relation ""char_name"" does not exist
LINE 3: FROM char_name AS chn,
             ^
",
q21,no_mergejoin,1,,,,,,,,,,,,,,error,"relation ""char_name"" does not exist
LINE 3: FROM char_name AS chn,
             ^
",
q21,no_nestloop,1,,,,,,,,,,,,,,error,"relation ""char_name"" does not exist
LINE 3: FROM char_name AS chn,
             ^
",
q210,default,1,,,,,,,,,,,,,,error,"relation ""cast_info"" does not exist
LINE 3: FROM cast_info AS ci,
             ^
",
q210,no_hashjoin,1,,,,,,,,,,,,,,error,"relation ""cast_info"" does not exist
LINE 3: FROM cast_info AS ci,
             ^
",
q210,no_mergejoin,1,,,,,,,,,,,,,,error,"relation ""cast_info"" does not exist
LINE 3: FROM cast_info AS ci,
             ^
",
q210,no_nestloop,1,,,,,,,,,,,,,,error,"relation ""cast_info"" does not exist
LINE 3: FROM cast_info AS ci,
             ^
",
q211,default,1,,,,,,,,,,,,,,error,"relation ""cast_info"" does not exist
LINE 3: FROM cast_info AS ci,
             ^
",
q211,no_hashjoin,1,,,,,,,,,,,,,,error,"relation ""cast_info"" does not exist
LINE 3: FROM cast_info AS ci,
             ^
",
q211,no_mergejoin,1,,,,,,,,,,,,,,error,"relation ""cast_info"" does not exist
LINE 3: FROM cast_info AS ci,
             ^
",
q211,no_nestloop,1,,,,,,,,,,,,,,error,"relation ""cast_info"" does not exist
LINE 3: FROM cast_info AS ci,
             ^
",
q212,default,1,,,,,,,,,,,,,,error,"relation ""cast_info"" does not exist
LINE 3: FROM cast_info AS ci,
             ^
",
q212,no_hashjoin,1,,,,,,,,,,,,,,error,"relation ""cast_info"" does not exist
LINE 3: FROM cast_info AS ci,
             ^
",
q212,no_mergejoin,1,,,,,,,,,,,,,,error,"relation ""cast_info"" does not exist
LINE 3: FROM cast_info AS ci,
             ^
",
q212,no_nestloop,1,,,,,,,,,,,,,,error,"relation ""cast_info"" does not exist
LINE 3: FROM cast_info AS ci,
             ^
",
q213,default,1,,,,,,,,,,,,,,error,"relation ""cast_info"" does not exist
LINE 3: FROM cast_info AS ci,
             ^
",
q213,no_hashjoin,1,,,,,,,,,,,,,,error,"relation ""cast_info"" does not exist
LINE 3: FROM cast_info AS ci,
             ^
",
q213,no_mergejoin,1,,,,,,,,,,,,,,error,"relation ""cast_info"" does not exist
LINE 3: FROM cast_info AS ci,
             ^
",
q213,no_nestloop,1,,,,,,,,,,,,,,error,"relation ""cast_info"" does not exist
LINE 3: FROM cast_info AS ci,
             ^
",
q214,default,1,,,,,,,,,,,,,,error,"relation ""cast_info"" does not exist
LINE 3: FROM cast_info AS ci,
             ^
",
q214,no_hashjoin,1,,,,,,,,,,,,,,error,"relation ""cast_info"" does not exist
LINE 3: FROM cast_info AS ci,
             ^
",
q214,no_mergejoin,1,,,,,,,,,,,,,,error,"relation ""cast_info"" does not exist
LINE 3: FROM cast_info AS ci,
             ^
",
q214,no_nestloop,1,,,,,,,,,,,,,,error,"relation ""cast_info"" does not exist
LINE 3: FROM cast_info AS ci,
             ^
",
q215,default,1,,,,,,,,,,,,,,error,"relation ""cast_info"" does not exist
LINE 3: FROM cast_info AS ci,
             ^
",
q215,no_hashjoin,1,,,,,,,,,,,,,,error,"relation ""cast_info"" does not exist
LINE 3: FROM cast_info AS ci,
             ^
",
q215,no_mergejoin,1,,,,,,,,,,,,,,error,"relation ""cast_info"" does not exist
LINE 3: FROM cast_info AS ci,
             ^
",
q215,no_nestloop,1,,,,,,,,,,,,,,error,"relation ""cast_info"" does not exist
LINE 3: FROM cast_info AS ci,
             ^
",
q216,default,1,,,,,,,,,,,,,,error,"relation ""cast_info"" does not exist
LINE 3: FROM cast_info AS ci,
             ^
",
q216,no_hashjoin,1,,,,,,,,,,,,,,error,"relation ""cast_info"" does not exist
LINE 3: FROM cast_info AS ci,
             ^
",
q216,no_mergejoin,1,,,,,,,,,,,,,,error,"relation ""cast_info"" does not exist
LINE 3: FROM cast_info AS ci,
             ^
",
q216,no_nestloop,1,,,,,,,,,,,,,,error,"relation ""cast_info"" does not exist
LINE 3: FROM cast_info AS ci,
             ^
",
q217,default,1,,,,,,,,,,,,,,error,"relation ""cast_info"" does not exist
LINE 3: FROM cast_info AS ci,
             ^
",
q217,no_hashjoin,1,,,,,,,,,,,,,,error,"relation ""cast_info"" does not exist
LINE 3: FROM cast_info AS ci,
             ^
",
q217,no_mergejoin,1,,,,,,,,,,,,,,error,"relation ""cast_info"" does not exist
LINE 3: FROM cast_info AS ci,
             ^
",
q217,no_nestloop,1,,,,,,,,,,,,,,error,"relation ""cast_info"" does not exist
LINE 3: FROM cast_info AS ci,
             ^
",
q218,default,1,,,,,,,,,,,,,,error,"relation ""cast_info"" does not exist
LINE 3: FROM cast_info AS ci,
             ^
",
q218,no_hashjoin,1,,,,,,,,,,,,,,error,"relation ""cast_info"" does not exist
LINE 3: FROM cast_info AS ci,
             ^
",
q218,no_mergejoin,1,,,,,,,,,,,,,,error,"relation ""cast_info"" does not exist
LINE 3: FROM cast_info AS ci,
             ^
",
q218,no_nestloop,1,,,,,,,,,,,,,,error,"relation ""cast_info"" does not exist
LINE 3: FROM cast_info AS ci,
             ^
",
q219,default,1,,,,,,,,,,,,,,error,"relation ""cast_info"" does not exist
LINE 3: FROM cast_info AS ci,
             ^
",
q219,no_hashjoin,1,,,,,,,,,,,,,,error,"relation ""cast_info"" does not exist
LINE 3: FROM cast_info AS ci,
             ^
",
q219,no_mergejoin,1,,,,,,,,,,,,,,error,"relation ""cast_info"" does not exist
LINE 3: FROM cast_info AS ci,
             ^
",
q219,no_nestloop,1,,,,,,,,,,,,,,error,"relation ""cast_info"" does not exist
LINE 3: FROM cast_info AS ci,
             ^
",
q22,default,1,,,,,,,,,,,,,,error,"relation ""char_name"" does not exist
LINE 3: FROM char_name AS chn,
             ^
",
q22,no_hashjoin,1,,,,,,,,,,,,,,error,"relation ""char_name"" does not exist
LINE 3: FROM char_name AS chn,
             ^
",
q22,no_mergejoin,1,,,,,,,,,,,,,,error,"relation ""char_name"" does not exist
LINE 3: FROM char_name AS chn,
             ^
",
q22,no_nestloop,1,,,,,,,,,,,,,,error,"relation ""char_name"" does not exist
LINE 3: FROM char_name AS chn,
             ^
",
q220,default,1,,,,,,,,,,,,,,error,"relation ""cast_info"" does not exist
LINE 3: FROM cast_info AS ci,
             ^
",
q220,no_hashjoin,1,,,,,,,,,,,,,,error,"relation ""cast_info"" does not exist
LINE 3: FROM cast_info AS ci,
             ^
",
q220,no_mergejoin,1,,,,,,,,,,,,,,error,"relation ""cast_info"" does not exist
LINE 3: FROM cast_info AS ci,
             ^
",
q220,no_nestloop,1,,,,,,,,,,,,,,error,"relation ""cast_info"" does not exist
LINE 3: FROM cast_info AS ci,
             ^
",
q221,default,1,,,,,,,,,,,,,,error,"relation ""cast_info"" does not exist
LINE 3: FROM cast_info AS ci,
             ^
",
q221,no_hashjoin,1,,,,,,,,,,,,,,error,"relation ""cast_info"" does not exist
LINE 3: FROM cast_info AS ci,
             ^
",
q221,no_mergejoin,1,,,,,,,,,,,,,,error,"relation ""cast_info"" does not exist
LINE 3: FROM cast_info AS ci,
             ^
",
q221,no_nestloop,1,,,,,,,,,,,,,,error,"relation ""cast_info"" does not exist
LINE 3: FROM cast_info AS ci,
             ^
",
q222,default,1,,,,,,,,,,,,,,error,"relation ""cast_info"" does not exist
LINE 3: FROM cast_info AS ci,
             ^
",
q222,no_hashjoin,1,,,,,,,,,,,,,,error,"relation ""cast_info"" does not exist
LINE 3: FROM cast_info AS ci,
             ^
",
q222,no_mergejoin,1,,,,,,,,,,,,,,error,"relation ""cast_info"" does not exist
LINE 3: FROM cast_info AS ci,
             ^
",
q222,no_nestloop,1,,,,,,,,,,,,,,error,"relation ""cast_info"" does not exist
LINE 3: FROM cast_info AS ci,
             ^
",
q223,default,1,,,,,,,,,,,,,,error,"relation ""cast_info"" does not exist
LINE 3: FROM cast_info AS ci,
             ^
",
q223,no_hashjoin,1,,,,,,,,,,,,,,error,"relation ""cast_info"" does not exist
LINE 3: FROM cast_info AS ci,
             ^
",
q223,no_mergejoin,1,,,,,,,,,,,,,,error,"relation ""cast_info"" does not exist
LINE 3: FROM cast_info AS ci,
             ^
",
q223,no_nestloop,1,,,,,,,,,,,,,,error,"relation ""cast_info"" does not exist
LINE 3: FROM cast_info AS ci,
             ^
",
q224,default,1,,,,,,,,,,,,,,error,"relation ""cast_info"" does not exist
LINE 2: FROM cast_info AS ci,
             ^
",
q224,no_hashjoin,1,,,,,,,,,,,,,,error,"relation ""cast_info"" does not exist
LINE 2: FROM cast_info AS ci,
             ^
",
q224,no_mergejoin,1,,,,,,,,,,,,,,error,"relation ""cast_info"" does not exist
LINE 2: FROM cast_info AS ci,
             ^
",
q224,no_nestloop,1,,,,,,,,,,,,,,error,"relation ""cast_info"" does not exist
LINE 2: FROM cast_info AS ci,
             ^
",
q225,default,1,,,,,,,,,,,,,,error,"relation ""cast_info"" does not exist
LINE 2: FROM cast_info AS ci,
             ^
",
q225,no_hashjoin,1,,,,,,,,,,,,,,error,"relation ""cast_info"" does not exist
LINE 2: FROM cast_info AS ci,
             ^
",
q225,no_mergejoin,1,,,,,,,,,,,,,,error,"relation ""cast_info"" does not exist
LINE 2: FROM cast_info AS ci,
             ^
",
q225,no_nestloop,1,,,,,,,,,,,,,,error,"relation ""cast_info"" does not exist
LINE 2: FROM cast_info AS ci,
             ^
",
q226,default,1,,,,,,,,,,,,,,error,"relation ""cast_info"" does not exist
LINE 2: FROM cast_info AS ci,
             ^
",
q226,no_hashjoin,1,,,,,,,,,,,,,,error,"relation ""cast_info"" does not exist
LINE 2: FROM cast_info AS ci,
             ^
",
q226,no_mergejoin,1,,,,,,,,,,,,,,error,"relation ""cast_info"" does not exist
LINE 2: FROM cast_info AS ci,
             ^
",
q226,no_nestloop,1,,,,,,,,,,,,,,error,"relation ""cast_info"" does not exist
LINE 2: FROM cast_info AS ci,
             ^
",
q227,default,1,,,,,,,,,,,,,,error,"relation ""cast_info"" does not exist
LINE 2: FROM cast_info AS ci,
             ^
",
q227,no_hashjoin,1,,,,,,,,,,,,,,error,"relation ""cast_info"" does not exist
LINE 2: FROM cast_info AS ci,
             ^
",
q227,no_mergejoin,1,,,,,,,,,,,,,,error,"relation ""cast_info"" does not exist
LINE 2: FROM cast_info AS ci,
             ^
",
q227,no_nestloop,1,,,,,,,,,,,,,,error,"relation ""cast_info"" does not exist
LINE 2: FROM cast_info AS ci,
             ^
",
q228,default,1,,,,,,,,,,,,,,error,"relation ""cast_info"" does not exist
LINE 2: FROM cast_info AS ci,
             ^
",
q228,no_hashjoin,1,,,,,,,,,,,,,,error,"relation ""cast_info"" does not exist
LINE 2: FROM cast_info AS ci,
             ^
",
q228,no_mergejoin,1,,,,,,,,,,,,,,error,"relation ""cast_info"" does not exist
LINE 2: FROM cast_info AS ci,
             ^
",
q228,no_nestloop,1,,,,,,,,,,,,,,error,"relation ""cast_info"" does not exist
LINE 2: FROM cast_info AS ci,
             ^
",
q229,default,1,,,,,,,,,,,,,,error,"relation ""cast_info"" does not exist
LINE 2: FROM cast_info AS ci,
             ^
",
q229,no_hashjoin,1,,,,,,,,,,,,,,error,"relation ""cast_info"" does not exist
LINE 2: FROM cast_info AS ci,
             ^
",
q229,no_mergejoin,1,,,,,,,,,,,,,,error,"relation ""cast_info"" does not exist
LINE 2: FROM cast_info AS ci,
             ^
",
q229,no_nestloop,1,,,,,,,,,,,,,,error,"relation ""cast_info"" does not exist
LINE 2: FROM cast_info AS ci,
             ^
",
q23,default,1,,,,,,,,,,,,,,error,"relation ""char_name"" does not exist
LINE 3: FROM char_name AS chn,
             ^
",
q23,no_hashjoin,1,,,,,,,,,,,,,,error,"relation ""char_name"" does not exist
LINE 3: FROM char_name AS chn,
             ^
",
q23,no_mergejoin,1,,,,,,,,,,,,,,error,"relation ""char_name"" does not exist
LINE 3: FROM char_name AS chn,
             ^
",
q23,no_nestloop,1,,,,,,,,,,,,,,error,"relation ""char_name"" does not exist
LINE 3: FROM char_name AS chn,
             ^
",
q230,default,1,,,,,,,,,,,,,,error,"relation ""cast_info"" does not exist
LINE 2: FROM cast_info AS ci,
             ^
",
q230,no_hashjoin,1,,,,,,,,,,,,,,error,"relation ""cast_info"" does not exist
LINE 2: FROM cast_info AS ci,
             ^
",
q230,no_mergejoin,1,,,,,,,,,,,,,,error,"relation ""cast_info"" does not exist
LINE 2: FROM cast_info AS ci,
             ^
",
q230,no_nestloop,1,,,,,,,,,,,,,,error,"relation ""cast_info"" does not exist
LINE 2: FROM cast_info AS ci,
             ^
",
q231,default,1,,,,,,,,,,,,,,error,"relation ""cast_info"" does not exist
LINE 2: FROM cast_info AS ci,
             ^
",
q231,no_hashjoin,1,,,,,,,,,,,,,,error,"relation ""cast_info"" does not exist
LINE 2: FROM cast_info AS ci,
             ^
",
q231,no_mergejoin,1,,,,,,,,,,,,,,error,"relation ""cast_info"" does not exist
LINE 2: FROM cast_info AS ci,
             ^
",
q231,no_nestloop,1,,,,,,,,,,,,,,error,"relation ""cast_info"" does not exist
LINE 2: FROM cast_info AS ci,
             ^
",
q232,default,1,,,,,,,,,,,,,,error,"relation ""cast_info"" does not exist
LINE 2: FROM cast_info AS ci,
             ^
",
q232,no_hashjoin,1,,,,,,,,,,,,,,error,"relation ""cast_info"" does not exist
LINE 2: FROM cast_info AS ci,
             ^
",
q232,no_mergejoin,1,,,,,,,,,,,,,,error,"relation ""cast_info"" does not exist
LINE 2: FROM cast_info AS ci,
             ^
",
q232,no_nestloop,1,,,,,,,,,,,,,,error,"relation ""cast_info"" does not exist
LINE 2: FROM cast_info AS ci,
             ^
",
q233,default,1,,,,,,,,,,,,,,error,"relation ""cast_info"" does not exist
LINE 2: FROM cast_info AS ci,
             ^
",
q233,no_hashjoin,1,,,,,,,,,,,,,,error,"relation ""cast_info"" does not exist
LINE 2: FROM cast_info AS ci,
             ^
",
q233,no_mergejoin,1,,,,,,,,,,,,,,error,"relation ""cast_info"" does not exist
LINE 2: FROM cast_info AS ci,
             ^
",
q233,no_nestloop,1,,,,,,,,,,,,,,error,"relation ""cast_info"" does not exist
LINE 2: FROM cast_info AS ci,
             ^
",
q234,default,1,,,,,,,,,,,,,,error,"relation ""cast_info"" does not exist
LINE 2: FROM cast_info AS ci,
             ^
",
q234,no_hashjoin,1,,,,,,,,,,,,,,error,"relation ""cast_info"" does not exist
LINE 2: FROM cast_info AS ci,
             ^
",
q234,no_mergejoin,1,,,,,,,,,,,,,,error,"relation ""cast_info"" does not exist
LINE 2: FROM cast_info AS ci,
             ^
",
q234,no_nestloop,1,,,,,,,,,,,,,,error,"relation ""cast_info"" does not exist
LINE 2: FROM cast_info AS ci,
             ^
",
q235,default,1,,,,,,,,,,,,,,error,"relation ""cast_info"" does not exist
LINE 2: FROM cast_info AS ci,
             ^
",
q235,no_hashjoin,1,,,,,,,,,,,,,,error,"relation ""cast_info"" does not exist
LINE 2: FROM cast_info AS ci,
             ^
",
q235,no_mergejoin,1,,,,,,,,,,,,,,error,"relation ""cast_info"" does not exist
LINE 2: FROM cast_info AS ci,
             ^
",
q235,no_nestloop,1,,,,,,,,,,,,,,error,"relation ""cast_info"" does not exist
LINE 2: FROM cast_info AS ci,
             ^
",
q236,default,1,,,,,,,,,,,,,,error,"relation ""cast_info"" does not exist
LINE 2: FROM cast_info AS ci,
             ^
",
q236,no_hashjoin,1,,,,,,,,,,,,,,error,"relation ""cast_info"" does not exist
LINE 2: FROM cast_info AS ci,
             ^
",
q236,no_mergejoin,1,,,,,,,,,,,,,,error,"relation ""cast_info"" does not exist
LINE 2: FROM cast_info AS ci,
             ^
",
q236,no_nestloop,1,,,,,,,,,,,,,,error,"relation ""cast_info"" does not exist
LINE 2: FROM cast_info AS ci,
             ^
",
q237,default,1,,,,,,,,,,,,,,error,"relation ""cast_info"" does not exist
LINE 2: FROM cast_info AS ci,
             ^
",
q237,no_hashjoin,1,,,,,,,,,,,,,,error,"relation ""cast_info"" does not exist
LINE 2: FROM cast_info AS ci,
             ^
",
q237,no_mergejoin,1,,,,,,,,,,,,,,error,"relation ""cast_info"" does not exist
LINE 2: FROM cast_info AS ci,
             ^
",
q237,no_nestloop,1,,,,,,,,,,,,,,error,"relation ""cast_info"" does not exist
LINE 2: FROM cast_info AS ci,
             ^
",
q238,default,1,,,,,,,,,,,,,,error,"relation ""cast_info"" does not exist
LINE 2: FROM cast_info AS ci,
             ^
",
q238,no_hashjoin,1,,,,,,,,,,,,,,error,"relation ""cast_info"" does not exist
LINE 2: FROM cast_info AS ci,
             ^
",
q238,no_mergejoin,1,,,,,,,,,,,,,,error,"relation ""cast_info"" does not exist
LINE 2: FROM cast_info AS ci,
             ^
",
q238,no_nestloop,1,,,,,,,,,,,,,,error,"relation ""cast_info"" does not exist
LINE 2: FROM cast_info AS ci,
             ^
",
q239,default,1,,,,,,,,,,,,,,error,"relation ""cast_info"" does not exist
LINE 2: FROM cast_info AS ci,
             ^
",
q239,no_hashjoin,1,,,,,,,,,,,,,,error,"relation ""cast_info"" does not exist
LINE 2: FROM cast_info AS ci,
             ^
",
q239,no_mergejoin,1,,,,,,,,,,,,,,error,"relation ""cast_info"" does not exist
LINE 2: FROM cast_info AS ci,
             ^
",
q239,no_nestloop,1,,,,,,,,,,,,,,error,"relation ""cast_info"" does not exist
LINE 2: FROM cast_info AS ci,
             ^
",
q24,default,1,,,,,,,,,,,,,,error,"relation ""company_name"" does not exist
LINE 4: FROM company_name AS cn,
             ^
",
q24,no_hashjoin,1,,,,,,,,,,,,,,error,"relation ""company_name"" does not exist
LINE 4: FROM company_name AS cn,
             ^
",
q24,no_mergejoin,1,,,,,,,,,,,,,,error,"relation ""company_name"" does not exist
LINE 4: FROM company_name AS cn,
             ^
",
q24,no_nestloop,1,,,,,,,,,,,,,,error,"relation ""company_name"" does not exist
LINE 4: FROM company_name AS cn,
             ^
",
q240,default,1,,,,,,,,,,,,,,error,"relation ""cast_info"" does not exist
LINE 2: FROM cast_info AS ci,
             ^
",
q240,no_hashjoin,1,,,,,,,,,,,,,,error,"relation ""cast_info"" does not exist
LINE 2: FROM cast_info AS ci,
             ^
",
q240,no_mergejoin,1,,,,,,,,,,,,,,error,"relation ""cast_info"" does not exist
LINE 2: FROM cast_info AS ci,
             ^
",
q240,no_nestloop,1,,,,,,,,,,,,,,error,"relation ""cast_info"" does not exist
LINE 2: FROM cast_info AS ci,
             ^
",
q241,default,1,,,,,,,,,,,,,,error,"relation ""cast_info"" does not exist
LINE 2: FROM cast_info AS ci,
             ^
",
q241,no_hashjoin,1,,,,,,,,,,,,,,error,"relation ""cast_info"" does not exist
LINE 2: FROM cast_info AS ci,
             ^
",
q241,no_mergejoin,1,,,,,,,,,,,,,,error,"relation ""cast_info"" does not exist
LINE 2: FROM cast_info AS ci,
             ^
",
q241,no_nestloop,1,,,,,,,,,,,,,,error,"relation ""cast_info"" does not exist
LINE 2: FROM cast_info AS ci,
             ^
",
q242,default,1,,,,,,,,,,,,,,error,"relation ""cast_info"" does not exist
LINE 2: FROM cast_info AS ci,
             ^
",
q242,no_hashjoin,1,,,,,,,,,,,,,,error,"relation ""cast_info"" does not exist
LINE 2: FROM cast_info AS ci,
             ^
",
q242,no_mergejoin,1,,,,,,,,,,,,,,error,"relation ""cast_info"" does not exist
LINE 2: FROM cast_info AS ci,
             ^
",
q242,no_nestloop,1,,,,,,,,,,,,,,error,"relation ""cast_info"" does not exist
LINE 2: FROM cast_info AS ci,
             ^
",
q243,default,1,,,,,,,,,,,,,,error,"relation ""cast_info"" does not exist
LINE 2: FROM cast_info AS ci,
             ^
",
q243,no_hashjoin,1,,,,,,,,,,,,,,error,"relation ""cast_info"" does not exist
LINE 2: FROM cast_info AS ci,
             ^
",
q243,no_mergejoin,1,,,,,,,,,,,,,,error,"relation ""cast_info"" does not exist
LINE 2: FROM cast_info AS ci,
             ^
",
q243,no_nestloop,1,,,,,,,,,,,,,,error,"relation ""cast_info"" does not exist
LINE 2: FROM cast_info AS ci,
             ^
",
q244,default,1,,,,,,,,,,,,,,error,"relation ""cast_info"" does not exist
LINE 2: FROM cast_info AS ci,
             ^
",
q244,no_hashjoin,1,,,,,,,,,,,,,,error,"relation ""cast_info"" does not exist
LINE 2: FROM cast_info AS ci,
             ^
",
q244,no_mergejoin,1,,,,,,,,,,,,,,error,"relation ""cast_info"" does not exist
LINE 2: FROM cast_info AS ci,
             ^
",
q244,no_nestloop,1,,,,,,,,,,,,,,error,"relation ""cast_info"" does not exist
LINE 2: FROM cast_info AS ci,
             ^
",
q245,default,1,,,,,,,,,,,,,,error,"relation ""cast_info"" does not exist
LINE 2: FROM cast_info AS ci,
             ^
",
q245,no_hashjoin,1,,,,,,,,,,,,,,error,"relation ""cast_info"" does not exist
LINE 2: FROM cast_info AS ci,
             ^
",
q245,no_mergejoin,1,,,,,,,,,,,,,,error,"relation ""cast_info"" does not exist
LINE 2: FROM cast_info AS ci,
             ^
",
q245,no_nestloop,1,,,,,,,,,,,,,,error,"relation ""cast_info"" does not exist
LINE 2: FROM cast_info AS ci,
             ^
",
q246,default,1,,,,,,,,,,,,,,error,"relation ""cast_info"" does not exist
LINE 2: FROM cast_info AS ci,
             ^
",
q246,no_hashjoin,1,,,,,,,,,,,,,,error,"relation ""cast_info"" does not exist
LINE 2: FROM cast_info AS ci,
             ^
",
q246,no_mergejoin,1,,,,,,,,,,,,,,error,"relation ""cast_info"" does not exist
LINE 2: FROM cast_info AS ci,
             ^
",
q246,no_nestloop,1,,,,,,,,,,,,,,error,"relation ""cast_info"" does not exist
LINE 2: FROM cast_info AS ci,
             ^
",
q247,default,1,,,,,,,,,,,,,,error,"relation ""cast_info"" does not exist
LINE 2: FROM cast_info AS ci,
             ^
",
q247,no_hashjoin,1,,,,,,,,,,,,,,error,"relation ""cast_info"" does not exist
LINE 2: FROM cast_info AS ci,
             ^
",
q247,no_mergejoin,1,,,,,,,,,,,,,,error,"relation ""cast_info"" does not exist
LINE 2: FROM cast_info AS ci,
             ^
",
q247,no_nestloop,1,,,,,,,,,,,,,,error,"relation ""cast_info"" does not exist
LINE 2: FROM cast_info AS ci,
             ^
",
q248,default,1,,,,,,,,,,,,,,error,"relation ""cast_info"" does not exist
LINE 4: FROM cast_info AS ci,
             ^
",
q248,no_hashjoin,1,,,,,,,,,,,,,,error,"relation ""cast_info"" does not exist
LINE 4: FROM cast_info AS ci,
             ^
",
q248,no_mergejoin,1,,,,,,,,,,,,,,error,"relation ""cast_info"" does not exist
LINE 4: FROM cast_info AS ci,
             ^
",
q248,no_nestloop,1,,,,,,,,,,,,,,error,"relation ""cast_info"" does not exist
LINE 4: FROM cast_info AS ci,
             ^
",
q249,default,1,,,,,,,,,,,,,,error,"relation ""cast_info"" does not exist
LINE 4: FROM cast_info AS ci,
             ^
",
q249,no_hashjoin,1,,,,,,,,,,,,,,error,"relation ""cast_info"" does not exist
LINE 4: FROM cast_info AS ci,
             ^
",
q249,no_mergejoin,1,,,,,,,,,,,,,,error,"relation ""cast_info"" does not exist
LINE 4: FROM cast_info AS ci,
             ^
",
q249,no_nestloop,1,,,,,,,,,,,,,,error,"relation ""cast_info"" does not exist
LINE 4: FROM cast_info AS ci,
             ^
",
q25,default,1,,,,,,,,,,,,,,error,"relation ""company_name"" does not exist
LINE 4: FROM company_name AS cn,
             ^
",
q25,no_hashjoin,1,,,,,,,,,,,,,,error,"relation ""company_name"" does not exist
LINE 4: FROM company_name AS cn,
             ^
",
q25,no_mergejoin,1,,,,,,,,,,,,,,error,"relation ""company_name"" does not exist
LINE 4: FROM company_name AS cn,
             ^
",
q25,no_nestloop,1,,,,,,,,,,,,,,error,"relation ""company_name"" does not exist
LINE 4: FROM company_name AS cn,
             ^
",
q250,default,1,,,,,,,,,,,,,,error,"relation ""cast_info"" does not exist
LINE 4: FROM cast_info AS ci,
             ^
",
q250,no_hashjoin,1,,,,,,,,,,,,,,error,"relation ""cast_info"" does not exist
LINE 4: FROM cast_info AS ci,
             ^
",
q250,no_mergejoin,1,,,,,,,,,,,,,,error,"relation ""cast_info"" does not exist
LINE 4: FROM cast_info AS ci,
             ^
",
q250,no_nestloop,1,,,,,,,,,,,,,,error,"relation ""cast_info"" does not exist
LINE 4: FROM cast_info AS ci,
             ^
",
q251,default,1,,,,,,,,,,,,,,error,"relation ""cast_info"" does not exist
LINE 4: FROM cast_info AS ci,
             ^
",
q251,no_hashjoin,1,,,,,,,,,,,,,,error,"relation ""cast_info"" does not exist
LINE 4: FROM cast_info AS ci,
             ^
",
q251,no_mergejoin,1,,,,,,,,,,,,,,error,"relation ""cast_info"" does not exist
LINE 4: FROM cast_info AS ci,
             ^
",
q251,no_nestloop,1,,,,,,,,,,,,,,error,"relation ""cast_info"" does not exist
LINE 4: FROM cast_info AS ci,
             ^
",
q252,default,1,,,,,,,,,,,,,,error,"relation ""cast_info"" does not exist
LINE 4: FROM cast_info AS ci,
             ^
",
q252,no_hashjoin,1,,,,,,,,,,,,,,error,"relation ""cast_info"" does not exist
LINE 4: FROM cast_info AS ci,
             ^
",
q252,no_mergejoin,1,,,,,,,,,,,,,,error,"relation ""cast_info"" does not exist
LINE 4: FROM cast_info AS ci,
             ^
",
q252,no_nestloop,1,,,,,,,,,,,,,,error,"relation ""cast_info"" does not exist
LINE 4: FROM cast_info AS ci,
             ^
",
q253,default,1,,,,,,,,,,,,,,error,"relation ""cast_info"" does not exist
LINE 4: FROM cast_info AS ci,
             ^
",
q253,no_hashjoin,1,,,,,,,,,,,,,,error,"relation ""cast_info"" does not exist
LINE 4: FROM cast_info AS ci,
             ^
",
q253,no_mergejoin,1,,,,,,,,,,,,,,error,"relation ""cast_info"" does not exist
LINE 4: FROM cast_info AS ci,
             ^
",
q253,no_nestloop,1,,,,,,,,,,,,,,error,"relation ""cast_info"" does not exist
LINE 4: FROM cast_info AS ci,
             ^
",
q254,default,1,,,,,,,,,,,,,,error,"relation ""cast_info"" does not exist
LINE 4: FROM cast_info AS ci,
             ^
",
q254,no_hashjoin,1,,,,,,,,,,,,,,error,"relation ""cast_info"" does not exist
LINE 4: FROM cast_info AS ci,
             ^
",
q254,no_mergejoin,1,,,,,,,,,,,,,,error,"relation ""cast_info"" does not exist
LINE 4: FROM cast_info AS ci,
             ^
",
q254,no_nestloop,1,,,,,,,,,,,,,,error,"relation ""cast_info"" does not exist
LINE 4: FROM cast_info AS ci,
             ^
",
q255,default,1,,,,,,,,,,,,,,error,"relation ""cast_info"" does not exist
LINE 4: FROM cast_info AS ci,
             ^
",
q255,no_hashjoin,1,,,,,,,,,,,,,,error,"relation ""cast_info"" does not exist
LINE 4: FROM cast_info AS ci,
             ^
",
q255,no_mergejoin,1,,,,,,,,,,,,,,error,"relation ""cast_info"" does not exist
LINE 4: FROM cast_info AS ci,
             ^
",
q255,no_nestloop,1,,,,,,,,,,,,,,error,"relation ""cast_info"" does not exist
LINE 4: FROM cast_info AS ci,
             ^
",
q256,default,1,,,,,,,,,,,,,,error,"relation ""cast_info"" does not exist
LINE 4: FROM cast_info AS ci,
             ^
",
q256,no_hashjoin,1,,,,,,,,,,,,,,error,"relation ""cast_info"" does not exist
LINE 4: FROM cast_info AS ci,
             ^
",
q256,no_mergejoin,1,,,,,,,,,,,,,,error,"relation ""cast_info"" does not exist
LINE 4: FROM cast_info AS ci,
             ^
",
q256,no_nestloop,1,,,,,,,,,,,,,,error,"relation ""cast_info"" does not exist
LINE 4: FROM cast_info AS ci,
             ^
",
q257,default,1,,,,,,,,,,,,,,error,"relation ""cast_info"" does not exist
LINE 4: FROM cast_info AS ci,
             ^
",
q257,no_hashjoin,1,,,,,,,,,,,,,,error,"relation ""cast_info"" does not exist
LINE 4: FROM cast_info AS ci,
             ^
",
q257,no_mergejoin,1,,,,,,,,,,,,,,error,"relation ""cast_info"" does not exist
LINE 4: FROM cast_info AS ci,
             ^
",
q257,no_nestloop,1,,,,,,,,,,,,,,error,"relation ""cast_info"" does not exist
LINE 4: FROM cast_info AS ci,
             ^
",
q258,default,1,,,,,,,,,,,,,,error,"relation ""cast_info"" does not exist
LINE 4: FROM cast_info AS ci,
             ^
",
q258,no_hashjoin,1,,,,,,,,,,,,,,error,"relation ""cast_info"" does not exist
LINE 4: FROM cast_info AS ci,
             ^
",
q258,no_mergejoin,1,,,,,,,,,,,,,,error,"relation ""cast_info"" does not exist
LINE 4: FROM cast_info AS ci,
             ^
",
q258,no_nestloop,1,,,,,,,,,,,,,,error,"relation ""cast_info"" does not exist
LINE 4: FROM cast_info AS ci,
             ^
",
q259,default,1,,,,,,,,,,,,,,error,"relation ""cast_info"" does not exist
LINE 4: FROM cast_info AS ci,
             ^
",
q259,no_hashjoin,1,,,,,,,,,,,,,,error,"relation ""cast_info"" does not exist
LINE 4: FROM cast_info AS ci,
             ^
",
q259,no_mergejoin,1,,,,,,,,,,,,,,error,"relation ""cast_info"" does not exist
LINE 4: FROM cast_info AS ci,
             ^
",
q259,no_nestloop,1,,,,,,,,,,,,,,error,"relation ""cast_info"" does not exist
LINE 4: FROM cast_info AS ci,
             ^
",
q26,default,1,,,,,,,,,,,,,,error,"relation ""company_name"" does not exist
LINE 4: FROM company_name AS cn,
             ^
",
q26,no_hashjoin,1,,,,,,,,,,,,,,error,"relation ""company_name"" does not exist
LINE 4: FROM company_name AS cn,
             ^
",
q26,no_mergejoin,1,,,,,,,,,,,,,,error,"relation ""company_name"" does not exist
LINE 4: FROM company_name AS cn,
             ^
",
q26,no_nestloop,1,,,,,,,,,,,,,,error,"relation ""company_name"" does not exist
LINE 4: FROM company_name AS cn,
             ^
",
q260,default,1,,,,,,,,,,,,,,error,"relation ""cast_info"" does not exist
LINE 4: FROM cast_info AS ci,
             ^
",
q260,no_hashjoin,1,,,,,,,,,,,,,,error,"relation ""cast_info"" does not exist
LINE 4: FROM cast_info AS ci,
             ^
",
q260,no_mergejoin,1,,,,,,,,,,,,,,error,"relation ""cast_info"" does not exist
LINE 4: FROM cast_info AS ci,
             ^
",
q260,no_nestloop,1,,,,,,,,,,,,,,error,"relation ""cast_info"" does not exist
LINE 4: FROM cast_info AS ci,
             ^
",
q261,default,1,,,,,,,,,,,,,,error,"relation ""cast_info"" does not exist
LINE 4: FROM cast_info AS ci,
             ^
",
q261,no_hashjoin,1,,,,,,,,,,,,,,error,"relation ""cast_info"" does not exist
LINE 4: FROM cast_info AS ci,
             ^
",
q261,no_mergejoin,1,,,,,,,,,,,,,,error,"relation ""cast_info"" does not exist
LINE 4: FROM cast_info AS ci,
             ^
",
q261,no_nestloop,1,,,,,,,,,,,,,,error,"relation ""cast_info"" does not exist
LINE 4: FROM cast_info AS ci,
             ^
",
q262,default,1,,,,,,,,,,,,,,error,"relation ""cast_info"" does not exist
LINE 4: FROM cast_info AS ci,
             ^
",
q262,no_hashjoin,1,,,,,,,,,,,,,,error,"relation ""cast_info"" does not exist
LINE 4: FROM cast_info AS ci,
             ^
",
q262,no_mergejoin,1,,,,,,,,,,,,,,error,"relation ""cast_info"" does not exist
LINE 4: FROM cast_info AS ci,
             ^
",
q262,no_nestloop,1,,,,,,,,,,,,,,error,"relation ""cast_info"" does not exist
LINE 4: FROM cast_info AS ci,
             ^
",
q263,default,1,,,,,,,,,,,,,,error,"relation ""cast_info"" does not exist
LINE 4: FROM cast_info AS ci,
             ^
",
q263,no_hashjoin,1,,,,,,,,,,,,,,error,"relation ""cast_info"" does not exist
LINE 4: FROM cast_info AS ci,
             ^
",
q263,no_mergejoin,1,,,,,,,,,,,,,,error,"relation ""cast_info"" does not exist
LINE 4: FROM cast_info AS ci,
             ^
",
q263,no_nestloop,1,,,,,,,,,,,,,,error,"relation ""cast_info"" does not exist
LINE 4: FROM cast_info AS ci,
             ^
",
q264,default,1,,,,,,,,,,,,,,error,"relation ""cast_info"" does not exist
LINE 4: FROM cast_info AS ci,
             ^
",
q264,no_hashjoin,1,,,,,,,,,,,,,,error,"relation ""cast_info"" does not exist
LINE 4: FROM cast_info AS ci,
             ^
",
q264,no_mergejoin,1,,,,,,,,,,,,,,error,"relation ""cast_info"" does not exist
LINE 4: FROM cast_info AS ci,
             ^
",
q264,no_nestloop,1,,,,,,,,,,,,,,error,"relation ""cast_info"" does not exist
LINE 4: FROM cast_info AS ci,
             ^
",
q265,default,1,,,,,,,,,,,,,,error,"relation ""cast_info"" does not exist
LINE 4: FROM cast_info AS ci,
             ^
",
q265,no_hashjoin,1,,,,,,,,,,,,,,error,"relation ""cast_info"" does not exist
LINE 4: FROM cast_info AS ci,
             ^
",
q265,no_mergejoin,1,,,,,,,,,,,,,,error,"relation ""cast_info"" does not exist
LINE 4: FROM cast_info AS ci,
             ^
",
q265,no_nestloop,1,,,,,,,,,,,,,,error,"relation ""cast_info"" does not exist
LINE 4: FROM cast_info AS ci,
             ^
",
q266,default,1,,,,,,,,,,,,,,error,"relation ""cast_info"" does not exist
LINE 4: FROM cast_info AS ci,
             ^
",
q266,no_hashjoin,1,,,,,,,,,,,,,,error,"relation ""cast_info"" does not exist
LINE 4: FROM cast_info AS ci,
             ^
",
q266,no_mergejoin,1,,,,,,,,,,,,,,error,"relation ""cast_info"" does not exist
LINE 4: FROM cast_info AS ci,
             ^
",
q266,no_nestloop,1,,,,,,,,,,,,,,error,"relation ""cast_info"" does not exist
LINE 4: FROM cast_info AS ci,
             ^
",
q267,default,1,,,,,,,,,,,,,,error,"relation ""cast_info"" does not exist
LINE 4: FROM cast_info AS ci,
             ^
",
q267,no_hashjoin,1,,,,,,,,,,,,,,error,"relation ""cast_info"" does not exist
LINE 4: FROM cast_info AS ci,
             ^
",
q267,no_mergejoin,1,,,,,,,,,,,,,,error,"relation ""cast_info"" does not exist
LINE 4: FROM cast_info AS ci,
             ^
",
q267,no_nestloop,1,,,,,,,,,,,,,,error,"relation ""cast_info"" does not exist
LINE 4: FROM cast_info AS ci,
             ^
",
q268,default,1,,,,,,,,,,,,,,error,"relation ""cast_info"" does not exist
LINE 4: FROM cast_info AS ci,
             ^
",
q268,no_hashjoin,1,,,,,,,,,,,,,,error,"relation ""cast_info"" does not exist
LINE 4: FROM cast_info AS ci,
             ^
",
q268,no_mergejoin,1,,,,,,,,,,,,,,error,"relation ""cast_info"" does not exist
LINE 4: FROM cast_info AS ci,
             ^
",
q268,no_nestloop,1,,,,,,,,,,,,,,error,"relation ""cast_info"" does not exist
LINE 4: FROM cast_info AS ci,
             ^
",
q269,default,1,,,,,,,,,,,,,,error,"relation ""cast_info"" does not exist
LINE 4: FROM cast_info AS ci,
             ^
",
q269,no_hashjoin,1,,,,,,,,,,,,,,error,"relation ""cast_info"" does not exist
LINE 4: FROM cast_info AS ci,
             ^
",
q269,no_mergejoin,1,,,,,,,,,,,,,,error,"relation ""cast_info"" does not exist
LINE 4: FROM cast_info AS ci,
             ^
",
q269,no_nestloop,1,,,,,,,,,,,,,,error,"relation ""cast_info"" does not exist
LINE 4: FROM cast_info AS ci,
             ^
",
q27,default,1,,,,,,,,,,,,,,error,"relation ""company_name"" does not exist
LINE 4: FROM company_name AS cn,
             ^
",
q27,no_hashjoin,1,,,,,,,,,,,,,,error,"relation ""company_name"" does not exist
LINE 4: FROM company_name AS cn,
             ^
",
q27,no_mergejoin,1,,,,,,,,,,,,,,error,"relation ""company_name"" does not exist
LINE 4: FROM company_name AS cn,
             ^
",
q27,no_nestloop,1,,,,,,,,,,,,,,error,"relation ""company_name"" does not exist
LINE 4: FROM company_name AS cn,
             ^
",
q270,default,1,,,,,,,,,,,,,,error,"relation ""cast_info"" does not exist
LINE 4: FROM cast_info AS ci,
             ^
",
q270,no_hashjoin,1,,,,,,,,,,,,,,error,"relation ""cast_info"" does not exist
LINE 4: FROM cast_info AS ci,
             ^
",
q270,no_mergejoin,1,,,,,,,,,,,,,,error,"relation ""cast_info"" does not exist
LINE 4: FROM cast_info AS ci,
             ^
",
q270,no_nestloop,1,,,,,,,,,,,,,,error,"relation ""cast_info"" does not exist
LINE 4: FROM cast_info AS ci,
             ^
",
q271,default,1,,,,,,,,,,,,,,error,"relation ""cast_info"" does not exist
LINE 4: FROM cast_info AS ci,
             ^
",
q271,no_hashjoin,1,,,,,,,,,,,,,,error,"relation ""cast_info"" does not exist
LINE 4: FROM cast_info AS ci,
             ^
",
q271,no_mergejoin,1,,,,,,,,,,,,,,error,"relation ""cast_info"" does not exist
LINE 4: FROM cast_info AS ci,
             ^
",
q271,no_nestloop,1,,,,,,,,,,,,,,error,"relation ""cast_info"" does not exist
LINE 4: FROM cast_info AS ci,
             ^
",
q272,default,1,,,,,,,,,,,,,,error,"relation ""aka_name"" does not exist
LINE 3: FROM aka_name AS an,
             ^
",
q272,no_hashjoin,1,,,,,,,,,,,,,,error,"relation ""aka_name"" does not exist
LINE 3: FROM aka_name AS an,
             ^
",
q272,no_mergejoin,1,,,,,,,,,,,,,,error,"relation ""aka_name"" does not exist
LINE 3: FROM aka_name AS an,
             ^
",
q272,no_nestloop,1,,,,,,,,,,,,,,error,"relation ""aka_name"" does not exist
LINE 3: FROM aka_name AS an,
             ^
",
q273,default,1,,,,,,,,,,,,,,error,"relation ""aka_name"" does not exist
LINE 3: FROM aka_name AS an,
             ^
",
q273,no_hashjoin,1,,,,,,,,,,,,,,error,"relation ""aka_name"" does not exist
LINE 3: FROM aka_name AS an,
             ^
",
q273,no_mergejoin,1,,,,,,,,,,,,,,error,"relation ""aka_name"" does not exist
LINE 3: FROM aka_name AS an,
             ^
",
q273,no_nestloop,1,,,,,,,,,,,,,,error,"relation ""aka_name"" does not exist
LINE 3: FROM aka_name AS an,
             ^
",
q274,default,1,,,,,,,,,,,,,,error,"relation ""aka_name"" does not exist
LINE 3: FROM aka_name AS an,
             ^
",
q274,no_hashjoin,1,,,,,,,,,,,,,,error,"relation ""aka_name"" does not exist
LINE 3: FROM aka_name AS an,
             ^
",
q274,no_mergejoin,1,,,,,,,,,,,,,,error,"relation ""aka_name"" does not exist
LINE 3: FROM aka_name AS an,
             ^
",
q274,no_nestloop,1,,,,,,,,,,,,,,error,"relation ""aka_name"" does not exist
LINE 3: FROM aka_name AS an,
             ^
",
q275,default,1,,,,,,,,,,,,,,error,"relation ""aka_name"" does not exist
LINE 3: FROM aka_name AS an,
             ^
",
q275,no_hashjoin,1,,,,,,,,,,,,,,error,"relation ""aka_name"" does not exist
LINE 3: FROM aka_name AS an,
             ^
",
q275,no_mergejoin,1,,,,,,,,,,,,,,error,"relation ""aka_name"" does not exist
LINE 3: FROM aka_name AS an,
             ^
",
q275,no_nestloop,1,,,,,,,,,,,,,,error,"relation ""aka_name"" does not exist
LINE 3: FROM aka_name AS an,
             ^
",
q276,default,1,,,,,,,,,,,,,,error,"relation ""aka_name"" does not exist
LINE 3: FROM aka_name AS an,
             ^
",
q276,no_hashjoin,1,,,,,,,,,,,,,,error,"relation ""aka_name"" does not exist
LINE 3: FROM aka_name AS an,
             ^
",
q276,no_mergejoin,1,,,,,,,,,,,,,,error,"relation ""aka_name"" does not exist
LINE 3: FROM aka_name AS an,
             ^
",
q276,no_nestloop,1,,,,,,,,,,,,,,error,"relation ""aka_name"" does not exist
LINE 3: FROM aka_name AS an,
             ^
",
q277,default,1,,,,,,,,,,,,,,error,"relation ""aka_name"" does not exist
LINE 3: FROM aka_name AS an,
             ^
",
q277,no_hashjoin,1,,,,,,,,,,,,,,error,"relation ""aka_name"" does not exist
LINE 3: FROM aka_name AS an,
             ^
",
q277,no_mergejoin,1,,,,,,,,,,,,,,error,"relation ""aka_name"" does not exist
LINE 3: FROM aka_name AS an,
             ^
",
q277,no_nestloop,1,,,,,,,,,,,,,,error,"relation ""aka_name"" does not exist
LINE 3: FROM aka_name AS an,
             ^
",
q278,default,1,,,,,,,,,,,,,,error,"relation ""aka_name"" does not exist
LINE 3: FROM aka_name AS an,
             ^
",
q278,no_hashjoin,1,,,,,,,,,,,,,,error,"relation ""aka_name"" does not exist
LINE 3: FROM aka_name AS an,
             ^
",
q278,no_mergejoin,1,,,,,,,,,,,,,,error,"relation ""aka_name"" does not exist
LINE 3: FROM aka_name AS an,
             ^
",
q278,no_nestloop,1,,,,,,,,,,,,,,error,"relation ""aka_name"" does not exist
LINE 3: FROM aka_name AS an,
             ^
",
q279,default,1,,,,,,,,,,,,,,error,"relation ""aka_name"" does not exist
LINE 3: FROM aka_name AS an,
             ^
",
q279,no_hashjoin,1,,,,,,,,,,,,,,error,"relation ""aka_name"" does not exist
LINE 3: FROM aka_name AS an,
             ^
",
q279,no_mergejoin,1,,,,,,,,,,,,,,error,"relation ""aka_name"" does not exist
LINE 3: FROM aka_name AS an,
             ^
",
q279,no_nestloop,1,,,,,,,,,,,,,,error,"relation ""aka_name"" does not exist
LINE 3: FROM aka_name AS an,
             ^
",
q28,default,1,,,,,,,,,,,,,,error,"relation ""company_name"" does not exist
LINE 4: FROM company_name AS cn,
             ^
",
q28,no_hashjoin,1,,,,,,,,,,,,,,error,"relation ""company_name"" does not exist
LINE 4: FROM company_name AS cn,
             ^
",
q28,no_mergejoin,1,,,,,,,,,,,,,,error,"relation ""company_name"" does not exist
LINE 4: FROM company_name AS cn,
             ^
",
q28,no_nestloop,1,,,,,,,,,,,,,,error,"relation ""company_name"" does not exist
LINE 4: FROM company_name AS cn,
             ^
",
q280,default,1,,,,,,,,,,,,,,error,"relation ""aka_name"" does not exist
LINE 3: FROM aka_name AS an,
             ^
",
q280,no_hashjoin,1,,,,,,,,,,,,,,error,"relation ""aka_name"" does not exist
LINE 3: FROM aka_name AS an,
             ^
",
q280,no_mergejoin,1,,,,,,,,,,,,,,error,"relation ""aka_name"" does not exist
LINE 3: FROM aka_name AS an,
             ^
",
q280,no_nestloop,1,,,,,,,,,,,,,,error,"relation ""aka_name"" does not exist
LINE 3: FROM aka_name AS an,
             ^
",
q281,default,1,,,,,,,,,,,,,,error,"relation ""aka_name"" does not exist
LINE 3: FROM aka_name AS an,
             ^
",
q281,no_hashjoin,1,,,,,,,,,,,,,,error,"relation ""aka_name"" does not exist
LINE 3: FROM aka_name AS an,
             ^
",
q281,no_mergejoin,1,,,,,,,,,,,,,,error,"relation ""aka_name"" does not exist
LINE 3: FROM aka_name AS an,
             ^
",
q281,no_nestloop,1,,,,,,,,,,,,,,error,"relation ""aka_name"" does not exist
LINE 3: FROM aka_name AS an,
             ^
",
q282,default,1,,,,,,,,,,,,,,error,"relation ""aka_name"" does not exist
LINE 3: FROM aka_name AS an,
             ^
",
q282,no_hashjoin,1,,,,,,,,,,,,,,error,"relation ""aka_name"" does not exist
LINE 3: FROM aka_name AS an,
             ^
",
q282,no_mergejoin,1,,,,,,,,,,,,,,error,"relation ""aka_name"" does not exist
LINE 3: FROM aka_name AS an,
             ^
",
q282,no_nestloop,1,,,,,,,,,,,,,,error,"relation ""aka_name"" does not exist
LINE 3: FROM aka_name AS an,
             ^
",
q283,default,1,,,,,,,,,,,,,,error,"relation ""aka_name"" does not exist
LINE 3: FROM aka_name AS an,
             ^
",
q283,no_hashjoin,1,,,,,,,,,,,,,,error,"relation ""aka_name"" does not exist
LINE 3: FROM aka_name AS an,
             ^
",
q283,no_mergejoin,1,,,,,,,,,,,,,,error,"relation ""aka_name"" does not exist
LINE 3: FROM aka_name AS an,
             ^
",
q283,no_nestloop,1,,,,,,,,,,,,,,error,"relation ""aka_name"" does not exist
LINE 3: FROM aka_name AS an,
             ^
",
q284,default,1,,,,,,,,,,,,,,error,"relation ""aka_name"" does not exist
LINE 3: FROM aka_name AS an,
             ^
",
q284,no_hashjoin,1,,,,,,,,,,,,,,error,"relation ""aka_name"" does not exist
LINE 3: FROM aka_name AS an,
             ^
",
q284,no_mergejoin,1,,,,,,,,,,,,,,error,"relation ""aka_name"" does not exist
LINE 3: FROM aka_name AS an,
             ^
",
q284,no_nestloop,1,,,,,,,,,,,,,,error,"relation ""aka_name"" does not exist
LINE 3: FROM aka_name AS an,
             ^
",
q285,default,1,,,,,,,,,,,,,,error,"relation ""aka_name"" does not exist
LINE 3: FROM aka_name AS an,
             ^
",
q285,no_hashjoin,1,,,,,,,,,,,,,,error,"relation ""aka_name"" does not exist
LINE 3: FROM aka_name AS an,
             ^
",
q285,no_mergejoin,1,,,,,,,,,,,,,,error,"relation ""aka_name"" does not exist
LINE 3: FROM aka_name AS an,
             ^
",
q285,no_nestloop,1,,,,,,,,,,,,,,error,"relation ""aka_name"" does not exist
LINE 3: FROM aka_name AS an,
             ^
",
q286,default,1,,,,,,,,,,,,,,error,"relation ""aka_name"" does not exist
LINE 3: FROM aka_name AS an,
             ^
",
q286,no_hashjoin,1,,,,,,,,,,,,,,error,"relation ""aka_name"" does not exist
LINE 3: FROM aka_name AS an,
             ^
",
q286,no_mergejoin,1,,,,,,,,,,,,,,error,"relation ""aka_name"" does not exist
LINE 3: FROM aka_name AS an,
             ^
",
q286,no_nestloop,1,,,,,,,,,,,,,,error,"relation ""aka_name"" does not exist
LINE 3: FROM aka_name AS an,
             ^
",
q287,default,1,,,,,,,,,,,,,,error,"relation ""aka_name"" does not exist
LINE 3: FROM aka_name AS an,
             ^
",
q287,no_hashjoin,1,,,,,,,,,,,,,,error,"relation ""aka_name"" does not exist
LINE 3: FROM aka_name AS an,
             ^
",
q287,no_mergejoin,1,,,,,,,,,,,,,,error,"relation ""aka_name"" does not exist
LINE 3: FROM aka_name AS an,
             ^
",
q287,no_nestloop,1,,,,,,,,,,,,,,error,"relation ""aka_name"" does not exist
LINE 3: FROM aka_name AS an,
             ^
",
q288,default,1,,,,,,,,,,,,,,error,"relation ""aka_name"" does not exist
LINE 3: FROM aka_name AS an,
             ^
",
q288,no_hashjoin,1,,,,,,,,,,,,,,error,"relation ""aka_name"" does not exist
LINE 3: FROM aka_name AS an,
             ^
",
q288,no_mergejoin,1,,,,,,,,,,,,,,error,"relation ""aka_name"" does not exist
LINE 3: FROM aka_name AS an,
             ^
",
q288,no_nestloop,1,,,,,,,,,,,,,,error,"relation ""aka_name"" does not exist
LINE 3: FROM aka_name AS an,
             ^
",
q289,default,1,,,,,,,,,,,,,,error,"relation ""aka_name"" does not exist
LINE 3: FROM aka_name AS an,
             ^
",
q289,no_hashjoin,1,,,,,,,,,,,,,,error,"relation ""aka_name"" does not exist
LINE 3: FROM aka_name AS an,
             ^
",
q289,no_mergejoin,1,,,,,,,,,,,,,,error,"relation ""aka_name"" does not exist
LINE 3: FROM aka_name AS an,
             ^
",
q289,no_nestloop,1,,,,,,,,,,,,,,error,"relation ""aka_name"" does not exist
LINE 3: FROM aka_name AS an,
             ^
",
q29,default,1,,,,,,,,,,,,,,error,"relation ""company_name"" does not exist
LINE 4: FROM company_name AS cn,
             ^
",
q29,no_hashjoin,1,,,,,,,,,,,,,,error,"relation ""company_name"" does not exist
LINE 4: FROM company_name AS cn,
             ^
",
q29,no_mergejoin,1,,,,,,,,,,,,,,error,"relation ""company_name"" does not exist
LINE 4: FROM company_name AS cn,
             ^
",
q29,no_nestloop,1,,,,,,,,,,,,,,error,"relation ""company_name"" does not exist
LINE 4: FROM company_name AS cn,
             ^
",
q290,default,1,,,,,,,,,,,,,,error,"relation ""aka_name"" does not exist
LINE 3: FROM aka_name AS an,
             ^
",
q290,no_hashjoin,1,,,,,,,,,,,,,,error,"relation ""aka_name"" does not exist
LINE 3: FROM aka_name AS an,
             ^
",
q290,no_mergejoin,1,,,,,,,,,,,,,,error,"relation ""aka_name"" does not exist
LINE 3: FROM aka_name AS an,
             ^
",
q290,no_nestloop,1,,,,,,,,,,,,,,error,"relation ""aka_name"" does not exist
LINE 3: FROM aka_name AS an,
             ^
",
q291,default,1,,,,,,,,,,,,,,error,"relation ""aka_name"" does not exist
LINE 3: FROM aka_name AS an,
             ^
",
q291,no_hashjoin,1,,,,,,,,,,,,,,error,"relation ""aka_name"" does not exist
LINE 3: FROM aka_name AS an,
             ^
",
q291,no_mergejoin,1,,,,,,,,,,,,,,error,"relation ""aka_name"" does not exist
LINE 3: FROM aka_name AS an,
             ^
",
q291,no_nestloop,1,,,,,,,,,,,,,,error,"relation ""aka_name"" does not exist
LINE 3: FROM aka_name AS an,
             ^
",
q292,default,1,,,,,,,,,,,,,,error,"relation ""aka_name"" does not exist
LINE 3: FROM aka_name AS an,
             ^
",
q292,no_hashjoin,1,,,,,,,,,,,,,,error,"relation ""aka_name"" does not exist
LINE 3: FROM aka_name AS an,
             ^
",
q292,no_mergejoin,1,,,,,,,,,,,,,,error,"relation ""aka_name"" does not exist
LINE 3: FROM aka_name AS an,
             ^
",
q292,no_nestloop,1,,,,,,,,,,,,,,error,"relation ""aka_name"" does not exist
LINE 3: FROM aka_name AS an,
             ^
",
q293,default,1,,,,,,,,,,,,,,error,"relation ""aka_name"" does not exist
LINE 3: FROM aka_name AS an,
             ^
",
q293,no_hashjoin,1,,,,,,,,,,,,,,error,"relation ""aka_name"" does not exist
LINE 3: FROM aka_name AS an,
             ^
",
q293,no_mergejoin,1,,,,,,,,,,,,,,error,"relation ""aka_name"" does not exist
LINE 3: FROM aka_name AS an,
             ^
",
q293,no_nestloop,1,,,,,,,,,,,,,,error,"relation ""aka_name"" does not exist
LINE 3: FROM aka_name AS an,
             ^
",
q294,default,1,,,,,,,,,,,,,,error,"relation ""aka_name"" does not exist
LINE 3: FROM aka_name AS an,
             ^
",
q294,no_hashjoin,1,,,,,,,,,,,,,,error,"relation ""aka_name"" does not exist
LINE 3: FROM aka_name AS an,
             ^
",
q294,no_mergejoin,1,,,,,,,,,,,,,,error,"relation ""aka_name"" does not exist
LINE 3: FROM aka_name AS an,
             ^
",
q294,no_nestloop,1,,,,,,,,,,,,,,error,"relation ""aka_name"" does not exist
LINE 3: FROM aka_name AS an,
             ^
",
q295,default,1,,,,,,,,,,,,,,error,"relation ""aka_name"" does not exist
LINE 3: FROM aka_name AS an,
             ^
",
q295,no_hashjoin,1,,,,,,,,,,,,,,error,"relation ""aka_name"" does not exist
LINE 3: FROM aka_name AS an,
             ^
",
q295,no_mergejoin,1,,,,,,,,,,,,,,error,"relation ""aka_name"" does not exist
LINE 3: FROM aka_name AS an,
             ^
",
q295,no_nestloop,1,,,,,,,,,,,,,,error,"relation ""aka_name"" does not exist
LINE 3: FROM aka_name AS an,
             ^
",
q296,default,1,,,,,,,,,,,,,,error,"relation ""aka_name"" does not exist
LINE 3: FROM aka_name AS an,
             ^
",
q296,no_hashjoin,1,,,,,,,,,,,,,,error,"relation ""aka_name"" does not exist
LINE 3: FROM aka_name AS an,
             ^
",
q296,no_mergejoin,1,,,,,,,,,,,,,,error,"relation ""aka_name"" does not exist
LINE 3: FROM aka_name AS an,
             ^
",
q296,no_nestloop,1,,,,,,,,,,,,,,error,"relation ""aka_name"" does not exist
LINE 3: FROM aka_name AS an,
             ^
",
q297,default,1,,,,,,,,,,,,,,error,"relation ""aka_name"" does not exist
LINE 3: FROM aka_name AS an,
             ^
",
q297,no_hashjoin,1,,,,,,,,,,,,,,error,"relation ""aka_name"" does not exist
LINE 3: FROM aka_name AS an,
             ^
",
q297,no_mergejoin,1,,,,,,,,,,,,,,error,"relation ""aka_name"" does not exist
LINE 3: FROM aka_name AS an,
             ^
",
q297,no_nestloop,1,,,,,,,,,,,,,,error,"relation ""aka_name"" does not exist
LINE 3: FROM aka_name AS an,
             ^
",
q298,default,1,,,,,,,,,,,,,,error,"relation ""aka_name"" does not exist
LINE 3: FROM aka_name AS an,
             ^
",
q298,no_hashjoin,1,,,,,,,,,,,,,,error,"relation ""aka_name"" does not exist
LINE 3: FROM aka_name AS an,
             ^
",
q298,no_mergejoin,1,,,,,,,,,,,,,,error,"relation ""aka_name"" does not exist
LINE 3: FROM aka_name AS an,
             ^
",
q298,no_nestloop,1,,,,,,,,,,,,,,error,"relation ""aka_name"" does not exist
LINE 3: FROM aka_name AS an,
             ^
",
q299,default,1,,,,,,,,,,,,,,error,"relation ""aka_name"" does not exist
LINE 3: FROM aka_name AS an,
             ^
",
q299,no_hashjoin,1,,,,,,,,,,,,,,error,"relation ""aka_name"" does not exist
LINE 3: FROM aka_name AS an,
             ^
",
q299,no_mergejoin,1,,,,,,,,,,,,,,error,"relation ""aka_name"" does not exist
LINE 3: FROM aka_name AS an,
             ^
",
q299,no_nestloop,1,,,,,,,,,,,,,,error,"relation ""aka_name"" does not exist
LINE 3: FROM aka_name AS an,
             ^
",
q3,default,1,,,,,,,,,,,,,,error,"relation ""char_name"" does not exist
LINE 3: FROM char_name AS chn,
             ^
",
q3,no_hashjoin,1,,,,,,,,,,,,,,error,"relation ""char_name"" does not exist
LINE 3: FROM char_name AS chn,
             ^
",
q3,no_mergejoin,1,,,,,,,,,,,,,,error,"relation ""char_name"" does not exist
LINE 3: FROM char_name AS chn,
             ^
",
q3,no_nestloop,1,,,,,,,,,,,,,,error,"relation ""char_name"" does not exist
LINE 3: FROM char_name AS chn,
             ^
",
q30,default,1,,,,,,,,,,,,,,error,"relation ""company_name"" does not exist
LINE 4: FROM company_name AS cn,
             ^
",
q30,no_hashjoin,1,,,,,,,,,,,,,,error,"relation ""company_name"" does not exist
LINE 4: FROM company_name AS cn,
             ^
",
q30,no_mergejoin,1,,,,,,,,,,,,,,error,"relation ""company_name"" does not exist
LINE 4: FROM company_name AS cn,
             ^
",
q30,no_nestloop,1,,,,,,,,,,,,,,error,"relation ""company_name"" does not exist
LINE 4: FROM company_name AS cn,
             ^
",
q300,default,1,,,,,,,,,,,,,,error,"relation ""aka_name"" does not exist
LINE 3: FROM aka_name AS an,
             ^
",
q300,no_hashjoin,1,,,,,,,,,,,,,,error,"relation ""aka_name"" does not exist
LINE 3: FROM aka_name AS an,
             ^
",
q300,no_mergejoin,1,,,,,,,,,,,,,,error,"relation ""aka_name"" does not exist
LINE 3: FROM aka_name AS an,
             ^
",
q300,no_nestloop,1,,,,,,,,,,,,,,error,"relation ""aka_name"" does not exist
LINE 3: FROM aka_name AS an,
             ^
",
q301,default,1,,,,,,,,,,,,,,error,"relation ""aka_name"" does not exist
LINE 3: FROM aka_name AS an,
             ^
",
q301,no_hashjoin,1,,,,,,,,,,,,,,error,"relation ""aka_name"" does not exist
LINE 3: FROM aka_name AS an,
             ^
",
q301,no_mergejoin,1,,,,,,,,,,,,,,error,"relation ""aka_name"" does not exist
LINE 3: FROM aka_name AS an,
             ^
",
q301,no_nestloop,1,,,,,,,,,,,,,,error,"relation ""aka_name"" does not exist
LINE 3: FROM aka_name AS an,
             ^
",
q302,default,1,,,,,,,,,,,,,,error,"relation ""aka_name"" does not exist
LINE 3: FROM aka_name AS an,
             ^
",
q302,no_hashjoin,1,,,,,,,,,,,,,,error,"relation ""aka_name"" does not exist
LINE 3: FROM aka_name AS an,
             ^
",
q302,no_mergejoin,1,,,,,,,,,,,,,,error,"relation ""aka_name"" does not exist
LINE 3: FROM aka_name AS an,
             ^
",
q302,no_nestloop,1,,,,,,,,,,,,,,error,"relation ""aka_name"" does not exist
LINE 3: FROM aka_name AS an,
             ^
",
q303,default,1,,,,,,,,,,,,,,error,"relation ""aka_name"" does not exist
LINE 3: FROM aka_name AS an,
             ^
",
q303,no_hashjoin,1,,,,,,,,,,,,,,error,"relation ""aka_name"" does not exist
LINE 3: FROM aka_name AS an,
             ^
",
q303,no_mergejoin,1,,,,,,,,,,,,,,error,"relation ""aka_name"" does not exist
LINE 3: FROM aka_name AS an,
             ^
",
q303,no_nestloop,1,,,,,,,,,,,,,,error,"relation ""aka_name"" does not exist
LINE 3: FROM aka_name AS an,
             ^
",
q304,default,1,,,,,,,,,,,,,,error,"relation ""company_type"" does not exist
LINE 4: FROM company_type AS ct,
             ^
",
q304,no_hashjoin,1,,,,,,,,,,,,,,error,"relation ""company_type"" does not exist
LINE 4: FROM company_type AS ct,
             ^
",
q304,no_mergejoin,1,,,,,,,,,,,,,,error,"relation ""company_type"" does not exist
LINE 4: FROM company_type AS ct,
             ^
",
q304,no_nestloop,1,,,,,,,,,,,,,,error,"relation ""company_type"" does not exist
LINE 4: FROM company_type AS ct,
             ^
",
q305,default,1,,,,,,,,,,,,,,error,"relation ""company_type"" does not exist
LINE 4: FROM company_type AS ct,
             ^
",
q305,no_hashjoin,1,,,,,,,,,,,,,,error,"relation ""company_type"" does not exist
LINE 4: FROM company_type AS ct,
             ^
",
q305,no_mergejoin,1,,,,,,,,,,,,,,error,"relation ""company_type"" does not exist
LINE 4: FROM company_type AS ct,
             ^
",
q305,no_nestloop,1,,,,,,,,,,,,,,error,"relation ""company_type"" does not exist
LINE 4: FROM company_type AS ct,
             ^
",
q306,default,1,,,,,,,,,,,,,,error,"relation ""company_type"" does not exist
LINE 4: FROM company_type AS ct,
             ^
",
q306,no_hashjoin,1,,,,,,,,,,,,,,error,"relation ""company_type"" does not exist
LINE 4: FROM company_type AS ct,
             ^
",
q306,no_mergejoin,1,,,,,,,,,,,,,,error,"relation ""company_type"" does not exist
LINE 4: FROM company_type AS ct,
             ^
",
q306,no_nestloop,1,,,,,,,,,,,,,,error,"relation ""company_type"" does not exist
LINE 4: FROM company_type AS ct,
             ^
",
q307,default,1,,,,,,,,,,,,,,error,"relation ""company_type"" does not exist
LINE 4: FROM company_type AS ct,
             ^
",
q307,no_hashjoin,1,,,,,,,,,,,,,,error,"relation ""company_type"" does not exist
LINE 4: FROM company_type AS ct,
             ^
",
q307,no_mergejoin,1,,,,,,,,,,,,,,error,"relation ""company_type"" does not exist
LINE 4: FROM company_type AS ct,
             ^
",
q307,no_nestloop,1,,,,,,,,,,,,,,error,"relation ""company_type"" does not exist
LINE 4: FROM company_type AS ct,
             ^
",
q308,default,1,,,,,,,,,,,,,,error,"relation ""company_type"" does not exist
LINE 4: FROM company_type AS ct,
             ^
",
q308,no_hashjoin,1,,,,,,,,,,,,,,error,"relation ""company_type"" does not exist
LINE 4: FROM company_type AS ct,
             ^
",
q308,no_mergejoin,1,,,,,,,,,,,,,,error,"relation ""company_type"" does not exist
LINE 4: FROM company_type AS ct,
             ^
",
q308,no_nestloop,1,,,,,,,,,,,,,,error,"relation ""company_type"" does not exist
LINE 4: FROM company_type AS ct,
             ^
",
q309,default,1,,,,,,,,,,,,,,error,"relation ""company_type"" does not exist
LINE 4: FROM company_type AS ct,
             ^
",
q309,no_hashjoin,1,,,,,,,,,,,,,,error,"relation ""company_type"" does not exist
LINE 4: FROM company_type AS ct,
             ^
",
q309,no_mergejoin,1,,,,,,,,,,,,,,error,"relation ""company_type"" does not exist
LINE 4: FROM company_type AS ct,
             ^
",
q309,no_nestloop,1,,,,,,,,,,,,,,error,"relation ""company_type"" does not exist
LINE 4: FROM company_type AS ct,
             ^
",
q31,default,1,,,,,,,,,,,,,,error,"relation ""company_name"" does not exist
LINE 4: FROM company_name AS cn,
             ^
",
q31,no_hashjoin,1,,,,,,,,,,,,,,error,"relation ""company_name"" does not exist
LINE 4: FROM company_name AS cn,
             ^
",
q31,no_mergejoin,1,,,,,,,,,,,,,,error,"relation ""company_name"" does not exist
LINE 4: FROM company_name AS cn,
             ^
",
q31,no_nestloop,1,,,,,,,,,,,,,,error,"relation ""company_name"" does not exist
LINE 4: FROM company_name AS cn,
             ^
",
q310,default,1,,,,,,,,,,,,,,error,"relation ""company_type"" does not exist
LINE 4: FROM company_type AS ct,
             ^
",
q310,no_hashjoin,1,,,,,,,,,,,,,,error,"relation ""company_type"" does not exist
LINE 4: FROM company_type AS ct,
             ^
",
q310,no_mergejoin,1,,,,,,,,,,,,,,error,"relation ""company_type"" does not exist
LINE 4: FROM company_type AS ct,
             ^
",
q310,no_nestloop,1,,,,,,,,,,,,,,error,"relation ""company_type"" does not exist
LINE 4: FROM company_type AS ct,
             ^
",
q311,default,1,,,,,,,,,,,,,,error,"relation ""company_type"" does not exist
LINE 4: FROM company_type AS ct,
             ^
",
q311,no_hashjoin,1,,,,,,,,,,,,,,error,"relation ""company_type"" does not exist
LINE 4: FROM company_type AS ct,
             ^
",
q311,no_mergejoin,1,,,,,,,,,,,,,,error,"relation ""company_type"" does not exist
LINE 4: FROM company_type AS ct,
             ^
",
q311,no_nestloop,1,,,,,,,,,,,,,,error,"relation ""company_type"" does not exist
LINE 4: FROM company_type AS ct,
             ^
",
q312,default,1,,,,,,,,,,,,,,error,"relation ""company_type"" does not exist
LINE 4: FROM company_type AS ct,
             ^
",
q312,no_hashjoin,1,,,,,,,,,,,,,,error,"relation ""company_type"" does not exist
LINE 4: FROM company_type AS ct,
             ^
",
q312,no_mergejoin,1,,,,,,,,,,,,,,error,"relation ""company_type"" does not exist
LINE 4: FROM company_type AS ct,
             ^
",
q312,no_nestloop,1,,,,,,,,,,,,,,error,"relation ""company_type"" does not exist
LINE 4: FROM company_type AS ct,
             ^
",
q313,default,1,,,,,,,,,,,,,,error,"relation ""company_type"" does not exist
LINE 4: FROM company_type AS ct,
             ^
",
q313,no_hashjoin,1,,,,,,,,,,,,,,error,"relation ""company_type"" does not exist
LINE 4: FROM company_type AS ct,
             ^
",
q313,no_mergejoin,1,,,,,,,,,,,,,,error,"relation ""company_type"" does not exist
LINE 4: FROM company_type AS ct,
             ^
",
q313,no_nestloop,1,,,,,,,,,,,,,,error,"relation ""company_type"" does not exist
LINE 4: FROM company_type AS ct,
             ^
",
q314,default,1,,,,,,,,,,,,,,error,"relation ""company_type"" does not exist
LINE 4: FROM company_type AS ct,
             ^
",
q314,no_hashjoin,1,,,,,,,,,,,,,,error,"relation ""company_type"" does not exist
LINE 4: FROM company_type AS ct,
             ^
",
q314,no_mergejoin,1,,,,,,,,,,,,,,error,"relation ""company_type"" does not exist
LINE 4: FROM company_type AS ct,
             ^
",
q314,no_nestloop,1,,,,,,,,,,,,,,error,"relation ""company_type"" does not exist
LINE 4: FROM company_type AS ct,
             ^
",
q315,default,1,,,,,,,,,,,,,,error,"relation ""company_type"" does not exist
LINE 4: FROM company_type AS ct,
             ^
",
q315,no_hashjoin,1,,,,,,,,,,,,,,error,"relation ""company_type"" does not exist
LINE 4: FROM company_type AS ct,
             ^
",
q315,no_mergejoin,1,,,,,,,,,,,,,,error,"relation ""company_type"" does not exist
LINE 4: FROM company_type AS ct,
             ^
",
q315,no_nestloop,1,,,,,,,,,,,,,,error,"relation ""company_type"" does not exist
LINE 4: FROM company_type AS ct,
             ^
",
q316,default,1,,,,,,,,,,,,,,error,"relation ""company_type"" does not exist
LINE 4: FROM company_type AS ct,
             ^
",
q316,no_hashjoin,1,,,,,,,,,,,,,,error,"relation ""company_type"" does not exist
LINE 4: FROM company_type AS ct,
             ^
",
q316,no_mergejoin,1,,,,,,,,,,,,,,error,"relation ""company_type"" does not exist
LINE 4: FROM company_type AS ct,
             ^
",
q316,no_nestloop,1,,,,,,,,,,,,,,error,"relation ""company_type"" does not exist
LINE 4: FROM company_type AS ct,
             ^
",
q317,default,1,,,,,,,,,,,,,,error,"relation ""company_type"" does not exist
LINE 4: FROM company_type AS ct,
             ^
",
q317,no_hashjoin,1,,,,,,,,,,,,,,error,"relation ""company_type"" does not exist
LINE 4: FROM company_type AS ct,
             ^
",
q317,no_mergejoin,1,,,,,,,,,,,,,,error,"relation ""company_type"" does not exist
LINE 4: FROM company_type AS ct,
             ^
",
q317,no_nestloop,1,,,,,,,,,,,,,,error,"relation ""company_type"" does not exist
LINE 4: FROM company_type AS ct,
             ^
",
q318,default,1,,,,,,,,,,,,,,error,"relation ""company_type"" does not exist
LINE 4: FROM company_type AS ct,
             ^
",
q318,no_hashjoin,1,,,,,,,,,,,,,,error,"relation ""company_type"" does not exist
LINE 4: FROM company_type AS ct,
             ^
",
q318,no_mergejoin,1,,,,,,,,,,,,,,error,"relation ""company_type"" does not exist
LINE 4: FROM company_type AS ct,
             ^
",
q318,no_nestloop,1,,,,,,,,,,,,,,error,"relation ""company_type"" does not exist
LINE 4: FROM company_type AS ct,
             ^
",
q319,default,1,,,,,,,,,,,,,,error,"relation ""company_type"" does not exist
LINE 4: FROM company_type AS ct,
             ^
",
q319,no_hashjoin,1,,,,,,,,,,,,,,error,"relation ""company_type"" does not exist
LINE 4: FROM company_type AS ct,
             ^
",
q319,no_mergejoin,1,,,,,,,,,,,,,,error,"relation ""company_type"" does not exist
LINE 4: FROM company_type AS ct,
             ^
",
q319,no_nestloop,1,,,,,,,,,,,,,,error,"relation ""company_type"" does not exist
LINE 4: FROM company_type AS ct,
             ^
",
q32,default,1,,,,,,,,,,,,,,error,"relation ""company_name"" does not exist
LINE 4: FROM company_name AS cn,
             ^
",
q32,no_hashjoin,1,,,,,,,,,,,,,,error,"relation ""company_name"" does not exist
LINE 4: FROM company_name AS cn,
             ^
",
q32,no_mergejoin,1,,,,,,,,,,,,,,error,"relation ""company_name"" does not exist
LINE 4: FROM company_name AS cn,
             ^
",
q32,no_nestloop,1,,,,,,,,,,,,,,error,"relation ""company_name"" does not exist
LINE 4: FROM company_name AS cn,
             ^
",
q320,default,1,,,,,,,,,,,,,,error,"relation ""company_type"" does not exist
LINE 4: FROM company_type AS ct,
             ^
",
q320,no_hashjoin,1,,,,,,,,,,,,,,error,"relation ""company_type"" does not exist
LINE 4: FROM company_type AS ct,
             ^
",
q320,no_mergejoin,1,,,,,,,,,,,,,,error,"relation ""company_type"" does not exist
LINE 4: FROM company_type AS ct,
             ^
",
q320,no_nestloop,1,,,,,,,,,,,,,,error,"relation ""company_type"" does not exist
LINE 4: FROM company_type AS ct,
             ^
",
q321,default,1,,,,,,,,,,,,,,error,"relation ""company_type"" does not exist
LINE 4: FROM company_type AS ct,
             ^
",
q321,no_hashjoin,1,,,,,,,,,,,,,,error,"relation ""company_type"" does not exist
LINE 4: FROM company_type AS ct,
             ^
",
q321,no_mergejoin,1,,,,,,,,,,,,,,error,"relation ""company_type"" does not exist
LINE 4: FROM company_type AS ct,
             ^
",
q321,no_nestloop,1,,,,,,,,,,,,,,error,"relation ""company_type"" does not exist
LINE 4: FROM company_type AS ct,
             ^
",
q322,default,1,,,,,,,,,,,,,,error,"relation ""company_type"" does not exist
LINE 4: FROM company_type AS ct,
             ^
",
q322,no_hashjoin,1,,,,,,,,,,,,,,error,"relation ""company_type"" does not exist
LINE 4: FROM company_type AS ct,
             ^
",
q322,no_mergejoin,1,,,,,,,,,,,,,,error,"relation ""company_type"" does not exist
LINE 4: FROM company_type AS ct,
             ^
",
q322,no_nestloop,1,,,,,,,,,,,,,,error,"relation ""company_type"" does not exist
LINE 4: FROM company_type AS ct,
             ^
",
q323,default,1,,,,,,,,,,,,,,error,"relation ""company_type"" does not exist
LINE 4: FROM company_type AS ct,
             ^
",
q323,no_hashjoin,1,,,,,,,,,,,,,,error,"relation ""company_type"" does not exist
LINE 4: FROM company_type AS ct,
             ^
",
q323,no_mergejoin,1,,,,,,,,,,,,,,error,"relation ""company_type"" does not exist
LINE 4: FROM company_type AS ct,
             ^
",
q323,no_nestloop,1,,,,,,,,,,,,,,error,"relation ""company_type"" does not exist
LINE 4: FROM company_type AS ct,
             ^
",
q324,default,1,,,,,,,,,,,,,,error,"relation ""company_type"" does not exist
LINE 4: FROM company_type AS ct,
             ^
",
q324,no_hashjoin,1,,,,,,,,,,,,,,error,"relation ""company_type"" does not exist
LINE 4: FROM company_type AS ct,
             ^
",
q324,no_mergejoin,1,,,,,,,,,,,,,,error,"relation ""company_type"" does not exist
LINE 4: FROM company_type AS ct,
             ^
",
q324,no_nestloop,1,,,,,,,,,,,,,,error,"relation ""company_type"" does not exist
LINE 4: FROM company_type AS ct,
             ^
",
q325,default,1,,,,,,,,,,,,,,error,"relation ""company_type"" does not exist
LINE 4: FROM company_type AS ct,
             ^
",
q325,no_hashjoin,1,,,,,,,,,,,,,,error,"relation ""company_type"" does not exist
LINE 4: FROM company_type AS ct,
             ^
",
q325,no_mergejoin,1,,,,,,,,,,,,,,error,"relation ""company_type"" does not exist
LINE 4: FROM company_type AS ct,
             ^
",
q325,no_nestloop,1,,,,,,,,,,,,,,error,"relation ""company_type"" does not exist
LINE 4: FROM company_type AS ct,
             ^
",
q326,default,1,,,,,,,,,,,,,,error,"relation ""company_type"" does not exist
LINE 4: FROM company_type AS ct,
             ^
",
q326,no_hashjoin,1,,,,,,,,,,,,,,error,"relation ""company_type"" does not exist
LINE 4: FROM company_type AS ct,
             ^
",
q326,no_mergejoin,1,,,,,,,,,,,,,,error,"relation ""company_type"" does not exist
LINE 4: FROM company_type AS ct,
             ^
",
q326,no_nestloop,1,,,,,,,,,,,,,,error,"relation ""company_type"" does not exist
LINE 4: FROM company_type AS ct,
             ^
",
q327,default,1,,,,,,,,,,,,,,error,"relation ""company_type"" does not exist
LINE 4: FROM company_type AS ct,
             ^
",
q327,no_hashjoin,1,,,,,,,,,,,,,,error,"relation ""company_type"" does not exist
LINE 4: FROM company_type AS ct,
             ^
",
q327,no_mergejoin,1,,,,,,,,,,,,,,error,"relation ""company_type"" does not exist
LINE 4: FROM company_type AS ct,
             ^
",
q327,no_nestloop,1,,,,,,,,,,,,,,error,"relation ""company_type"" does not exist
LINE 4: FROM company_type AS ct,
             ^
",
q328,default,1,,,,,,,,,,,,,,error,"relation ""company_type"" does not exist
LINE 4: FROM company_type AS ct,
             ^
",
q328,no_hashjoin,1,,,,,,,,,,,,,,error,"relation ""company_type"" does not exist
LINE 4: FROM company_type AS ct,
             ^
",
q328,no_mergejoin,1,,,,,,,,,,,,,,error,"relation ""company_type"" does not exist
LINE 4: FROM company_type AS ct,
             ^
",
q328,no_nestloop,1,,,,,,,,,,,,,,error,"relation ""company_type"" does not exist
LINE 4: FROM company_type AS ct,
             ^
",
q329,default,1,,,,,,,,,,,,,,error,"relation ""company_type"" does not exist
LINE 4: FROM company_type AS ct,
             ^
",
q329,no_hashjoin,1,,,,,,,,,,,,,,error,"relation ""company_type"" does not exist
LINE 4: FROM company_type AS ct,
             ^
",
q329,no_mergejoin,1,,,,,,,,,,,,,,error,"relation ""company_type"" does not exist
LINE 4: FROM company_type AS ct,
             ^
",
q329,no_nestloop,1,,,,,,,,,,,,,,error,"relation ""company_type"" does not exist
LINE 4: FROM company_type AS ct,
             ^
",
q33,default,1,,,,,,,,,,,,,,error,"relation ""company_name"" does not exist
LINE 4: FROM company_name AS cn,
             ^
",
q33,no_hashjoin,1,,,,,,,,,,,,,,error,"relation ""company_name"" does not exist
LINE 4: FROM company_name AS cn,
             ^
",
q33,no_mergejoin,1,,,,,,,,,,,,,,error,"relation ""company_name"" does not exist
LINE 4: FROM company_name AS cn,
             ^
",
q33,no_nestloop,1,,,,,,,,,,,,,,error,"relation ""company_name"" does not exist
LINE 4: FROM company_name AS cn,
             ^
",
q330,default,1,,,,,,,,,,,,,,error,"relation ""company_type"" does not exist
LINE 4: FROM company_type AS ct,
             ^
",
q330,no_hashjoin,1,,,,,,,,,,,,,,error,"relation ""company_type"" does not exist
LINE 4: FROM company_type AS ct,
             ^
",
q330,no_mergejoin,1,,,,,,,,,,,,,,error,"relation ""company_type"" does not exist
LINE 4: FROM company_type AS ct,
             ^
",
q330,no_nestloop,1,,,,,,,,,,,,,,error,"relation ""company_type"" does not exist
LINE 4: FROM company_type AS ct,
             ^
",
q331,default,1,,,,,,,,,,,,,,error,"relation ""company_type"" does not exist
LINE 4: FROM company_type AS ct,
             ^
",
q331,no_hashjoin,1,,,,,,,,,,,,,,error,"relation ""company_type"" does not exist
LINE 4: FROM company_type AS ct,
             ^
",
q331,no_mergejoin,1,,,,,,,,,,,,,,error,"relation ""company_type"" does not exist
LINE 4: FROM company_type AS ct,
             ^
",
q331,no_nestloop,1,,,,,,,,,,,,,,error,"relation ""company_type"" does not exist
LINE 4: FROM company_type AS ct,
             ^
",
q332,default,1,,,,,,,,,,,,,,error,"relation ""company_type"" does not exist
LINE 4: FROM company_type AS ct,
             ^
",
q332,no_hashjoin,1,,,,,,,,,,,,,,error,"relation ""company_type"" does not exist
LINE 4: FROM company_type AS ct,
             ^
",
q332,no_mergejoin,1,,,,,,,,,,,,,,error,"relation ""company_type"" does not exist
LINE 4: FROM company_type AS ct,
             ^
",
q332,no_nestloop,1,,,,,,,,,,,,,,error,"relation ""company_type"" does not exist
LINE 4: FROM company_type AS ct,
             ^
",
q333,default,1,,,,,,,,,,,,,,error,"relation ""company_type"" does not exist
LINE 4: FROM company_type AS ct,
             ^
",
q333,no_hashjoin,1,,,,,,,,,,,,,,error,"relation ""company_type"" does not exist
LINE 4: FROM company_type AS ct,
             ^
",
q333,no_mergejoin,1,,,,,,,,,,,,,,error,"relation ""company_type"" does not exist
LINE 4: FROM company_type AS ct,
             ^
",
q333,no_nestloop,1,,,,,,,,,,,,,,error,"relation ""company_type"" does not exist
LINE 4: FROM company_type AS ct,
             ^
",
q334,default,1,,,,,,,,,,,,,,error,"relation ""company_type"" does not exist
LINE 4: FROM company_type AS ct,
             ^
",
q334,no_hashjoin,1,,,,,,,,,,,,,,error,"relation ""company_type"" does not exist
LINE 4: FROM company_type AS ct,
             ^
",
q334,no_mergejoin,1,,,,,,,,,,,,,,error,"relation ""company_type"" does not exist
LINE 4: FROM company_type AS ct,
             ^
",
q334,no_nestloop,1,,,,,,,,,,,,,,error,"relation ""company_type"" does not exist
LINE 4: FROM company_type AS ct,
             ^
",
q335,default,1,,,,,,,,,,,,,,error,"relation ""company_type"" does not exist
LINE 4: FROM company_type AS ct,
             ^
",
q335,no_hashjoin,1,,,,,,,,,,,,,,error,"relation ""company_type"" does not exist
LINE 4: FROM company_type AS ct,
             ^
",
q335,no_mergejoin,1,,,,,,,,,,,,,,error,"relation ""company_type"" does not exist
LINE 4: FROM company_type AS ct,
             ^
",
q335,no_nestloop,1,,,,,,,,,,,,,,error,"relation ""company_type"" does not exist
LINE 4: FROM company_type AS ct,
             ^
",
q336,default,1,,,,,,,,,,,,,,error,"relation ""complete_cast"" does not exist
LINE 2: FROM complete_cast AS cc,
             ^
",
q336,no_hashjoin,1,,,,,,,,,,,,,,error,"relation ""complete_cast"" does not exist
LINE 2: FROM complete_cast AS cc,
             ^
",
q336,no_mergejoin,1,,,,,,,,,,,,,,error,"relation ""complete_cast"" does not exist
LINE 2: FROM complete_cast AS cc,
             ^
",
q336,no_nestloop,1,,,,,,,,,,,,,,error,"relation ""complete_cast"" does not exist
LINE 2: FROM complete_cast AS cc,
             ^
",
q337,default,1,,,,,,,,,,,,,,error,"relation ""complete_cast"" does not exist
LINE 2: FROM complete_cast AS cc,
             ^
",
q337,no_hashjoin,1,,,,,,,,,,,,,,error,"relation ""complete_cast"" does not exist
LINE 2: FROM complete_cast AS cc,
             ^
",
q337,no_mergejoin,1,,,,,,,,,,,,,,error,"relation ""complete_cast"" does not exist
LINE 2: FROM complete_cast AS cc,
             ^
",
q337,no_nestloop,1,,,,,,,,,,,,,,error,"relation ""complete_cast"" does not exist
LINE 2: FROM complete_cast AS cc,
             ^
",
q338,default,1,,,,,,,,,,,,,,error,"relation ""complete_cast"" does not exist
LINE 2: FROM complete_cast AS cc,
             ^
",
q338,no_hashjoin,1,,,,,,,,,,,,,,error,"relation ""complete_cast"" does not exist
LINE 2: FROM complete_cast AS cc,
             ^
",
q338,no_mergejoin,1,,,,,,,,,,,,,,error,"relation ""complete_cast"" does not exist
LINE 2: FROM complete_cast AS cc,
             ^
",
q338,no_nestloop,1,,,,,,,,,,,,,,error,"relation ""complete_cast"" does not exist
LINE 2: FROM complete_cast AS cc,
             ^
",
q339,default,1,,,,,,,,,,,,,,error,"relation ""complete_cast"" does not exist
LINE 2: FROM complete_cast AS cc,
             ^
",
q339,no_hashjoin,1,,,,,,,,,,,,,,error,"relation ""complete_cast"" does not exist
LINE 2: FROM complete_cast AS cc,
             ^
",
q339,no_mergejoin,1,,,,,,,,,,,,,,error,"relation ""complete_cast"" does not exist
LINE 2: FROM complete_cast AS cc,
             ^
",
q339,no_nestloop,1,,,,,,,,,,,,,,error,"relation ""complete_cast"" does not exist
LINE 2: FROM complete_cast AS cc,
             ^
",
q34,default,1,,,,,,,,,,,,,,error,"relation ""company_name"" does not exist
LINE 4: FROM company_name AS cn,
             ^
",
q34,no_hashjoin,1,,,,,,,,,,,,,,error,"relation ""company_name"" does not exist
LINE 4: FROM company_name AS cn,
             ^
",
q34,no_mergejoin,1,,,,,,,,,,,,,,error,"relation ""company_name"" does not exist
LINE 4: FROM company_name AS cn,
             ^
",
q34,no_nestloop,1,,,,,,,,,,,,,,error,"relation ""company_name"" does not exist
LINE 4: FROM company_name AS cn,
             ^
",
q340,default,1,,,,,,,,,,,,,,error,"relation ""complete_cast"" does not exist
LINE 2: FROM complete_cast AS cc,
             ^
",
q340,no_hashjoin,1,,,,,,,,,,,,,,error,"relation ""complete_cast"" does not exist
LINE 2: FROM complete_cast AS cc,
             ^
",
q340,no_mergejoin,1,,,,,,,,,,,,,,error,"relation ""complete_cast"" does not exist
LINE 2: FROM complete_cast AS cc,
             ^
",
q340,no_nestloop,1,,,,,,,,,,,,,,error,"relation ""complete_cast"" does not exist
LINE 2: FROM complete_cast AS cc,
             ^
",
q341,default,1,,,,,,,,,,,,,,error,"relation ""complete_cast"" does not exist
LINE 2: FROM complete_cast AS cc,
             ^
",
q341,no_hashjoin,1,,,,,,,,,,,,,,error,"relation ""complete_cast"" does not exist
LINE 2: FROM complete_cast AS cc,
             ^
",
q341,no_mergejoin,1,,,,,,,,,,,,,,error,"relation ""complete_cast"" does not exist
LINE 2: FROM complete_cast AS cc,
             ^
",
q341,no_nestloop,1,,,,,,,,,,,,,,error,"relation ""complete_cast"" does not exist
LINE 2: FROM complete_cast AS cc,
             ^
",
q342,default,1,,,,,,,,,,,,,,error,"relation ""complete_cast"" does not exist
LINE 2: FROM complete_cast AS cc,
             ^
",
q342,no_hashjoin,1,,,,,,,,,,,,,,error,"relation ""complete_cast"" does not exist
LINE 2: FROM complete_cast AS cc,
             ^
",
q342,no_mergejoin,1,,,,,,,,,,,,,,error,"relation ""complete_cast"" does not exist
LINE 2: FROM complete_cast AS cc,
             ^
",
q342,no_nestloop,1,,,,,,,,,,,,,,error,"relation ""complete_cast"" does not exist
LINE 2: FROM complete_cast AS cc,
             ^
",
q343,default,1,,,,,,,,,,,,,,error,"relation ""complete_cast"" does not exist
LINE 2: FROM complete_cast AS cc,
             ^
",
q343,no_hashjoin,1,,,,,,,,,,,,,,error,"relation ""complete_cast"" does not exist
LINE 2: FROM complete_cast AS cc,
             ^
",
q343,no_mergejoin,1,,,,,,,,,,,,,,error,"relation ""complete_cast"" does not exist
LINE 2: FROM complete_cast AS cc,
             ^
",
q343,no_nestloop,1,,,,,,,,,,,,,,error,"relation ""complete_cast"" does not exist
LINE 2: FROM complete_cast AS cc,
             ^
",
q344,default,1,,,,,,,,,,,,,,error,"relation ""complete_cast"" does not exist
LINE 2: FROM complete_cast AS cc,
             ^
",
q344,no_hashjoin,1,,,,,,,,,,,,,,error,"relation ""complete_cast"" does not exist
LINE 2: FROM complete_cast AS cc,
             ^
",
q344,no_mergejoin,1,,,,,,,,,,,,,,error,"relation ""complete_cast"" does not exist
LINE 2: FROM complete_cast AS cc,
             ^
",
q344,no_nestloop,1,,,,,,,,,,,,,,error,"relation ""complete_cast"" does not exist
LINE 2: FROM complete_cast AS cc,
             ^
",
q345,default,1,,,,,,,,,,,,,,error,"relation ""complete_cast"" does not exist
LINE 2: FROM complete_cast AS cc,
             ^
",
q345,no_hashjoin,1,,,,,,,,,,,,,,error,"relation ""complete_cast"" does not exist
LINE 2: FROM complete_cast AS cc,
             ^
",
q345,no_mergejoin,1,,,,,,,,,,,,,,error,"relation ""complete_cast"" does not exist
LINE 2: FROM complete_cast AS cc,
             ^
",
q345,no_nestloop,1,,,,,,,,,,,,,,error,"relation ""complete_cast"" does not exist
LINE 2: FROM complete_cast AS cc,
             ^
",
q346,default,1,,,,,,,,,,,,,,error,"relation ""complete_cast"" does not exist
LINE 2: FROM complete_cast AS cc,
             ^
",
q346,no_hashjoin,1,,,,,,,,,,,,,,error,"relation ""complete_cast"" does not exist
LINE 2: FROM complete_cast AS cc,
             ^
",
q346,no_mergejoin,1,,,,,,,,,,,,,,error,"relation ""complete_cast"" does not exist
LINE 2: FROM complete_cast AS cc,
             ^
",
q346,no_nestloop,1,,,,,,,,,,,,,,error,"relation ""complete_cast"" does not exist
LINE 2: FROM complete_cast AS cc,
             ^
",
q347,default,1,,,,,,,,,,,,,,error,"relation ""complete_cast"" does not exist
LINE 2: FROM complete_cast AS cc,
             ^
",
q347,no_hashjoin,1,,,,,,,,,,,,,,error,"relation ""complete_cast"" does not exist
LINE 2: FROM complete_cast AS cc,
             ^
",
q347,no_mergejoin,1,,,,,,,,,,,,,,error,"relation ""complete_cast"" does not exist
LINE 2: FROM complete_cast AS cc,
             ^
",
q347,no_nestloop,1,,,,,,,,,,,,,,error,"relation ""complete_cast"" does not exist
LINE 2: FROM complete_cast AS cc,
             ^
",
q348,default,1,,,,,,,,,,,,,,error,"relation ""complete_cast"" does not exist
LINE 2: FROM complete_cast AS cc,
             ^
",
q348,no_hashjoin,1,,,,,,,,,,,,,,error,"relation ""complete_cast"" does not exist
LINE 2: FROM complete_cast AS cc,
             ^
",
q348,no_mergejoin,1,,,,,,,,,,,,,,error,"relation ""complete_cast"" does not exist
LINE 2: FROM complete_cast AS cc,
             ^
",
q348,no_nestloop,1,,,,,,,,,,,,,,error,"relation ""complete_cast"" does not exist
LINE 2: FROM complete_cast AS cc,
             ^
",
q349,default,1,,,,,,,,,,,,,,error,"relation ""complete_cast"" does not exist
LINE 2: FROM complete_cast AS cc,
             ^
",
q349,no_hashjoin,1,,,,,,,,,,,,,,error,"relation ""complete_cast"" does not exist
LINE 2: FROM complete_cast AS cc,
             ^
",
q349,no_mergejoin,1,,,,,,,,,,,,,,error,"relation ""complete_cast"" does not exist
LINE 2: FROM complete_cast AS cc,
             ^
",
q349,no_nestloop,1,,,,,,,,,,,,,,error,"relation ""complete_cast"" does not exist
LINE 2: FROM complete_cast AS cc,
             ^
",
q35,default,1,,,,,,,,,,,,,,error,"relation ""company_name"" does not exist
LINE 4: FROM company_name AS cn,
             ^
",
q35,no_hashjoin,1,,,,,,,,,,,,,,error,"relation ""company_name"" does not exist
LINE 4: FROM company_name AS cn,
             ^
",
q35,no_mergejoin,1,,,,,,,,,,,,,,error,"relation ""company_name"" does not exist
LINE 4: FROM company_name AS cn,
             ^
",
q35,no_nestloop,1,,,,,,,,,,,,,,error,"relation ""company_name"" does not exist
LINE 4: FROM company_name AS cn,
             ^
",
q350,default,1,,,,,,,,,,,,,,error,"relation ""complete_cast"" does not exist
LINE 2: FROM complete_cast AS cc,
             ^
",
q350,no_hashjoin,1,,,,,,,,,,,,,,error,"relation ""complete_cast"" does not exist
LINE 2: FROM complete_cast AS cc,
             ^
",
q350,no_mergejoin,1,,,,,,,,,,,,,,error,"relation ""complete_cast"" does not exist
LINE 2: FROM complete_cast AS cc,
             ^
",
q350,no_nestloop,1,,,,,,,,,,,,,,error,"relation ""complete_cast"" does not exist
LINE 2: FROM complete_cast AS cc,
             ^
",
q351,default,1,,,,,,,,,,,,,,error,"relation ""complete_cast"" does not exist
LINE 2: FROM complete_cast AS cc,
             ^
",
q351,no_hashjoin,1,,,,,,,,,,,,,,error,"relation ""complete_cast"" does not exist
LINE 2: FROM complete_cast AS cc,
             ^
",
q351,no_mergejoin,1,,,,,,,,,,,,,,error,"relation ""complete_cast"" does not exist
LINE 2: FROM complete_cast AS cc,
             ^
",
q351,no_nestloop,1,,,,,,,,,,,,,,error,"relation ""complete_cast"" does not exist
LINE 2: FROM complete_cast AS cc,
             ^
",
q352,default,1,,,,,,,,,,,,,,error,"relation ""complete_cast"" does not exist
LINE 3: FROM complete_cast AS cc,
             ^
",
q352,no_hashjoin,1,,,,,,,,,,,,,,error,"relation ""complete_cast"" does not exist
LINE 3: FROM complete_cast AS cc,
             ^
",
q352,no_mergejoin,1,,,,,,,,,,,,,,error,"relation ""complete_cast"" does not exist
LINE 3: FROM complete_cast AS cc,
             ^
",
q352,no_nestloop,1,,,,,,,,,,,,,,error,"relation ""complete_cast"" does not exist
LINE 3: FROM complete_cast AS cc,
             ^
",
q353,default,1,,,,,,,,,,,,,,error,"relation ""complete_cast"" does not exist
LINE 3: FROM complete_cast AS cc,
             ^
",
q353,no_hashjoin,1,,,,,,,,,,,,,,error,"relation ""complete_cast"" does not exist
LINE 3: FROM complete_cast AS cc,
             ^
",
q353,no_mergejoin,1,,,,,,,,,,,,,,error,"relation ""complete_cast"" does not exist
LINE 3: FROM complete_cast AS cc,
             ^
",
q353,no_nestloop,1,,,,,,,,,,,,,,error,"relation ""complete_cast"" does not exist
LINE 3: FROM complete_cast AS cc,
             ^
",
q354,default,1,,,,,,,,,,,,,,error,"relation ""complete_cast"" does not exist
LINE 3: FROM complete_cast AS cc,
             ^
",
q354,no_hashjoin,1,,,,,,,,,,,,,,error,"relation ""complete_cast"" does not exist
LINE 3: FROM complete_cast AS cc,
             ^
",
q354,no_mergejoin,1,,,,,,,,,,,,,,error,"relation ""complete_cast"" does not exist
LINE 3: FROM complete_cast AS cc,
             ^
",
q354,no_nestloop,1,,,,,,,,,,,,,,error,"relation ""complete_cast"" does not exist
LINE 3: FROM complete_cast AS cc,
             ^
",
q355,default,1,,,,,,,,,,,,,,error,"relation ""complete_cast"" does not exist
LINE 3: FROM complete_cast AS cc,
             ^
",
q355,no_hashjoin,1,,,,,,,,,,,,,,error,"relation ""complete_cast"" does not exist
LINE 3: FROM complete_cast AS cc,
             ^
",
q355,no_mergejoin,1,,,,,,,,,,,,,,error,"relation ""complete_cast"" does not exist
LINE 3: FROM complete_cast AS cc,
             ^
",
q355,no_nestloop,1,,,,,,,,,,,,,,error,"relation ""complete_cast"" does not exist
LINE 3: FROM complete_cast AS cc,
             ^
",
q356,default,1,,,,,,,,,,,,,,error,"relation ""complete_cast"" does not exist
LINE 3: FROM complete_cast AS cc,
             ^
",
q356,no_hashjoin,1,,,,,,,,,,,,,,error,"relation ""complete_cast"" does not exist
LINE 3: FROM complete_cast AS cc,
             ^
",
q356,no_mergejoin,1,,,,,,,,,,,,,,error,"relation ""complete_cast"" does not exist
LINE 3: FROM complete_cast AS cc,
             ^
",
q356,no_nestloop,1,,,,,,,,,,,,,,error,"relation ""complete_cast"" does not exist
LINE 3: FROM complete_cast AS cc,
             ^
",
q357,default,1,,,,,,,,,,,,,,error,"relation ""complete_cast"" does not exist
LINE 3: FROM complete_cast AS cc,
             ^
",
q357,no_hashjoin,1,,,,,,,,,,,,,,error,"relation ""complete_cast"" does not exist
LINE 3: FROM complete_cast AS cc,
             ^
",
q357,no_mergejoin,1,,,,,,,,,,,,,,error,"relation ""complete_cast"" does not exist
LINE 3: FROM complete_cast AS cc,
             ^
",
q357,no_nestloop,1,,,,,,,,,,,,,,error,"relation ""complete_cast"" does not exist
LINE 3: FROM complete_cast AS cc,
             ^
",
q358,default,1,,,,,,,,,,,,,,error,"relation ""complete_cast"" does not exist
LINE 3: FROM complete_cast AS cc,
             ^
",
q358,no_hashjoin,1,,,,,,,,,,,,,,error,"relation ""complete_cast"" does not exist
LINE 3: FROM complete_cast AS cc,
             ^
",
q358,no_mergejoin,1,,,,,,,,,,,,,,error,"relation ""complete_cast"" does not exist
LINE 3: FROM complete_cast AS cc,
             ^
",
q358,no_nestloop,1,,,,,,,,,,,,,,error,"relation ""complete_cast"" does not exist
LINE 3: FROM complete_cast AS cc,
             ^
",
q359,default,1,,,,,,,,,,,,,,error,"relation ""complete_cast"" does not exist
LINE 3: FROM complete_cast AS cc,
             ^
",
q359,no_hashjoin,1,,,,,,,,,,,,,,error,"relation ""complete_cast"" does not exist
LINE 3: FROM complete_cast AS cc,
             ^
",
q359,no_mergejoin,1,,,,,,,,,,,,,,error,"relation ""complete_cast"" does not exist
LINE 3: FROM complete_cast AS cc,
             ^
",
q359,no_nestloop,1,,,,,,,,,,,,,,error,"relation ""complete_cast"" does not exist
LINE 3: FROM complete_cast AS cc,
             ^
",
q36,default,1,,,,,,,,,,,,,,error,"relation ""company_name"" does not exist
LINE 4: FROM company_name AS cn,
             ^
",
q36,no_hashjoin,1,,,,,,,,,,,,,,error,"relation ""company_name"" does not exist
LINE 4: FROM company_name AS cn,
             ^
",
q36,no_mergejoin,1,,,,,,,,,,,,,,error,"relation ""company_name"" does not exist
LINE 4: FROM company_name AS cn,
             ^
",
q36,no_nestloop,1,,,,,,,,,,,,,,error,"relation ""company_name"" does not exist
LINE 4: FROM company_name AS cn,
             ^
",
q360,default,1,,,,,,,,,,,,,,error,"relation ""company_name"" does not exist
LINE 4: FROM company_name AS cn,
             ^
",
q360,no_hashjoin,1,,,,,,,,,,,,,,error,"relation ""company_name"" does not exist
LINE 4: FROM company_name AS cn,
             ^
",
q360,no_mergejoin,1,,,,,,,,,,,,,,error,"relation ""company_name"" does not exist
LINE 4: FROM company_name AS cn,
             ^
",
q360,no_nestloop,1,,,,,,,,,,,,,,error,"relation ""company_name"" does not exist
LINE 4: FROM company_name AS cn,
             ^
",
q361,default,1,,,,,,,,,,,,,,error,"relation ""company_name"" does not exist
LINE 4: FROM company_name AS cn,
             ^
",
q361,no_hashjoin,1,,,,,,,,,,,,,,error,"relation ""company_name"" does not exist
LINE 4: FROM company_name AS cn,
             ^
",
q361,no_mergejoin,1,,,,,,,,,,,,,,error,"relation ""company_name"" does not exist
LINE 4: FROM company_name AS cn,
             ^
",
q361,no_nestloop,1,,,,,,,,,,,,,,error,"relation ""company_name"" does not exist
LINE 4: FROM company_name AS cn,
             ^
",
q362,default,1,,,,,,,,,,,,,,error,"relation ""company_name"" does not exist
LINE 4: FROM company_name AS cn,
             ^
",
q362,no_hashjoin,1,,,,,,,,,,,,,,error,"relation ""company_name"" does not exist
LINE 4: FROM company_name AS cn,
             ^
",
q362,no_mergejoin,1,,,,,,,,,,,,,,error,"relation ""company_name"" does not exist
LINE 4: FROM company_name AS cn,
             ^
",
q362,no_nestloop,1,,,,,,,,,,,,,,error,"relation ""company_name"" does not exist
LINE 4: FROM company_name AS cn,
             ^
",
q363,default,1,,,,,,,,,,,,,,error,"relation ""company_name"" does not exist
LINE 4: FROM company_name AS cn,
             ^
",
q363,no_hashjoin,1,,,,,,,,,,,,,,error,"relation ""company_name"" does not exist
LINE 4: FROM company_name AS cn,
             ^
",
q363,no_mergejoin,1,,,,,,,,,,,,,,error,"relation ""company_name"" does not exist
LINE 4: FROM company_name AS cn,
             ^
",
q363,no_nestloop,1,,,,,,,,,,,,,,error,"relation ""company_name"" does not exist
LINE 4: FROM company_name AS cn,
             ^
",
q364,default,1,,,,,,,,,,,,,,error,"relation ""company_name"" does not exist
LINE 4: FROM company_name AS cn,
             ^
",
q364,no_hashjoin,1,,,,,,,,,,,,,,error,"relation ""company_name"" does not exist
LINE 4: FROM company_name AS cn,
             ^
",
q364,no_mergejoin,1,,,,,,,,,,,,,,error,"relation ""company_name"" does not exist
LINE 4: FROM company_name AS cn,
             ^
",
q364,no_nestloop,1,,,,,,,,,,,,,,error,"relation ""company_name"" does not exist
LINE 4: FROM company_name AS cn,
             ^
",
q365,default,1,,,,,,,,,,,,,,error,"relation ""company_name"" does not exist
LINE 4: FROM company_name AS cn,
             ^
",
q365,no_hashjoin,1,,,,,,,,,,,,,,error,"relation ""company_name"" does not exist
LINE 4: FROM company_name AS cn,
             ^
",
q365,no_mergejoin,1,,,,,,,,,,,,,,error,"relation ""company_name"" does not exist
LINE 4: FROM company_name AS cn,
             ^
",
q365,no_nestloop,1,,,,,,,,,,,,,,error,"relation ""company_name"" does not exist
LINE 4: FROM company_name AS cn,
             ^
",
q366,default,1,,,,,,,,,,,,,,error,"relation ""company_name"" does not exist
LINE 4: FROM company_name AS cn,
             ^
",
q366,no_hashjoin,1,,,,,,,,,,,,,,error,"relation ""company_name"" does not exist
LINE 4: FROM company_name AS cn,
             ^
",
q366,no_mergejoin,1,,,,,,,,,,,,,,error,"relation ""company_name"" does not exist
LINE 4: FROM company_name AS cn,
             ^
",
q366,no_nestloop,1,,,,,,,,,,,,,,error,"relation ""company_name"" does not exist
LINE 4: FROM company_name AS cn,
             ^
",
q367,default,1,,,,,,,,,,,,,,error,"relation ""company_name"" does not exist
LINE 4: FROM company_name AS cn,
             ^
",
q367,no_hashjoin,1,,,,,,,,,,,,,,error,"relation ""company_name"" does not exist
LINE 4: FROM company_name AS cn,
             ^
",
q367,no_mergejoin,1,,,,,,,,,,,,,,error,"relation ""company_name"" does not exist
LINE 4: FROM company_name AS cn,
             ^
",
q367,no_nestloop,1,,,,,,,,,,,,,,error,"relation ""company_name"" does not exist
LINE 4: FROM company_name AS cn,
             ^
",
q368,default,1,,,,,,,,,,,,,,error,"relation ""company_name"" does not exist
LINE 4: FROM company_name AS cn,
             ^
",
q368,no_hashjoin,1,,,,,,,,,,,,,,error,"relation ""company_name"" does not exist
LINE 4: FROM company_name AS cn,
             ^
",
q368,no_mergejoin,1,,,,,,,,,,,,,,error,"relation ""company_name"" does not exist
LINE 4: FROM company_name AS cn,
             ^
",
q368,no_nestloop,1,,,,,,,,,,,,,,error,"relation ""company_name"" does not exist
LINE 4: FROM company_name AS cn,
             ^
",
q369,default,1,,,,,,,,,,,,,,error,"relation ""company_name"" does not exist
LINE 4: FROM company_name AS cn,
             ^
",
q369,no_hashjoin,1,,,,,,,,,,,,,,error,"relation ""company_name"" does not exist
LINE 4: FROM company_name AS cn,
             ^
",
q369,no_mergejoin,1,,,,,,,,,,,,,,error,"relation ""company_name"" does not exist
LINE 4: FROM company_name AS cn,
             ^
",
q369,no_nestloop,1,,,,,,,,,,,,,,error,"relation ""company_name"" does not exist
LINE 4: FROM company_name AS cn,
             ^
",
q37,default,1,,,,,,,,,,,,,,error,"relation ""company_name"" does not exist
LINE 4: FROM company_name AS cn,
             ^
",
q37,no_hashjoin,1,,,,,,,,,,,,,,error,"relation ""company_name"" does not exist
LINE 4: FROM company_name AS cn,
             ^
",
q37,no_mergejoin,1,,,,,,,,,,,,,,error,"relation ""company_name"" does not exist
LINE 4: FROM company_name AS cn,
             ^
",
q37,no_nestloop,1,,,,,,,,,,,,,,error,"relation ""company_name"" does not exist
LINE 4: FROM company_name AS cn,
             ^
",
q370,default,1,,,,,,,,,,,,,,error,"relation ""company_name"" does not exist
LINE 4: FROM company_name AS cn,
             ^
",
q370,no_hashjoin,1,,,,,,,,,,,,,,error,"relation ""company_name"" does not exist
LINE 4: FROM company_name AS cn,
             ^
",
q370,no_mergejoin,1,,,,,,,,,,,,,,error,"relation ""company_name"" does not exist
LINE 4: FROM company_name AS cn,
             ^
",
q370,no_nestloop,1,,,,,,,,,,,,,,error,"relation ""company_name"" does not exist
LINE 4: FROM company_name AS cn,
             ^
",
q371,default,1,,,,,,,,,,,,,,error,"relation ""company_name"" does not exist
LINE 4: FROM company_name AS cn,
             ^
",
q371,no_hashjoin,1,,,,,,,,,,,,,,error,"relation ""company_name"" does not exist
LINE 4: FROM company_name AS cn,
             ^
",
q371,no_mergejoin,1,,,,,,,,,,,,,,error,"relation ""company_name"" does not exist
LINE 4: FROM company_name AS cn,
             ^
",
q371,no_nestloop,1,,,,,,,,,,,,,,error,"relation ""company_name"" does not exist
LINE 4: FROM company_name AS cn,
             ^
",
q372,default,1,,,,,,,,,,,,,,error,"relation ""company_name"" does not exist
LINE 4: FROM company_name AS cn,
             ^
",
q372,no_hashjoin,1,,,,,,,,,,,,,,error,"relation ""company_name"" does not exist
LINE 4: FROM company_name AS cn,
             ^
",
q372,no_mergejoin,1,,,,,,,,,,,,,,error,"relation ""company_name"" does not exist
LINE 4: FROM company_name AS cn,
             ^
",
q372,no_nestloop,1,,,,,,,,,,,,,,error,"relation ""company_name"" does not exist
LINE 4: FROM company_name AS cn,
             ^
",
q373,default,1,,,,,,,,,,,,,,error,"relation ""company_name"" does not exist
LINE 4: FROM company_name AS cn,
             ^
",
q373,no_hashjoin,1,,,,,,,,,,,,,,error,"relation ""company_name"" does not exist
LINE 4: FROM company_name AS cn,
             ^
",
q373,no_mergejoin,1,,,,,,,,,,,,,,error,"relation ""company_name"" does not exist
LINE 4: FROM company_name AS cn,
             ^
",
q373,no_nestloop,1,,,,,,,,,,,,,,error,"relation ""company_name"" does not exist
LINE 4: FROM company_name AS cn,
             ^
",
q374,default,1,,,,,,,,,,,,,,error,"relation ""company_name"" does not exist
LINE 4: FROM company_name AS cn,
             ^
",
q374,no_hashjoin,1,,,,,,,,,,,,,,error,"relation ""company_name"" does not exist
LINE 4: FROM company_name AS cn,
             ^
",
q374,no_mergejoin,1,,,,,,,,,,,,,,error,"relation ""company_name"" does not exist
LINE 4: FROM company_name AS cn,
             ^
",
q374,no_nestloop,1,,,,,,,,,,,,,,error,"relation ""company_name"" does not exist
LINE 4: FROM company_name AS cn,
             ^
",
q375,default,1,,,,,,,,,,,,,,error,"relation ""company_name"" does not exist
LINE 4: FROM company_name AS cn,
             ^
",
q375,no_hashjoin,1,,,,,,,,,,,,,,error,"relation ""company_name"" does not exist
LINE 4: FROM company_name AS cn,
             ^
",
q375,no_mergejoin,1,,,,,,,,,,,,,,error,"relation ""company_name"" does not exist
LINE 4: FROM company_name AS cn,
             ^
",
q375,no_nestloop,1,,,,,,,,,,,,,,error,"relation ""company_name"" does not exist
LINE 4: FROM company_name AS cn,
             ^
",
q376,default,1,,,,,,,,,,,,,,error,"relation ""company_name"" does not exist
LINE 4: FROM company_name AS cn,
             ^
",
q376,no_hashjoin,1,,,,,,,,,,,,,,error,"relation ""company_name"" does not exist
LINE 4: FROM company_name AS cn,
             ^
",
q376,no_mergejoin,1,,,,,,,,,,,,,,error,"relation ""company_name"" does not exist
LINE 4: FROM company_name AS cn,
             ^
",
q376,no_nestloop,1,,,,,,,,,,,,,,error,"relation ""company_name"" does not exist
LINE 4: FROM company_name AS cn,
             ^
",
q377,default,1,,,,,,,,,,,,,,error,"relation ""company_name"" does not exist
LINE 4: FROM company_name AS cn,
             ^
",
q377,no_hashjoin,1,,,,,,,,,,,,,,error,"relation ""company_name"" does not exist
LINE 4: FROM company_name AS cn,
             ^
",
q377,no_mergejoin,1,,,,,,,,,,,,,,error,"relation ""company_name"" does not exist
LINE 4: FROM company_name AS cn,
             ^
",
q377,no_nestloop,1,,,,,,,,,,,,,,error,"relation ""company_name"" does not exist
LINE 4: FROM company_name AS cn,
             ^
",
q378,default,1,,,,,,,,,,,,,,error,"relation ""company_name"" does not exist
LINE 4: FROM company_name AS cn,
             ^
",
q378,no_hashjoin,1,,,,,,,,,,,,,,error,"relation ""company_name"" does not exist
LINE 4: FROM company_name AS cn,
             ^
",
q378,no_mergejoin,1,,,,,,,,,,,,,,error,"relation ""company_name"" does not exist
LINE 4: FROM company_name AS cn,
             ^
",
q378,no_nestloop,1,,,,,,,,,,,,,,error,"relation ""company_name"" does not exist
LINE 4: FROM company_name AS cn,
             ^
",
q379,default,1,,,,,,,,,,,,,,error,"relation ""company_name"" does not exist
LINE 4: FROM company_name AS cn,
             ^
",
q379,no_hashjoin,1,,,,,,,,,,,,,,error,"relation ""company_name"" does not exist
LINE 4: FROM company_name AS cn,
             ^
",
q379,no_mergejoin,1,,,,,,,,,,,,,,error,"relation ""company_name"" does not exist
LINE 4: FROM company_name AS cn,
             ^
",
q379,no_nestloop,1,,,,,,,,,,,,,,error,"relation ""company_name"" does not exist
LINE 4: FROM company_name AS cn,
             ^
",
q38,default,1,,,,,,,,,,,,,,error,"relation ""company_name"" does not exist
LINE 4: FROM company_name AS cn,
             ^
",
q38,no_hashjoin,1,,,,,,,,,,,,,,error,"relation ""company_name"" does not exist
LINE 4: FROM company_name AS cn,
             ^
",
q38,no_mergejoin,1,,,,,,,,,,,,,,error,"relation ""company_name"" does not exist
LINE 4: FROM company_name AS cn,
             ^
",
q38,no_nestloop,1,,,,,,,,,,,,,,error,"relation ""company_name"" does not exist
LINE 4: FROM company_name AS cn,
             ^
",
q380,default,1,,,,,,,,,,,,,,error,"relation ""company_name"" does not exist
LINE 4: FROM company_name AS cn,
             ^
",
q380,no_hashjoin,1,,,,,,,,,,,,,,error,"relation ""company_name"" does not exist
LINE 4: FROM company_name AS cn,
             ^
",
q380,no_mergejoin,1,,,,,,,,,,,,,,error,"relation ""company_name"" does not exist
LINE 4: FROM company_name AS cn,
             ^
",
q380,no_nestloop,1,,,,,,,,,,,,,,error,"relation ""company_name"" does not exist
LINE 4: FROM company_name AS cn,
             ^
",
q381,default,1,,,,,,,,,,,,,,error,"relation ""company_name"" does not exist
LINE 4: FROM company_name AS cn,
             ^
",
q381,no_hashjoin,1,,,,,,,,,,,,,,error,"relation ""company_name"" does not exist
LINE 4: FROM company_name AS cn,
             ^
",
q381,no_mergejoin,1,,,,,,,,,,,,,,error,"relation ""company_name"" does not exist
LINE 4: FROM company_name AS cn,
             ^
",
q381,no_nestloop,1,,,,,,,,,,,,,,error,"relation ""company_name"" does not exist
LINE 4: FROM company_name AS cn,
             ^
",
q382,default,1,,,,,,,,,,,,,,error,"relation ""company_name"" does not exist
LINE 4: FROM company_name AS cn,
             ^
",
q382,no_hashjoin,1,,,,,,,,,,,,,,error,"relation ""company_name"" does not exist
LINE 4: FROM company_name AS cn,
             ^
",
q382,no_mergejoin,1,,,,,,,,,,,,,,error,"relation ""company_name"" does not exist
LINE 4: FROM company_name AS cn,
             ^
",
q382,no_nestloop,1,,,,,,,,,,,,,,error,"relation ""company_name"" does not exist
LINE 4: FROM company_name AS cn,
             ^
",
q383,default,1,,,,,,,,,,,,,,error,"relation ""company_name"" does not exist
LINE 4: FROM company_name AS cn,
             ^
",
q383,no_hashjoin,1,,,,,,,,,,,,,,error,"relation ""company_name"" does not exist
LINE 4: FROM company_name AS cn,
             ^
",
q383,no_mergejoin,1,,,,,,,,,,,,,,error,"relation ""company_name"" does not exist
LINE 4: FROM company_name AS cn,
             ^
",
q383,no_nestloop,1,,,,,,,,,,,,,,error,"relation ""company_name"" does not exist
LINE 4: FROM company_name AS cn,
             ^
",
q384,default,1,,,,,,,,,,,,,,error,"relation ""company_name"" does not exist
LINE 4: FROM company_name AS cn,
             ^
",
q384,no_hashjoin,1,,,,,,,,,,,,,,error,"relation ""company_name"" does not exist
LINE 4: FROM company_name AS cn,
             ^
",
q384,no_mergejoin,1,,,,,,,,,,,,,,error,"relation ""company_name"" does not exist
LINE 4: FROM company_name AS cn,
             ^
",
q384,no_nestloop,1,,,,,,,,,,,,,,error,"relation ""company_name"" does not exist
LINE 4: FROM company_name AS cn,
             ^
",
q385,default,1,,,,,,,,,,,,,,error,"relation ""company_name"" does not exist
LINE 4: FROM company_name AS cn,
             ^
",
q385,no_hashjoin,1,,,,,,,,,,,,,,error,"relation ""company_name"" does not exist
LINE 4: FROM company_name AS cn,
             ^
",
q385,no_mergejoin,1,,,,,,,,,,,,,,error,"relation ""company_name"" does not exist
LINE 4: FROM company_name AS cn,
             ^
",
q385,no_nestloop,1,,,,,,,,,,,,,,error,"relation ""company_name"" does not exist
LINE 4: FROM company_name AS cn,
             ^
",
q386,default,1,,,,,,,,,,,,,,error,"relation ""company_name"" does not exist
LINE 4: FROM company_name AS cn,
             ^
",
q386,no_hashjoin,1,,,,,,,,,,,,,,error,"relation ""company_name"" does not exist
LINE 4: FROM company_name AS cn,
             ^
",
q386,no_mergejoin,1,,,,,,,,,,,,,,error,"relation ""company_name"" does not exist
LINE 4: FROM company_name AS cn,
             ^
",
q386,no_nestloop,1,,,,,,,,,,,,,,error,"relation ""company_name"" does not exist
LINE 4: FROM company_name AS cn,
             ^
",
q387,default,1,,,,,,,,,,,,,,error,"relation ""company_name"" does not exist
LINE 4: FROM company_name AS cn,
             ^
",
q387,no_hashjoin,1,,,,,,,,,,,,,,error,"relation ""company_name"" does not exist
LINE 4: FROM company_name AS cn,
             ^
",
q387,no_mergejoin,1,,,,,,,,,,,,,,error,"relation ""company_name"" does not exist
LINE 4: FROM company_name AS cn,
             ^
",
q387,no_nestloop,1,,,,,,,,,,,,,,error,"relation ""company_name"" does not exist
LINE 4: FROM company_name AS cn,
             ^
",
q388,default,1,,,,,,,,,,,,,,error,"relation ""company_name"" does not exist
LINE 4: FROM company_name AS cn,
             ^
",
q388,no_hashjoin,1,,,,,,,,,,,,,,error,"relation ""company_name"" does not exist
LINE 4: FROM company_name AS cn,
             ^
",
q388,no_mergejoin,1,,,,,,,,,,,,,,error,"relation ""company_name"" does not exist
LINE 4: FROM company_name AS cn,
             ^
",
q388,no_nestloop,1,,,,,,,,,,,,,,error,"relation ""company_name"" does not exist
LINE 4: FROM company_name AS cn,
             ^
",
q389,default,1,,,,,,,,,,,,,,error,"relation ""company_name"" does not exist
LINE 4: FROM company_name AS cn,
             ^
",
q389,no_hashjoin,1,,,,,,,,,,,,,,error,"relation ""company_name"" does not exist
LINE 4: FROM company_name AS cn,
             ^
",
q389,no_mergejoin,1,,,,,,,,,,,,,,error,"relation ""company_name"" does not exist
LINE 4: FROM company_name AS cn,
             ^
",
q389,no_nestloop,1,,,,,,,,,,,,,,error,"relation ""company_name"" does not exist
LINE 4: FROM company_name AS cn,
             ^
",
q39,default,1,,,,,,,,,,,,,,error,"relation ""company_name"" does not exist
LINE 4: FROM company_name AS cn,
             ^
",
q39,no_hashjoin,1,,,,,,,,,,,,,,error,"relation ""company_name"" does not exist
LINE 4: FROM company_name AS cn,
             ^
",
q39,no_mergejoin,1,,,,,,,,,,,,,,error,"relation ""company_name"" does not exist
LINE 4: FROM company_name AS cn,
             ^
",
q39,no_nestloop,1,,,,,,,,,,,,,,error,"relation ""company_name"" does not exist
LINE 4: FROM company_name AS cn,
             ^
",
q390,default,1,,,,,,,,,,,,,,error,"relation ""company_name"" does not exist
LINE 4: FROM company_name AS cn,
             ^
",
q390,no_hashjoin,1,,,,,,,,,,,,,,error,"relation ""company_name"" does not exist
LINE 4: FROM company_name AS cn,
             ^
",
q390,no_mergejoin,1,,,,,,,,,,,,,,error,"relation ""company_name"" does not exist
LINE 4: FROM company_name AS cn,
             ^
",
q390,no_nestloop,1,,,,,,,,,,,,,,error,"relation ""company_name"" does not exist
LINE 4: FROM company_name AS cn,
             ^
",
q391,default,1,,,,,,,,,,,,,,error,"relation ""company_name"" does not exist
LINE 4: FROM company_name AS cn,
             ^
",
q391,no_hashjoin,1,,,,,,,,,,,,,,error,"relation ""company_name"" does not exist
LINE 4: FROM company_name AS cn,
             ^
",
q391,no_mergejoin,1,,,,,,,,,,,,,,error,"relation ""company_name"" does not exist
LINE 4: FROM company_name AS cn,
             ^
",
q391,no_nestloop,1,,,,,,,,,,,,,,error,"relation ""company_name"" does not exist
LINE 4: FROM company_name AS cn,
             ^
",
q392,default,1,,,,,,,,,,,,,,error,"relation ""company_name"" does not exist
LINE 4: FROM company_name AS cn,
             ^
",
q392,no_hashjoin,1,,,,,,,,,,,,,,error,"relation ""company_name"" does not exist
LINE 4: FROM company_name AS cn,
             ^
",
q392,no_mergejoin,1,,,,,,,,,,,,,,error,"relation ""company_name"" does not exist
LINE 4: FROM company_name AS cn,
             ^
",
q392,no_nestloop,1,,,,,,,,,,,,,,error,"relation ""company_name"" does not exist
LINE 4: FROM company_name AS cn,
             ^
",
q393,default,1,,,,,,,,,,,,,,error,"relation ""company_name"" does not exist
LINE 4: FROM company_name AS cn,
             ^
",
q393,no_hashjoin,1,,,,,,,,,,,,,,error,"relation ""company_name"" does not exist
LINE 4: FROM company_name AS cn,
             ^
",
q393,no_mergejoin,1,,,,,,,,,,,,,,error,"relation ""company_name"" does not exist
LINE 4: FROM company_name AS cn,
             ^
",
q393,no_nestloop,1,,,,,,,,,,,,,,error,"relation ""company_name"" does not exist
LINE 4: FROM company_name AS cn,
             ^
",
q394,default,1,,,,,,,,,,,,,,error,"relation ""company_name"" does not exist
LINE 4: FROM company_name AS cn,
             ^
",
q394,no_hashjoin,1,,,,,,,,,,,,,,error,"relation ""company_name"" does not exist
LINE 4: FROM company_name AS cn,
             ^
",
q394,no_mergejoin,1,,,,,,,,,,,,,,error,"relation ""company_name"" does not exist
LINE 4: FROM company_name AS cn,
             ^
",
q394,no_nestloop,1,,,,,,,,,,,,,,error,"relation ""company_name"" does not exist
LINE 4: FROM company_name AS cn,
             ^
",
q395,default,1,,,,,,,,,,,,,,error,"relation ""company_name"" does not exist
LINE 4: FROM company_name AS cn,
             ^
",
q395,no_hashjoin,1,,,,,,,,,,,,,,error,"relation ""company_name"" does not exist
LINE 4: FROM company_name AS cn,
             ^
",
q395,no_mergejoin,1,,,,,,,,,,,,,,error,"relation ""company_name"" does not exist
LINE 4: FROM company_name AS cn,
             ^
",
q395,no_nestloop,1,,,,,,,,,,,,,,error,"relation ""company_name"" does not exist
LINE 4: FROM company_name AS cn,
             ^
",
q396,default,1,,,,,,,,,,,,,,error,"relation ""company_name"" does not exist
LINE 4: FROM company_name AS cn,
             ^
",
q396,no_hashjoin,1,,,,,,,,,,,,,,error,"relation ""company_name"" does not exist
LINE 4: FROM company_name AS cn,
             ^
",
q396,no_mergejoin,1,,,,,,,,,,,,,,error,"relation ""company_name"" does not exist
LINE 4: FROM company_name AS cn,
             ^
",
q396,no_nestloop,1,,,,,,,,,,,,,,error,"relation ""company_name"" does not exist
LINE 4: FROM company_name AS cn,
             ^
",
q397,default,1,,,,,,,,,,,,,,error,"relation ""company_name"" does not exist
LINE 4: FROM company_name AS cn,
             ^
",
q397,no_hashjoin,1,,,,,,,,,,,,,,error,"relation ""company_name"" does not exist
LINE 4: FROM company_name AS cn,
             ^
",
q397,no_mergejoin,1,,,,,,,,,,,,,,error,"relation ""company_name"" does not exist
LINE 4: FROM company_name AS cn,
             ^
",
q397,no_nestloop,1,,,,,,,,,,,,,,error,"relation ""company_name"" does not exist
LINE 4: FROM company_name AS cn,
             ^
",
q398,default,1,,,,,,,,,,,,,,error,"relation ""company_name"" does not exist
LINE 4: FROM company_name AS cn,
             ^
",
q398,no_hashjoin,1,,,,,,,,,,,,,,error,"relation ""company_name"" does not exist
LINE 4: FROM company_name AS cn,
             ^
",
q398,no_mergejoin,1,,,,,,,,,,,,,,error,"relation ""company_name"" does not exist
LINE 4: FROM company_name AS cn,
             ^
",
q398,no_nestloop,1,,,,,,,,,,,,,,error,"relation ""company_name"" does not exist
LINE 4: FROM company_name AS cn,
             ^
",
q399,default,1,,,,,,,,,,,,,,error,"relation ""company_name"" does not exist
LINE 4: FROM company_name AS cn,
             ^
",
q399,no_hashjoin,1,,,,,,,,,,,,,,error,"relation ""company_name"" does not exist
LINE 4: FROM company_name AS cn,
             ^
",
q399,no_mergejoin,1,,,,,,,,,,,,,,error,"relation ""company_name"" does not exist
LINE 4: FROM company_name AS cn,
             ^
",
q399,no_nestloop,1,,,,,,,,,,,,,,error,"relation ""company_name"" does not exist
LINE 4: FROM company_name AS cn,
             ^
",
q4,default,1,,,,,,,,,,,,,,error,"relation ""char_name"" does not exist
LINE 3: FROM char_name AS chn,
             ^
",
q4,no_hashjoin,1,,,,,,,,,,,,,,error,"relation ""char_name"" does not exist
LINE 3: FROM char_name AS chn,
             ^
",
q4,no_mergejoin,1,,,,,,,,,,,,,,error,"relation ""char_name"" does not exist
LINE 3: FROM char_name AS chn,
             ^
",
q4,no_nestloop,1,,,,,,,,,,,,,,error,"relation ""char_name"" does not exist
LINE 3: FROM char_name AS chn,
             ^
",
q40,default,1,,,,,,,,,,,,,,error,"relation ""company_name"" does not exist
LINE 4: FROM company_name AS cn,
             ^
",
q40,no_hashjoin,1,,,,,,,,,,,,,,error,"relation ""company_name"" does not exist
LINE 4: FROM company_name AS cn,
             ^
",
q40,no_mergejoin,1,,,,,,,,,,,,,,error,"relation ""company_name"" does not exist
LINE 4: FROM company_name AS cn,
             ^
",
q40,no_nestloop,1,,,,,,,,,,,,,,error,"relation ""company_name"" does not exist
LINE 4: FROM company_name AS cn,
             ^
",
q400,default,1,,,,,,,,,,,,,,error,"relation ""company_name"" does not exist
LINE 4: FROM company_name AS cn,
             ^
",
q400,no_hashjoin,1,,,,,,,,,,,,,,error,"relation ""company_name"" does not exist
LINE 4: FROM company_name AS cn,
             ^
",
q400,no_mergejoin,1,,,,,,,,,,,,,,error,"relation ""company_name"" does not exist
LINE 4: FROM company_name AS cn,
             ^
",
q400,no_nestloop,1,,,,,,,,,,,,,,error,"relation ""company_name"" does not exist
LINE 4: FROM company_name AS cn,
             ^
",
q401,default,1,,,,,,,,,,,,,,error,"relation ""company_name"" does not exist
LINE 4: FROM company_name AS cn,
             ^
",
q401,no_hashjoin,1,,,,,,,,,,,,,,error,"relation ""company_name"" does not exist
LINE 4: FROM company_name AS cn,
             ^
",
q401,no_mergejoin,1,,,,,,,,,,,,,,error,"relation ""company_name"" does not exist
LINE 4: FROM company_name AS cn,
             ^
",
q401,no_nestloop,1,,,,,,,,,,,,,,error,"relation ""company_name"" does not exist
LINE 4: FROM company_name AS cn,
             ^
",
q402,default,1,,,,,,,,,,,,,,error,"relation ""company_name"" does not exist
LINE 4: FROM company_name AS cn,
             ^
",
q402,no_hashjoin,1,,,,,,,,,,,,,,error,"relation ""company_name"" does not exist
LINE 4: FROM company_name AS cn,
             ^
",
q402,no_mergejoin,1,,,,,,,,,,,,,,error,"relation ""company_name"" does not exist
LINE 4: FROM company_name AS cn,
             ^
",
q402,no_nestloop,1,,,,,,,,,,,,,,error,"relation ""company_name"" does not exist
LINE 4: FROM company_name AS cn,
             ^
",
q403,default,1,,,,,,,,,,,,,,error,"relation ""company_name"" does not exist
LINE 4: FROM company_name AS cn,
             ^
",
q403,no_hashjoin,1,,,,,,,,,,,,,,error,"relation ""company_name"" does not exist
LINE 4: FROM company_name AS cn,
             ^
",
q403,no_mergejoin,1,,,,,,,,,,,,,,error,"relation ""company_name"" does not exist
LINE 4: FROM company_name AS cn,
             ^
",
q403,no_nestloop,1,,,,,,,,,,,,,,error,"relation ""company_name"" does not exist
LINE 4: FROM company_name AS cn,
             ^
",
q404,default,1,,,,,,,,,,,,,,error,"relation ""company_name"" does not exist
LINE 4: FROM company_name AS cn,
             ^
",
q404,no_hashjoin,1,,,,,,,,,,,,,,error,"relation ""company_name"" does not exist
LINE 4: FROM company_name AS cn,
             ^
",
q404,no_mergejoin,1,,,,,,,,,,,,,,error,"relation ""company_name"" does not exist
LINE 4: FROM company_name AS cn,
             ^
",
q404,no_nestloop,1,,,,,,,,,,,,,,error,"relation ""company_name"" does not exist
LINE 4: FROM company_name AS cn,
             ^
",
q405,default,1,,,,,,,,,,,,,,error,"relation ""company_name"" does not exist
LINE 4: FROM company_name AS cn,
             ^
",
q405,no_hashjoin,1,,,,,,,,,,,,,,error,"relation ""company_name"" does not exist
LINE 4: FROM company_name AS cn,
             ^
",
q405,no_mergejoin,1,,,,,,,,,,,,,,error,"relation ""company_name"" does not exist
LINE 4: FROM company_name AS cn,
             ^
",
q405,no_nestloop,1,,,,,,,,,,,,,,error,"relation ""company_name"" does not exist
LINE 4: FROM company_name AS cn,
             ^
",
q406,default,1,,,,,,,,,,,,,,error,"relation ""company_name"" does not exist
LINE 4: FROM company_name AS cn,
             ^
",
q406,no_hashjoin,1,,,,,,,,,,,,,,error,"relation ""company_name"" does not exist
LINE 4: FROM company_name AS cn,
             ^
",
q406,no_mergejoin,1,,,,,,,,,,,,,,error,"relation ""company_name"" does not exist
LINE 4: FROM company_name AS cn,
             ^
",
q406,no_nestloop,1,,,,,,,,,,,,,,error,"relation ""company_name"" does not exist
LINE 4: FROM company_name AS cn,
             ^
",
q407,default,1,,,,,,,,,,,,,,error,"relation ""company_name"" does not exist
LINE 4: FROM company_name AS cn,
             ^
",
q407,no_hashjoin,1,,,,,,,,,,,,,,error,"relation ""company_name"" does not exist
LINE 4: FROM company_name AS cn,
             ^
",
q407,no_mergejoin,1,,,,,,,,,,,,,,error,"relation ""company_name"" does not exist
LINE 4: FROM company_name AS cn,
             ^
",
q407,no_nestloop,1,,,,,,,,,,,,,,error,"relation ""company_name"" does not exist
LINE 4: FROM company_name AS cn,
             ^
",
q408,default,1,,,,,,,,,,,,,,error,"relation ""company_name"" does not exist
LINE 4: FROM company_name AS cn,
             ^
",
q408,no_hashjoin,1,,,,,,,,,,,,,,error,"relation ""company_name"" does not exist
LINE 4: FROM company_name AS cn,
             ^
",
q408,no_mergejoin,1,,,,,,,,,,,,,,error,"relation ""company_name"" does not exist
LINE 4: FROM company_name AS cn,
             ^
",
q408,no_nestloop,1,,,,,,,,,,,,,,error,"relation ""company_name"" does not exist
LINE 4: FROM company_name AS cn,
             ^
",
q409,default,1,,,,,,,,,,,,,,error,"relation ""company_name"" does not exist
LINE 4: FROM company_name AS cn,
             ^
",
q409,no_hashjoin,1,,,,,,,,,,,,,,error,"relation ""company_name"" does not exist
LINE 4: FROM company_name AS cn,
             ^
",
q409,no_mergejoin,1,,,,,,,,,,,,,,error,"relation ""company_name"" does not exist
LINE 4: FROM company_name AS cn,
             ^
",
q409,no_nestloop,1,,,,,,,,,,,,,,error,"relation ""company_name"" does not exist
LINE 4: FROM company_name AS cn,
             ^
",
q41,default,1,,,,,,,,,,,,,,error,"relation ""company_name"" does not exist
LINE 4: FROM company_name AS cn,
             ^
",
q41,no_hashjoin,1,,,,,,,,,,,,,,error,"relation ""company_name"" does not exist
LINE 4: FROM company_name AS cn,
             ^
",
q41,no_mergejoin,1,,,,,,,,,,,,,,error,"relation ""company_name"" does not exist
LINE 4: FROM company_name AS cn,
             ^
",
q41,no_nestloop,1,,,,,,,,,,,,,,error,"relation ""company_name"" does not exist
LINE 4: FROM company_name AS cn,
             ^
",
q410,default,1,,,,,,,,,,,,,,error,"relation ""company_name"" does not exist
LINE 4: FROM company_name AS cn,
             ^
",
q410,no_hashjoin,1,,,,,,,,,,,,,,error,"relation ""company_name"" does not exist
LINE 4: FROM company_name AS cn,
             ^
",
q410,no_mergejoin,1,,,,,,,,,,,,,,error,"relation ""company_name"" does not exist
LINE 4: FROM company_name AS cn,
             ^
",
q410,no_nestloop,1,,,,,,,,,,,,,,error,"relation ""company_name"" does not exist
LINE 4: FROM company_name AS cn,
             ^
",
q411,default,1,,,,,,,,,,,,,,error,"relation ""company_name"" does not exist
LINE 4: FROM company_name AS cn,
             ^
",
q411,no_hashjoin,1,,,,,,,,,,,,,,error,"relation ""company_name"" does not exist
LINE 4: FROM company_name AS cn,
             ^
",
q411,no_mergejoin,1,,,,,,,,,,,,,,error,"relation ""company_name"" does not exist
LINE 4: FROM company_name AS cn,
             ^
",
q411,no_nestloop,1,,,,,,,,,,,,,,error,"relation ""company_name"" does not exist
LINE 4: FROM company_name AS cn,
             ^
",
q412,default,1,,,,,,,,,,,,,,error,"relation ""company_name"" does not exist
LINE 4: FROM company_name AS cn,
             ^
",
q412,no_hashjoin,1,,,,,,,,,,,,,,error,"relation ""company_name"" does not exist
LINE 4: FROM company_name AS cn,
             ^
",
q412,no_mergejoin,1,,,,,,,,,,,,,,error,"relation ""company_name"" does not exist
LINE 4: FROM company_name AS cn,
             ^
",
q412,no_nestloop,1,,,,,,,,,,,,,,error,"relation ""company_name"" does not exist
LINE 4: FROM company_name AS cn,
             ^
",
q413,default,1,,,,,,,,,,,,,,error,"relation ""company_name"" does not exist
LINE 4: FROM company_name AS cn,
             ^
",
q413,no_hashjoin,1,,,,,,,,,,,,,,error,"relation ""company_name"" does not exist
LINE 4: FROM company_name AS cn,
             ^
",
q413,no_mergejoin,1,,,,,,,,,,,,,,error,"relation ""company_name"" does not exist
LINE 4: FROM company_name AS cn,
             ^
",
q413,no_nestloop,1,,,,,,,,,,,,,,error,"relation ""company_name"" does not exist
LINE 4: FROM company_name AS cn,
             ^
",
q414,default,1,,,,,,,,,,,,,,error,"relation ""company_name"" does not exist
LINE 4: FROM company_name AS cn,
             ^
",
q414,no_hashjoin,1,,,,,,,,,,,,,,error,"relation ""company_name"" does not exist
LINE 4: FROM company_name AS cn,
             ^
",
q414,no_mergejoin,1,,,,,,,,,,,,,,error,"relation ""company_name"" does not exist
LINE 4: FROM company_name AS cn,
             ^
",
q414,no_nestloop,1,,,,,,,,,,,,,,error,"relation ""company_name"" does not exist
LINE 4: FROM company_name AS cn,
             ^
",
q415,default,1,,,,,,,,,,,,,,error,"relation ""company_name"" does not exist
LINE 4: FROM company_name AS cn,
             ^
",
q415,no_hashjoin,1,,,,,,,,,,,,,,error,"relation ""company_name"" does not exist
LINE 4: FROM company_name AS cn,
             ^
",
q415,no_mergejoin,1,,,,,,,,,,,,,,error,"relation ""company_name"" does not exist
LINE 4: FROM company_name AS cn,
             ^
",
q415,no_nestloop,1,,,,,,,,,,,,,,error,"relation ""company_name"" does not exist
LINE 4: FROM company_name AS cn,
             ^
",
q416,default,1,,,,,,,,,,,,,,error,"relation ""complete_cast"" does not exist
LINE 3: FROM complete_cast AS cc,
             ^
",
q416,no_hashjoin,1,,,,,,,,,,,,,,error,"relation ""complete_cast"" does not exist
LINE 3: FROM complete_cast AS cc,
             ^
",
q416,no_mergejoin,1,,,,,,,,,,,,,,error,"relation ""complete_cast"" does not exist
LINE 3: FROM complete_cast AS cc,
             ^
",
q416,no_nestloop,1,,,,,,,,,,,,,,error,"relation ""complete_cast"" does not exist
LINE 3: FROM complete_cast AS cc,
             ^
",
q417,default,1,,,,,,,,,,,,,,error,"relation ""complete_cast"" does not exist
LINE 3: FROM complete_cast AS cc,
             ^
",
q417,no_hashjoin,1,,,,,,,,,,,,,,error,"relation ""complete_cast"" does not exist
LINE 3: FROM complete_cast AS cc,
             ^
",
q417,no_mergejoin,1,,,,,,,,,,,,,,error,"relation ""complete_cast"" does not exist
LINE 3: FROM complete_cast AS cc,
             ^
",
q417,no_nestloop,1,,,,,,,,,,,,,,error,"relation ""complete_cast"" does not exist
LINE 3: FROM complete_cast AS cc,
             ^
",
q418,default,1,,,,,,,,,,,,,,error,"relation ""complete_cast"" does not exist
LINE 3: FROM complete_cast AS cc,
             ^
",
q418,no_hashjoin,1,,,,,,,,,,,,,,error,"relation ""complete_cast"" does not exist
LINE 3: FROM complete_cast AS cc,
             ^
",
q418,no_mergejoin,1,,,,,,,,,,,,,,error,"relation ""complete_cast"" does not exist
LINE 3: FROM complete_cast AS cc,
             ^
",
q418,no_nestloop,1,,,,,,,,,,,,,,error,"relation ""complete_cast"" does not exist
LINE 3: FROM complete_cast AS cc,
             ^
",
q419,default,1,,,,,,,,,,,,,,error,"relation ""complete_cast"" does not exist
LINE 3: FROM complete_cast AS cc,
             ^
",
q419,no_hashjoin,1,,,,,,,,,,,,,,error,"relation ""complete_cast"" does not exist
LINE 3: FROM complete_cast AS cc,
             ^
",
q419,no_mergejoin,1,,,,,,,,,,,,,,error,"relation ""complete_cast"" does not exist
LINE 3: FROM complete_cast AS cc,
             ^
",
q419,no_nestloop,1,,,,,,,,,,,,,,error,"relation ""complete_cast"" does not exist
LINE 3: FROM complete_cast AS cc,
             ^
",
q42,default,1,,,,,,,,,,,,,,error,"relation ""company_name"" does not exist
LINE 4: FROM company_name AS cn,
             ^
",
q42,no_hashjoin,1,,,,,,,,,,,,,,error,"relation ""company_name"" does not exist
LINE 4: FROM company_name AS cn,
             ^
",
q42,no_mergejoin,1,,,,,,,,,,,,,,error,"relation ""company_name"" does not exist
LINE 4: FROM company_name AS cn,
             ^
",
q42,no_nestloop,1,,,,,,,,,,,,,,error,"relation ""company_name"" does not exist
LINE 4: FROM company_name AS cn,
             ^
",
q420,default,1,,,,,,,,,,,,,,error,"relation ""complete_cast"" does not exist
LINE 3: FROM complete_cast AS cc,
             ^
",
q420,no_hashjoin,1,,,,,,,,,,,,,,error,"relation ""complete_cast"" does not exist
LINE 3: FROM complete_cast AS cc,
             ^
",
q420,no_mergejoin,1,,,,,,,,,,,,,,error,"relation ""complete_cast"" does not exist
LINE 3: FROM complete_cast AS cc,
             ^
",
q420,no_nestloop,1,,,,,,,,,,,,,,error,"relation ""complete_cast"" does not exist
LINE 3: FROM complete_cast AS cc,
             ^
",
q421,default,1,,,,,,,,,,,,,,error,"relation ""complete_cast"" does not exist
LINE 3: FROM complete_cast AS cc,
             ^
",
q421,no_hashjoin,1,,,,,,,,,,,,,,error,"relation ""complete_cast"" does not exist
LINE 3: FROM complete_cast AS cc,
             ^
",
q421,no_mergejoin,1,,,,,,,,,,,,,,error,"relation ""complete_cast"" does not exist
LINE 3: FROM complete_cast AS cc,
             ^
",
q421,no_nestloop,1,,,,,,,,,,,,,,error,"relation ""complete_cast"" does not exist
LINE 3: FROM complete_cast AS cc,
             ^
",
q422,default,1,,,,,,,,,,,,,,error,"relation ""complete_cast"" does not exist
LINE 3: FROM complete_cast AS cc,
             ^
",
q422,no_hashjoin,1,,,,,,,,,,,,,,error,"relation ""complete_cast"" does not exist
LINE 3: FROM complete_cast AS cc,
             ^
",
q422,no_mergejoin,1,,,,,,,,,,,,,,error,"relation ""complete_cast"" does not exist
LINE 3: FROM complete_cast AS cc,
             ^
",
q422,no_nestloop,1,,,,,,,,,,,,,,error,"relation ""complete_cast"" does not exist
LINE 3: FROM complete_cast AS cc,
             ^
",
q423,default,1,,,,,,,,,,,,,,error,"relation ""complete_cast"" does not exist
LINE 3: FROM complete_cast AS cc,
             ^
",
q423,no_hashjoin,1,,,,,,,,,,,,,,error,"relation ""complete_cast"" does not exist
LINE 3: FROM complete_cast AS cc,
             ^
",
q423,no_mergejoin,1,,,,,,,,,,,,,,error,"relation ""complete_cast"" does not exist
LINE 3: FROM complete_cast AS cc,
             ^
",
q423,no_nestloop,1,,,,,,,,,,,,,,error,"relation ""complete_cast"" does not exist
LINE 3: FROM complete_cast AS cc,
             ^
",
q424,default,1,,,,,,,,,,,,,,error,"relation ""complete_cast"" does not exist
LINE 3: FROM complete_cast AS cc,
             ^
",
q424,no_hashjoin,1,,,,,,,,,,,,,,error,"relation ""complete_cast"" does not exist
LINE 3: FROM complete_cast AS cc,
             ^
",
q424,no_mergejoin,1,,,,,,,,,,,,,,error,"relation ""complete_cast"" does not exist
LINE 3: FROM complete_cast AS cc,
             ^
",
q424,no_nestloop,1,,,,,,,,,,,,,,error,"relation ""complete_cast"" does not exist
LINE 3: FROM complete_cast AS cc,
             ^
",
q425,default,1,,,,,,,,,,,,,,error,"relation ""complete_cast"" does not exist
LINE 3: FROM complete_cast AS cc,
             ^
",
q425,no_hashjoin,1,,,,,,,,,,,,,,error,"relation ""complete_cast"" does not exist
LINE 3: FROM complete_cast AS cc,
             ^
",
q425,no_mergejoin,1,,,,,,,,,,,,,,error,"relation ""complete_cast"" does not exist
LINE 3: FROM complete_cast AS cc,
             ^
",
q425,no_nestloop,1,,,,,,,,,,,,,,error,"relation ""complete_cast"" does not exist
LINE 3: FROM complete_cast AS cc,
             ^
",
q426,default,1,,,,,,,,,,,,,,error,"relation ""complete_cast"" does not exist
LINE 3: FROM complete_cast AS cc,
             ^
",
q426,no_hashjoin,1,,,,,,,,,,,,,,error,"relation ""complete_cast"" does not exist
LINE 3: FROM complete_cast AS cc,
             ^
",
q426,no_mergejoin,1,,,,,,,,,,,,,,error,"relation ""complete_cast"" does not exist
LINE 3: FROM complete_cast AS cc,
             ^
",
q426,no_nestloop,1,,,,,,,,,,,,,,error,"relation ""complete_cast"" does not exist
LINE 3: FROM complete_cast AS cc,
             ^
",
q427,default,1,,,,,,,,,,,,,,error,"relation ""complete_cast"" does not exist
LINE 3: FROM complete_cast AS cc,
             ^
",
q427,no_hashjoin,1,,,,,,,,,,,,,,error,"relation ""complete_cast"" does not exist
LINE 3: FROM complete_cast AS cc,
             ^
",
q427,no_mergejoin,1,,,,,,,,,,,,,,error,"relation ""complete_cast"" does not exist
LINE 3: FROM complete_cast AS cc,
             ^
",
q427,no_nestloop,1,,,,,,,,,,,,,,error,"relation ""complete_cast"" does not exist
LINE 3: FROM complete_cast AS cc,
             ^
",
q428,default,1,,,,,,,,,,,,,,error,"relation ""complete_cast"" does not exist
LINE 3: FROM complete_cast AS cc,
             ^
",
q428,no_hashjoin,1,,,,,,,,,,,,,,error,"relation ""complete_cast"" does not exist
LINE 3: FROM complete_cast AS cc,
             ^
",
q428,no_mergejoin,1,,,,,,,,,,,,,,error,"relation ""complete_cast"" does not exist
LINE 3: FROM complete_cast AS cc,
             ^
",
q428,no_nestloop,1,,,,,,,,,,,,,,error,"relation ""complete_cast"" does not exist
LINE 3: FROM complete_cast AS cc,
             ^
",
q429,default,1,,,,,,,,,,,,,,error,"relation ""complete_cast"" does not exist
LINE 3: FROM complete_cast AS cc,
             ^
",
q429,no_hashjoin,1,,,,,,,,,,,,,,error,"relation ""complete_cast"" does not exist
LINE 3: FROM complete_cast AS cc,
             ^
",
q429,no_mergejoin,1,,,,,,,,,,,,,,error,"relation ""complete_cast"" does not exist
LINE 3: FROM complete_cast AS cc,
             ^
",
q429,no_nestloop,1,,,,,,,,,,,,,,error,"relation ""complete_cast"" does not exist
LINE 3: FROM complete_cast AS cc,
             ^
",
q43,default,1,,,,,,,,,,,,,,error,"relation ""company_name"" does not exist
LINE 4: FROM company_name AS cn,
             ^
",
q43,no_hashjoin,1,,,,,,,,,,,,,,error,"relation ""company_name"" does not exist
LINE 4: FROM company_name AS cn,
             ^
",
q43,no_mergejoin,1,,,,,,,,,,,,,,error,"relation ""company_name"" does not exist
LINE 4: FROM company_name AS cn,
             ^
",
q43,no_nestloop,1,,,,,,,,,,,,,,error,"relation ""company_name"" does not exist
LINE 4: FROM company_name AS cn,
             ^
",
q430,default,1,,,,,,,,,,,,,,error,"relation ""complete_cast"" does not exist
LINE 3: FROM complete_cast AS cc,
             ^
",
q430,no_hashjoin,1,,,,,,,,,,,,,,error,"relation ""complete_cast"" does not exist
LINE 3: FROM complete_cast AS cc,
             ^
",
q430,no_mergejoin,1,,,,,,,,,,,,,,error,"relation ""complete_cast"" does not exist
LINE 3: FROM complete_cast AS cc,
             ^
",
q430,no_nestloop,1,,,,,,,,,,,,,,error,"relation ""complete_cast"" does not exist
LINE 3: FROM complete_cast AS cc,
             ^
",
q431,default,1,,,,,,,,,,,,,,error,"relation ""complete_cast"" does not exist
LINE 3: FROM complete_cast AS cc,
             ^
",
q431,no_hashjoin,1,,,,,,,,,,,,,,error,"relation ""complete_cast"" does not exist
LINE 3: FROM complete_cast AS cc,
             ^
",
q431,no_mergejoin,1,,,,,,,,,,,,,,error,"relation ""complete_cast"" does not exist
LINE 3: FROM complete_cast AS cc,
             ^
",
q431,no_nestloop,1,,,,,,,,,,,,,,error,"relation ""complete_cast"" does not exist
LINE 3: FROM complete_cast AS cc,
             ^
",
q432,default,1,,,,,,,,,,,,,,error,"relation ""complete_cast"" does not exist
LINE 3: FROM complete_cast AS cc,
             ^
",
q432,no_hashjoin,1,,,,,,,,,,,,,,error,"relation ""complete_cast"" does not exist
LINE 3: FROM complete_cast AS cc,
             ^
",
q432,no_mergejoin,1,,,,,,,,,,,,,,error,"relation ""complete_cast"" does not exist
LINE 3: FROM complete_cast AS cc,
             ^
",
q432,no_nestloop,1,,,,,,,,,,,,,,error,"relation ""complete_cast"" does not exist
LINE 3: FROM complete_cast AS cc,
             ^
",
q433,default,1,,,,,,,,,,,,,,error,"relation ""complete_cast"" does not exist
LINE 3: FROM complete_cast AS cc,
             ^
",
q433,no_hashjoin,1,,,,,,,,,,,,,,error,"relation ""complete_cast"" does not exist
LINE 3: FROM complete_cast AS cc,
             ^
",
q433,no_mergejoin,1,,,,,,,,,,,,,,error,"relation ""complete_cast"" does not exist
LINE 3: FROM complete_cast AS cc,
             ^
",
q433,no_nestloop,1,,,,,,,,,,,,,,error,"relation ""complete_cast"" does not exist
LINE 3: FROM complete_cast AS cc,
             ^
",
q434,default,1,,,,,,,,,,,,,,error,"relation ""complete_cast"" does not exist
LINE 3: FROM complete_cast AS cc,
             ^
",
q434,no_hashjoin,1,,,,,,,,,,,,,,error,"relation ""complete_cast"" does not exist
LINE 3: FROM complete_cast AS cc,
             ^
",
q434,no_mergejoin,1,,,,,,,,,,,,,,error,"relation ""complete_cast"" does not exist
LINE 3: FROM complete_cast AS cc,
             ^
",
q434,no_nestloop,1,,,,,,,,,,,,,,error,"relation ""complete_cast"" does not exist
LINE 3: FROM complete_cast AS cc,
             ^
",
q435,default,1,,,,,,,,,,,,,,error,"relation ""complete_cast"" does not exist
LINE 3: FROM complete_cast AS cc,
             ^
",
q435,no_hashjoin,1,,,,,,,,,,,,,,error,"relation ""complete_cast"" does not exist
LINE 3: FROM complete_cast AS cc,
             ^
",
q435,no_mergejoin,1,,,,,,,,,,,,,,error,"relation ""complete_cast"" does not exist
LINE 3: FROM complete_cast AS cc,
             ^
",
q435,no_nestloop,1,,,,,,,,,,,,,,error,"relation ""complete_cast"" does not exist
LINE 3: FROM complete_cast AS cc,
             ^
",
q436,default,1,,,,,,,,,,,,,,error,"relation ""complete_cast"" does not exist
LINE 3: FROM complete_cast AS cc,
             ^
",
q436,no_hashjoin,1,,,,,,,,,,,,,,error,"relation ""complete_cast"" does not exist
LINE 3: FROM complete_cast AS cc,
             ^
",
q436,no_mergejoin,1,,,,,,,,,,,,,,error,"relation ""complete_cast"" does not exist
LINE 3: FROM complete_cast AS cc,
             ^
",
q436,no_nestloop,1,,,,,,,,,,,,,,error,"relation ""complete_cast"" does not exist
LINE 3: FROM complete_cast AS cc,
             ^
",
q437,default,1,,,,,,,,,,,,,,error,"relation ""complete_cast"" does not exist
LINE 3: FROM complete_cast AS cc,
             ^
",
q437,no_hashjoin,1,,,,,,,,,,,,,,error,"relation ""complete_cast"" does not exist
LINE 3: FROM complete_cast AS cc,
             ^
",
q437,no_mergejoin,1,,,,,,,,,,,,,,error,"relation ""complete_cast"" does not exist
LINE 3: FROM complete_cast AS cc,
             ^
",
q437,no_nestloop,1,,,,,,,,,,,,,,error,"relation ""complete_cast"" does not exist
LINE 3: FROM complete_cast AS cc,
             ^
",
q438,default,1,,,,,,,,,,,,,,error,"relation ""complete_cast"" does not exist
LINE 3: FROM complete_cast AS cc,
             ^
",
q438,no_hashjoin,1,,,,,,,,,,,,,,error,"relation ""complete_cast"" does not exist
LINE 3: FROM complete_cast AS cc,
             ^
",
q438,no_mergejoin,1,,,,,,,,,,,,,,error,"relation ""complete_cast"" does not exist
LINE 3: FROM complete_cast AS cc,
             ^
",
q438,no_nestloop,1,,,,,,,,,,,,,,error,"relation ""complete_cast"" does not exist
LINE 3: FROM complete_cast AS cc,
             ^
",
q439,default,1,,,,,,,,,,,,,,error,"relation ""complete_cast"" does not exist
LINE 3: FROM complete_cast AS cc,
             ^
",
q439,no_hashjoin,1,,,,,,,,,,,,,,error,"relation ""complete_cast"" does not exist
LINE 3: FROM complete_cast AS cc,
             ^
",
q439,no_mergejoin,1,,,,,,,,,,,,,,error,"relation ""complete_cast"" does not exist
LINE 3: FROM complete_cast AS cc,
             ^
",
q439,no_nestloop,1,,,,,,,,,,,,,,error,"relation ""complete_cast"" does not exist
LINE 3: FROM complete_cast AS cc,
             ^
",
q44,default,1,,,,,,,,,,,,,,error,"relation ""company_name"" does not exist
LINE 4: FROM company_name AS cn,
             ^
",
q44,no_hashjoin,1,,,,,,,,,,,,,,error,"relation ""company_name"" does not exist
LINE 4: FROM company_name AS cn,
             ^
",
q44,no_mergejoin,1,,,,,,,,,,,,,,error,"relation ""company_name"" does not exist
LINE 4: FROM company_name AS cn,
             ^
",
q44,no_nestloop,1,,,,,,,,,,,,,,error,"relation ""company_name"" does not exist
LINE 4: FROM company_name AS cn,
             ^
",
q440,default,1,,,,,,,,,,,,,,error,"relation ""aka_name"" does not exist
LINE 4: FROM aka_name AS an,
             ^
",
q440,no_hashjoin,1,,,,,,,,,,,,,,error,"relation ""aka_name"" does not exist
LINE 4: FROM aka_name AS an,
             ^
",
q440,no_mergejoin,1,,,,,,,,,,,,,,error,"relation ""aka_name"" does not exist
LINE 4: FROM aka_name AS an,
             ^
",
q440,no_nestloop,1,,,,,,,,,,,,,,error,"relation ""aka_name"" does not exist
LINE 4: FROM aka_name AS an,
             ^
",
q441,default,1,,,,,,,,,,,,,,error,"relation ""aka_name"" does not exist
LINE 4: FROM aka_name AS an,
             ^
",
q441,no_hashjoin,1,,,,,,,,,,,,,,error,"relation ""aka_name"" does not exist
LINE 4: FROM aka_name AS an,
             ^
",
q441,no_mergejoin,1,,,,,,,,,,,,,,error,"relation ""aka_name"" does not exist
LINE 4: FROM aka_name AS an,
             ^
",
q441,no_nestloop,1,,,,,,,,,,,,,,error,"relation ""aka_name"" does not exist
LINE 4: FROM aka_name AS an,
             ^
",
q442,default,1,,,,,,,,,,,,,,error,"relation ""aka_name"" does not exist
LINE 4: FROM aka_name AS an,
             ^
",
q442,no_hashjoin,1,,,,,,,,,,,,,,error,"relation ""aka_name"" does not exist
LINE 4: FROM aka_name AS an,
             ^
",
q442,no_mergejoin,1,,,,,,,,,,,,,,error,"relation ""aka_name"" does not exist
LINE 4: FROM aka_name AS an,
             ^
",
q442,no_nestloop,1,,,,,,,,,,,,,,error,"relation ""aka_name"" does not exist
LINE 4: FROM aka_name AS an,
             ^
",
q443,default,1,,,,,,,,,,,,,,error,"relation ""aka_name"" does not exist
LINE 4: FROM aka_name AS an,
             ^
",
q443,no_hashjoin,1,,,,,,,,,,,,,,error,"relation ""aka_name"" does not exist
LINE 4: FROM aka_name AS an,
             ^
",
q443,no_mergejoin,1,,,,,,,,,,,,,,error,"relation ""aka_name"" does not exist
LINE 4: FROM aka_name AS an,
             ^
",
q443,no_nestloop,1,,,,,,,,,,,,,,error,"relation ""aka_name"" does not exist
LINE 4: FROM aka_name AS an,
             ^
",
q444,default,1,,,,,,,,,,,,,,error,"relation ""aka_name"" does not exist
LINE 4: FROM aka_name AS an,
             ^
",
q444,no_hashjoin,1,,,,,,,,,,,,,,error,"relation ""aka_name"" does not exist
LINE 4: FROM aka_name AS an,
             ^
",
q444,no_mergejoin,1,,,,,,,,,,,,,,error,"relation ""aka_name"" does not exist
LINE 4: FROM aka_name AS an,
             ^
",
q444,no_nestloop,1,,,,,,,,,,,,,,error,"relation ""aka_name"" does not exist
LINE 4: FROM aka_name AS an,
             ^
",
q445,default,1,,,,,,,,,,,,,,error,"relation ""aka_name"" does not exist
LINE 4: FROM aka_name AS an,
             ^
",
q445,no_hashjoin,1,,,,,,,,,,,,,,error,"relation ""aka_name"" does not exist
LINE 4: FROM aka_name AS an,
             ^
",
q445,no_mergejoin,1,,,,,,,,,,,,,,error,"relation ""aka_name"" does not exist
LINE 4: FROM aka_name AS an,
             ^
",
q445,no_nestloop,1,,,,,,,,,,,,,,error,"relation ""aka_name"" does not exist
LINE 4: FROM aka_name AS an,
             ^
",
q446,default,1,,,,,,,,,,,,,,error,"relation ""aka_name"" does not exist
LINE 4: FROM aka_name AS an,
             ^
",
q446,no_hashjoin,1,,,,,,,,,,,,,,error,"relation ""aka_name"" does not exist
LINE 4: FROM aka_name AS an,
             ^
",
q446,no_mergejoin,1,,,,,,,,,,,,,,error,"relation ""aka_name"" does not exist
LINE 4: FROM aka_name AS an,
             ^
",
q446,no_nestloop,1,,,,,,,,,,,,,,error,"relation ""aka_name"" does not exist
LINE 4: FROM aka_name AS an,
             ^
",
q447,default,1,,,,,,,,,,,,,,error,"relation ""aka_name"" does not exist
LINE 4: FROM aka_name AS an,
             ^
",
q447,no_hashjoin,1,,,,,,,,,,,,,,error,"relation ""aka_name"" does not exist
LINE 4: FROM aka_name AS an,
             ^
",
q447,no_mergejoin,1,,,,,,,,,,,,,,error,"relation ""aka_name"" does not exist
LINE 4: FROM aka_name AS an,
             ^
",
q447,no_nestloop,1,,,,,,,,,,,,,,error,"relation ""aka_name"" does not exist
LINE 4: FROM aka_name AS an,
             ^
",
q448,default,1,,,,,,,,,,,,,,error,"relation ""aka_name"" does not exist
LINE 4: FROM aka_name AS an,
             ^
",
q448,no_hashjoin,1,,,,,,,,,,,,,,error,"relation ""aka_name"" does not exist
LINE 4: FROM aka_name AS an,
             ^
",
q448,no_mergejoin,1,,,,,,,,,,,,,,error,"relation ""aka_name"" does not exist
LINE 4: FROM aka_name AS an,
             ^
",
q448,no_nestloop,1,,,,,,,,,,,,,,error,"relation ""aka_name"" does not exist
LINE 4: FROM aka_name AS an,
             ^
",
q449,default,1,,,,,,,,,,,,,,error,"relation ""aka_name"" does not exist
LINE 4: FROM aka_name AS an,
             ^
",
q449,no_hashjoin,1,,,,,,,,,,,,,,error,"relation ""aka_name"" does not exist
LINE 4: FROM aka_name AS an,
             ^
",
q449,no_mergejoin,1,,,,,,,,,,,,,,error,"relation ""aka_name"" does not exist
LINE 4: FROM aka_name AS an,
             ^
",
q449,no_nestloop,1,,,,,,,,,,,,,,error,"relation ""aka_name"" does not exist
LINE 4: FROM aka_name AS an,
             ^
",
q45,default,1,,,,,,,,,,,,,,error,"relation ""company_name"" does not exist
LINE 4: FROM company_name AS cn,
             ^
",
q45,no_hashjoin,1,,,,,,,,,,,,,,error,"relation ""company_name"" does not exist
LINE 4: FROM company_name AS cn,
             ^
",
q45,no_mergejoin,1,,,,,,,,,,,,,,error,"relation ""company_name"" does not exist
LINE 4: FROM company_name AS cn,
             ^
",
q45,no_nestloop,1,,,,,,,,,,,,,,error,"relation ""company_name"" does not exist
LINE 4: FROM company_name AS cn,
             ^
",
q450,default,1,,,,,,,,,,,,,,error,"relation ""aka_name"" does not exist
LINE 4: FROM aka_name AS an,
             ^
",
q450,no_hashjoin,1,,,,,,,,,,,,,,error,"relation ""aka_name"" does not exist
LINE 4: FROM aka_name AS an,
             ^
",
q450,no_mergejoin,1,,,,,,,,,,,,,,error,"relation ""aka_name"" does not exist
LINE 4: FROM aka_name AS an,
             ^
",
q450,no_nestloop,1,,,,,,,,,,,,,,error,"relation ""aka_name"" does not exist
LINE 4: FROM aka_name AS an,
             ^
",
q451,default,1,,,,,,,,,,,,,,error,"relation ""aka_name"" does not exist
LINE 4: FROM aka_name AS an,
             ^
",
q451,no_hashjoin,1,,,,,,,,,,,,,,error,"relation ""aka_name"" does not exist
LINE 4: FROM aka_name AS an,
             ^
",
q451,no_mergejoin,1,,,,,,,,,,,,,,error,"relation ""aka_name"" does not exist
LINE 4: FROM aka_name AS an,
             ^
",
q451,no_nestloop,1,,,,,,,,,,,,,,error,"relation ""aka_name"" does not exist
LINE 4: FROM aka_name AS an,
             ^
",
q452,default,1,,,,,,,,,,,,,,error,"relation ""aka_name"" does not exist
LINE 4: FROM aka_name AS an,
             ^
",
q452,no_hashjoin,1,,,,,,,,,,,,,,error,"relation ""aka_name"" does not exist
LINE 4: FROM aka_name AS an,
             ^
",
q452,no_mergejoin,1,,,,,,,,,,,,,,error,"relation ""aka_name"" does not exist
LINE 4: FROM aka_name AS an,
             ^
",
q452,no_nestloop,1,,,,,,,,,,,,,,error,"relation ""aka_name"" does not exist
LINE 4: FROM aka_name AS an,
             ^
",
q453,default,1,,,,,,,,,,,,,,error,"relation ""aka_name"" does not exist
LINE 4: FROM aka_name AS an,
             ^
",
q453,no_hashjoin,1,,,,,,,,,,,,,,error,"relation ""aka_name"" does not exist
LINE 4: FROM aka_name AS an,
             ^
",
q453,no_mergejoin,1,,,,,,,,,,,,,,error,"relation ""aka_name"" does not exist
LINE 4: FROM aka_name AS an,
             ^
",
q453,no_nestloop,1,,,,,,,,,,,,,,error,"relation ""aka_name"" does not exist
LINE 4: FROM aka_name AS an,
             ^
",
q454,default,1,,,,,,,,,,,,,,error,"relation ""aka_name"" does not exist
LINE 4: FROM aka_name AS an,
             ^
",
q454,no_hashjoin,1,,,,,,,,,,,,,,error,"relation ""aka_name"" does not exist
LINE 4: FROM aka_name AS an,
             ^
",
q454,no_mergejoin,1,,,,,,,,,,,,,,error,"relation ""aka_name"" does not exist
LINE 4: FROM aka_name AS an,
             ^
",
q454,no_nestloop,1,,,,,,,,,,,,,,error,"relation ""aka_name"" does not exist
LINE 4: FROM aka_name AS an,
             ^
",
q455,default,1,,,,,,,,,,,,,,error,"relation ""aka_name"" does not exist
LINE 4: FROM aka_name AS an,
             ^
",
q455,no_hashjoin,1,,,,,,,,,,,,,,error,"relation ""aka_name"" does not exist
LINE 4: FROM aka_name AS an,
             ^
",
q455,no_mergejoin,1,,,,,,,,,,,,,,error,"relation ""aka_name"" does not exist
LINE 4: FROM aka_name AS an,
             ^
",
q455,no_nestloop,1,,,,,,,,,,,,,,error,"relation ""aka_name"" does not exist
LINE 4: FROM aka_name AS an,
             ^
",
q456,default,1,,,,,,,,,,,,,,error,"relation ""cast_info"" does not exist
LINE 5: FROM cast_info AS ci,
             ^
",
q456,no_hashjoin,1,,,,,,,,,,,,,,error,"relation ""cast_info"" does not exist
LINE 5: FROM cast_info AS ci,
             ^
",
q456,no_mergejoin,1,,,,,,,,,,,,,,error,"relation ""cast_info"" does not exist
LINE 5: FROM cast_info AS ci,
             ^
",
q456,no_nestloop,1,,,,,,,,,,,,,,error,"relation ""cast_info"" does not exist
LINE 5: FROM cast_info AS ci,
             ^
",
q457,default,1,,,,,,,,,,,,,,error,"relation ""cast_info"" does not exist
LINE 5: FROM cast_info AS ci,
             ^
",
q457,no_hashjoin,1,,,,,,,,,,,,,,error,"relation ""cast_info"" does not exist
LINE 5: FROM cast_info AS ci,
             ^
",
q457,no_mergejoin,1,,,,,,,,,,,,,,error,"relation ""cast_info"" does not exist
LINE 5: FROM cast_info AS ci,
             ^
",
q457,no_nestloop,1,,,,,,,,,,,,,,error,"relation ""cast_info"" does not exist
LINE 5: FROM cast_info AS ci,
             ^
",
q458,default,1,,,,,,,,,,,,,,error,"relation ""cast_info"" does not exist
LINE 5: FROM cast_info AS ci,
             ^
",
q458,no_hashjoin,1,,,,,,,,,,,,,,error,"relation ""cast_info"" does not exist
LINE 5: FROM cast_info AS ci,
             ^
",
q458,no_mergejoin,1,,,,,,,,,,,,,,error,"relation ""cast_info"" does not exist
LINE 5: FROM cast_info AS ci,
             ^
",
q458,no_nestloop,1,,,,,,,,,,,,,,error,"relation ""cast_info"" does not exist
LINE 5: FROM cast_info AS ci,
             ^
",
q459,default,1,,,,,,,,,,,,,,error,"relation ""cast_info"" does not exist
LINE 5: FROM cast_info AS ci,
             ^
",
q459,no_hashjoin,1,,,,,,,,,,,,,,error,"relation ""cast_info"" does not exist
LINE 5: FROM cast_info AS ci,
             ^
",
q459,no_mergejoin,1,,,,,,,,,,,,,,error,"relation ""cast_info"" does not exist
LINE 5: FROM cast_info AS ci,
             ^
",
q459,no_nestloop,1,,,,,,,,,,,,,,error,"relation ""cast_info"" does not exist
LINE 5: FROM cast_info AS ci,
             ^
",
q46,default,1,,,,,,,,,,,,,,error,"relation ""company_name"" does not exist
LINE 4: FROM company_name AS cn,
             ^
",
q46,no_hashjoin,1,,,,,,,,,,,,,,error,"relation ""company_name"" does not exist
LINE 4: FROM company_name AS cn,
             ^
",
q46,no_mergejoin,1,,,,,,,,,,,,,,error,"relation ""company_name"" does not exist
LINE 4: FROM company_name AS cn,
             ^
",
q46,no_nestloop,1,,,,,,,,,,,,,,error,"relation ""company_name"" does not exist
LINE 4: FROM company_name AS cn,
             ^
",
q460,default,1,,,,,,,,,,,,,,error,"relation ""cast_info"" does not exist
LINE 5: FROM cast_info AS ci,
             ^
",
q460,no_hashjoin,1,,,,,,,,,,,,,,error,"relation ""cast_info"" does not exist
LINE 5: FROM cast_info AS ci,
             ^
",
q460,no_mergejoin,1,,,,,,,,,,,,,,error,"relation ""cast_info"" does not exist
LINE 5: FROM cast_info AS ci,
             ^
",
q460,no_nestloop,1,,,,,,,,,,,,,,error,"relation ""cast_info"" does not exist
LINE 5: FROM cast_info AS ci,
             ^
",
q461,default,1,,,,,,,,,,,,,,error,"relation ""cast_info"" does not exist
LINE 5: FROM cast_info AS ci,
             ^
",
q461,no_hashjoin,1,,,,,,,,,,,,,,error,"relation ""cast_info"" does not exist
LINE 5: FROM cast_info AS ci,
             ^
",
q461,no_mergejoin,1,,,,,,,,,,,,,,error,"relation ""cast_info"" does not exist
LINE 5: FROM cast_info AS ci,
             ^
",
q461,no_nestloop,1,,,,,,,,,,,,,,error,"relation ""cast_info"" does not exist
LINE 5: FROM cast_info AS ci,
             ^
",
q462,default,1,,,,,,,,,,,,,,error,"relation ""cast_info"" does not exist
LINE 5: FROM cast_info AS ci,
             ^
",
q462,no_hashjoin,1,,,,,,,,,,,,,,error,"relation ""cast_info"" does not exist
LINE 5: FROM cast_info AS ci,
             ^
",
q462,no_mergejoin,1,,,,,,,,,,,,,,error,"relation ""cast_info"" does not exist
LINE 5: FROM cast_info AS ci,
             ^
",
q462,no_nestloop,1,,,,,,,,,,,,,,error,"relation ""cast_info"" does not exist
LINE 5: FROM cast_info AS ci,
             ^
",
q463,default,1,,,,,,,,,,,,,,error,"relation ""cast_info"" does not exist
LINE 5: FROM cast_info AS ci,
             ^
",
q463,no_hashjoin,1,,,,,,,,,,,,,,error,"relation ""cast_info"" does not exist
LINE 5: FROM cast_info AS ci,
             ^
",
q463,no_mergejoin,1,,,,,,,,,,,,,,error,"relation ""cast_info"" does not exist
LINE 5: FROM cast_info AS ci,
             ^
",
q463,no_nestloop,1,,,,,,,,,,,,,,error,"relation ""cast_info"" does not exist
LINE 5: FROM cast_info AS ci,
             ^
",
q464,default,1,,,,,,,,,,,,,,error,"relation ""cast_info"" does not exist
LINE 5: FROM cast_info AS ci,
             ^
",
q464,no_hashjoin,1,,,,,,,,,,,,,,error,"relation ""cast_info"" does not exist
LINE 5: FROM cast_info AS ci,
             ^
",
q464,no_mergejoin,1,,,,,,,,,,,,,,error,"relation ""cast_info"" does not exist
LINE 5: FROM cast_info AS ci,
             ^
",
q464,no_nestloop,1,,,,,,,,,,,,,,error,"relation ""cast_info"" does not exist
LINE 5: FROM cast_info AS ci,
             ^
",
q465,default,1,,,,,,,,,,,,,,error,"relation ""cast_info"" does not exist
LINE 5: FROM cast_info AS ci,
             ^
",
q465,no_hashjoin,1,,,,,,,,,,,,,,error,"relation ""cast_info"" does not exist
LINE 5: FROM cast_info AS ci,
             ^
",
q465,no_mergejoin,1,,,,,,,,,,,,,,error,"relation ""cast_info"" does not exist
LINE 5: FROM cast_info AS ci,
             ^
",
q465,no_nestloop,1,,,,,,,,,,,,,,error,"relation ""cast_info"" does not exist
LINE 5: FROM cast_info AS ci,
             ^
",
q466,default,1,,,,,,,,,,,,,,error,"relation ""cast_info"" does not exist
LINE 5: FROM cast_info AS ci,
             ^
",
q466,no_hashjoin,1,,,,,,,,,,,,,,error,"relation ""cast_info"" does not exist
LINE 5: FROM cast_info AS ci,
             ^
",
q466,no_mergejoin,1,,,,,,,,,,,,,,error,"relation ""cast_info"" does not exist
LINE 5: FROM cast_info AS ci,
             ^
",
q466,no_nestloop,1,,,,,,,,,,,,,,error,"relation ""cast_info"" does not exist
LINE 5: FROM cast_info AS ci,
             ^
",
q467,default,1,,,,,,,,,,,,,,error,"relation ""cast_info"" does not exist
LINE 5: FROM cast_info AS ci,
             ^
",
q467,no_hashjoin,1,,,,,,,,,,,,,,error,"relation ""cast_info"" does not exist
LINE 5: FROM cast_info AS ci,
             ^
",
q467,no_mergejoin,1,,,,,,,,,,,,,,error,"relation ""cast_info"" does not exist
LINE 5: FROM cast_info AS ci,
             ^
",
q467,no_nestloop,1,,,,,,,,,,,,,,error,"relation ""cast_info"" does not exist
LINE 5: FROM cast_info AS ci,
             ^
",
q468,default,1,,,,,,,,,,,,,,error,"relation ""cast_info"" does not exist
LINE 5: FROM cast_info AS ci,
             ^
",
q468,no_hashjoin,1,,,,,,,,,,,,,,error,"relation ""cast_info"" does not exist
LINE 5: FROM cast_info AS ci,
             ^
",
q468,no_mergejoin,1,,,,,,,,,,,,,,error,"relation ""cast_info"" does not exist
LINE 5: FROM cast_info AS ci,
             ^
",
q468,no_nestloop,1,,,,,,,,,,,,,,error,"relation ""cast_info"" does not exist
LINE 5: FROM cast_info AS ci,
             ^
",
q469,default,1,,,,,,,,,,,,,,error,"relation ""cast_info"" does not exist
LINE 5: FROM cast_info AS ci,
             ^
",
q469,no_hashjoin,1,,,,,,,,,,,,,,error,"relation ""cast_info"" does not exist
LINE 5: FROM cast_info AS ci,
             ^
",
q469,no_mergejoin,1,,,,,,,,,,,,,,error,"relation ""cast_info"" does not exist
LINE 5: FROM cast_info AS ci,
             ^
",
q469,no_nestloop,1,,,,,,,,,,,,,,error,"relation ""cast_info"" does not exist
LINE 5: FROM cast_info AS ci,
             ^
",
q47,default,1,,,,,,,,,,,,,,error,"relation ""company_name"" does not exist
LINE 4: FROM company_name AS cn,
             ^
",
q47,no_hashjoin,1,,,,,,,,,,,,,,error,"relation ""company_name"" does not exist
LINE 4: FROM company_name AS cn,
             ^
",
q47,no_mergejoin,1,,,,,,,,,,,,,,error,"relation ""company_name"" does not exist
LINE 4: FROM company_name AS cn,
             ^
",
q47,no_nestloop,1,,,,,,,,,,,,,,error,"relation ""company_name"" does not exist
LINE 4: FROM company_name AS cn,
             ^
",
q470,default,1,,,,,,,,,,,,,,error,"relation ""cast_info"" does not exist
LINE 5: FROM cast_info AS ci,
             ^
",
q470,no_hashjoin,1,,,,,,,,,,,,,,error,"relation ""cast_info"" does not exist
LINE 5: FROM cast_info AS ci,
             ^
",
q470,no_mergejoin,1,,,,,,,,,,,,,,error,"relation ""cast_info"" does not exist
LINE 5: FROM cast_info AS ci,
             ^
",
q470,no_nestloop,1,,,,,,,,,,,,,,error,"relation ""cast_info"" does not exist
LINE 5: FROM cast_info AS ci,
             ^
",
q471,default,1,,,,,,,,,,,,,,error,"relation ""cast_info"" does not exist
LINE 5: FROM cast_info AS ci,
             ^
",
q471,no_hashjoin,1,,,,,,,,,,,,,,error,"relation ""cast_info"" does not exist
LINE 5: FROM cast_info AS ci,
             ^
",
q471,no_mergejoin,1,,,,,,,,,,,,,,error,"relation ""cast_info"" does not exist
LINE 5: FROM cast_info AS ci,
             ^
",
q471,no_nestloop,1,,,,,,,,,,,,,,error,"relation ""cast_info"" does not exist
LINE 5: FROM cast_info AS ci,
             ^
",
q472,default,1,,,,,,,,,,,,,,error,"relation ""cast_info"" does not exist
LINE 5: FROM cast_info AS ci,
             ^
",
q472,no_hashjoin,1,,,,,,,,,,,,,,error,"relation ""cast_info"" does not exist
LINE 5: FROM cast_info AS ci,
             ^
",
q472,no_mergejoin,1,,,,,,,,,,,,,,error,"relation ""cast_info"" does not exist
LINE 5: FROM cast_info AS ci,
             ^
",
q472,no_nestloop,1,,,,,,,,,,,,,,error,"relation ""cast_info"" does not exist
LINE 5: FROM cast_info AS ci,
             ^
",
q473,default,1,,,,,,,,,,,,,,error,"relation ""cast_info"" does not exist
LINE 5: FROM cast_info AS ci,
             ^
",
q473,no_hashjoin,1,,,,,,,,,,,,,,error,"relation ""cast_info"" does not exist
LINE 5: FROM cast_info AS ci,
             ^
",
q473,no_mergejoin,1,,,,,,,,,,,,,,error,"relation ""cast_info"" does not exist
LINE 5: FROM cast_info AS ci,
             ^
",
q473,no_nestloop,1,,,,,,,,,,,,,,error,"relation ""cast_info"" does not exist
LINE 5: FROM cast_info AS ci,
             ^
",
q474,default,1,,,,,,,,,,,,,,error,"relation ""cast_info"" does not exist
LINE 5: FROM cast_info AS ci,
             ^
",
q474,no_hashjoin,1,,,,,,,,,,,,,,error,"relation ""cast_info"" does not exist
LINE 5: FROM cast_info AS ci,
             ^
",
q474,no_mergejoin,1,,,,,,,,,,,,,,error,"relation ""cast_info"" does not exist
LINE 5: FROM cast_info AS ci,
             ^
",
q474,no_nestloop,1,,,,,,,,,,,,,,error,"relation ""cast_info"" does not exist
LINE 5: FROM cast_info AS ci,
             ^
",
q475,default,1,,,,,,,,,,,,,,error,"relation ""cast_info"" does not exist
LINE 5: FROM cast_info AS ci,
             ^
",
q475,no_hashjoin,1,,,,,,,,,,,,,,error,"relation ""cast_info"" does not exist
LINE 5: FROM cast_info AS ci,
             ^
",
q475,no_mergejoin,1,,,,,,,,,,,,,,error,"relation ""cast_info"" does not exist
LINE 5: FROM cast_info AS ci,
             ^
",
q475,no_nestloop,1,,,,,,,,,,,,,,error,"relation ""cast_info"" does not exist
LINE 5: FROM cast_info AS ci,
             ^
",
q476,default,1,,,,,,,,,,,,,,error,"relation ""cast_info"" does not exist
LINE 5: FROM cast_info AS ci,
             ^
",
q476,no_hashjoin,1,,,,,,,,,,,,,,error,"relation ""cast_info"" does not exist
LINE 5: FROM cast_info AS ci,
             ^
",
q476,no_mergejoin,1,,,,,,,,,,,,,,error,"relation ""cast_info"" does not exist
LINE 5: FROM cast_info AS ci,
             ^
",
q476,no_nestloop,1,,,,,,,,,,,,,,error,"relation ""cast_info"" does not exist
LINE 5: FROM cast_info AS ci,
             ^
",
q477,default,1,,,,,,,,,,,,,,error,"relation ""cast_info"" does not exist
LINE 5: FROM cast_info AS ci,
             ^
",
q477,no_hashjoin,1,,,,,,,,,,,,,,error,"relation ""cast_info"" does not exist
LINE 5: FROM cast_info AS ci,
             ^
",
q477,no_mergejoin,1,,,,,,,,,,,,,,error,"relation ""cast_info"" does not exist
LINE 5: FROM cast_info AS ci,
             ^
",
q477,no_nestloop,1,,,,,,,,,,,,,,error,"relation ""cast_info"" does not exist
LINE 5: FROM cast_info AS ci,
             ^
",
q478,default,1,,,,,,,,,,,,,,error,"relation ""cast_info"" does not exist
LINE 5: FROM cast_info AS ci,
             ^
",
q478,no_hashjoin,1,,,,,,,,,,,,,,error,"relation ""cast_info"" does not exist
LINE 5: FROM cast_info AS ci,
             ^
",
q478,no_mergejoin,1,,,,,,,,,,,,,,error,"relation ""cast_info"" does not exist
LINE 5: FROM cast_info AS ci,
             ^
",
q478,no_nestloop,1,,,,,,,,,,,,,,error,"relation ""cast_info"" does not exist
LINE 5: FROM cast_info AS ci,
             ^
",
q479,default,1,,,,,,,,,,,,,,error,"relation ""cast_info"" does not exist
LINE 5: FROM cast_info AS ci,
             ^
",
q479,no_hashjoin,1,,,,,,,,,,,,,,error,"relation ""cast_info"" does not exist
LINE 5: FROM cast_info AS ci,
             ^
",
q479,no_mergejoin,1,,,,,,,,,,,,,,error,"relation ""cast_info"" does not exist
LINE 5: FROM cast_info AS ci,
             ^
",
q479,no_nestloop,1,,,,,,,,,,,,,,error,"relation ""cast_info"" does not exist
LINE 5: FROM cast_info AS ci,
             ^
",
q48,default,1,,,,,,,,,,,,,,error,"relation ""company_name"" does not exist
LINE 4: FROM company_name AS cn,
             ^
",
q48,no_hashjoin,1,,,,,,,,,,,,,,error,"relation ""company_name"" does not exist
LINE 4: FROM company_name AS cn,
             ^
",
q48,no_mergejoin,1,,,,,,,,,,,,,,error,"relation ""company_name"" does not exist
LINE 4: FROM company_name AS cn,
             ^
",
q48,no_nestloop,1,,,,,,,,,,,,,,error,"relation ""company_name"" does not exist
LINE 4: FROM company_name AS cn,
             ^
",
q480,default,1,,,,,,,,,,,,,,error,"relation ""complete_cast"" does not exist
LINE 5: FROM complete_cast AS cc,
             ^
",
q480,no_hashjoin,1,,,,,,,,,,,,,,error,"relation ""complete_cast"" does not exist
LINE 5: FROM complete_cast AS cc,
             ^
",
q480,no_mergejoin,1,,,,,,,,,,,,,,error,"relation ""complete_cast"" does not exist
LINE 5: FROM complete_cast AS cc,
             ^
",
q480,no_nestloop,1,,,,,,,,,,,,,,error,"relation ""complete_cast"" does not exist
LINE 5: FROM complete_cast AS cc,
             ^
",
q481,default,1,,,,,,,,,,,,,,error,"relation ""complete_cast"" does not exist
LINE 5: FROM complete_cast AS cc,
             ^
",
q481,no_hashjoin,1,,,,,,,,,,,,,,error,"relation ""complete_cast"" does not exist
LINE 5: FROM complete_cast AS cc,
             ^
",
q481,no_mergejoin,1,,,,,,,,,,,,,,error,"relation ""complete_cast"" does not exist
LINE 5: FROM complete_cast AS cc,
             ^
",
q481,no_nestloop,1,,,,,,,,,,,,,,error,"relation ""complete_cast"" does not exist
LINE 5: FROM complete_cast AS cc,
             ^
",
q482,default,1,,,,,,,,,,,,,,error,"relation ""complete_cast"" does not exist
LINE 5: FROM complete_cast AS cc,
             ^
",
q482,no_hashjoin,1,,,,,,,,,,,,,,error,"relation ""complete_cast"" does not exist
LINE 5: FROM complete_cast AS cc,
             ^
",
q482,no_mergejoin,1,,,,,,,,,,,,,,error,"relation ""complete_cast"" does not exist
LINE 5: FROM complete_cast AS cc,
             ^
",
q482,no_nestloop,1,,,,,,,,,,,,,,error,"relation ""complete_cast"" does not exist
LINE 5: FROM complete_cast AS cc,
             ^
",
q483,default,1,,,,,,,,,,,,,,error,"relation ""complete_cast"" does not exist
LINE 5: FROM complete_cast AS cc,
             ^
",
q483,no_hashjoin,1,,,,,,,,,,,,,,error,"relation ""complete_cast"" does not exist
LINE 5: FROM complete_cast AS cc,
             ^
",
q483,no_mergejoin,1,,,,,,,,,,,,,,error,"relation ""complete_cast"" does not exist
LINE 5: FROM complete_cast AS cc,
             ^
",
q483,no_nestloop,1,,,,,,,,,,,,,,error,"relation ""complete_cast"" does not exist
LINE 5: FROM complete_cast AS cc,
             ^
",
q484,default,1,,,,,,,,,,,,,,error,"relation ""complete_cast"" does not exist
LINE 5: FROM complete_cast AS cc,
             ^
",
q484,no_hashjoin,1,,,,,,,,,,,,,,error,"relation ""complete_cast"" does not exist
LINE 5: FROM complete_cast AS cc,
             ^
",
q484,no_mergejoin,1,,,,,,,,,,,,,,error,"relation ""complete_cast"" does not exist
LINE 5: FROM complete_cast AS cc,
             ^
",
q484,no_nestloop,1,,,,,,,,,,,,,,error,"relation ""complete_cast"" does not exist
LINE 5: FROM complete_cast AS cc,
             ^
",
q485,default,1,,,,,,,,,,,,,,error,"relation ""complete_cast"" does not exist
LINE 5: FROM complete_cast AS cc,
             ^
",
q485,no_hashjoin,1,,,,,,,,,,,,,,error,"relation ""complete_cast"" does not exist
LINE 5: FROM complete_cast AS cc,
             ^
",
q485,no_mergejoin,1,,,,,,,,,,,,,,error,"relation ""complete_cast"" does not exist
LINE 5: FROM complete_cast AS cc,
             ^
",
q485,no_nestloop,1,,,,,,,,,,,,,,error,"relation ""complete_cast"" does not exist
LINE 5: FROM complete_cast AS cc,
             ^
",
q486,default,1,,,,,,,,,,,,,,error,"relation ""complete_cast"" does not exist
LINE 5: FROM complete_cast AS cc,
             ^
",
q486,no_hashjoin,1,,,,,,,,,,,,,,error,"relation ""complete_cast"" does not exist
LINE 5: FROM complete_cast AS cc,
             ^
",
q486,no_mergejoin,1,,,,,,,,,,,,,,error,"relation ""complete_cast"" does not exist
LINE 5: FROM complete_cast AS cc,
             ^
",
q486,no_nestloop,1,,,,,,,,,,,,,,error,"relation ""complete_cast"" does not exist
LINE 5: FROM complete_cast AS cc,
             ^
",
q487,default,1,,,,,,,,,,,,,,error,"relation ""complete_cast"" does not exist
LINE 5: FROM complete_cast AS cc,
             ^
",
q487,no_hashjoin,1,,,,,,,,,,,,,,error,"relation ""complete_cast"" does not exist
LINE 5: FROM complete_cast AS cc,
             ^
",
q487,no_mergejoin,1,,,,,,,,,,,,,,error,"relation ""complete_cast"" does not exist
LINE 5: FROM complete_cast AS cc,
             ^
",
q487,no_nestloop,1,,,,,,,,,,,,,,error,"relation ""complete_cast"" does not exist
LINE 5: FROM complete_cast AS cc,
             ^
",
q488,default,1,,,,,,,,,,,,,,error,"relation ""complete_cast"" does not exist
LINE 4: FROM complete_cast AS cc,
             ^
",
q488,no_hashjoin,1,,,,,,,,,,,,,,error,"relation ""complete_cast"" does not exist
LINE 4: FROM complete_cast AS cc,
             ^
",
q488,no_mergejoin,1,,,,,,,,,,,,,,error,"relation ""complete_cast"" does not exist
LINE 4: FROM complete_cast AS cc,
             ^
",
q488,no_nestloop,1,,,,,,,,,,,,,,error,"relation ""complete_cast"" does not exist
LINE 4: FROM complete_cast AS cc,
             ^
",
q489,default,1,,,,,,,,,,,,,,error,"relation ""complete_cast"" does not exist
LINE 4: FROM complete_cast AS cc,
             ^
",
q489,no_hashjoin,1,,,,,,,,,,,,,,error,"relation ""complete_cast"" does not exist
LINE 4: FROM complete_cast AS cc,
             ^
",
q489,no_mergejoin,1,,,,,,,,,,,,,,error,"relation ""complete_cast"" does not exist
LINE 4: FROM complete_cast AS cc,
             ^
",
q489,no_nestloop,1,,,,,,,,,,,,,,error,"relation ""complete_cast"" does not exist
LINE 4: FROM complete_cast AS cc,
             ^
",
q49,default,1,,,,,,,,,,,,,,error,"relation ""company_name"" does not exist
LINE 4: FROM company_name AS cn,
             ^
",
q49,no_hashjoin,1,,,,,,,,,,,,,,error,"relation ""company_name"" does not exist
LINE 4: FROM company_name AS cn,
             ^
",
q49,no_mergejoin,1,,,,,,,,,,,,,,error,"relation ""company_name"" does not exist
LINE 4: FROM company_name AS cn,
             ^
",
q49,no_nestloop,1,,,,,,,,,,,,,,error,"relation ""company_name"" does not exist
LINE 4: FROM company_name AS cn,
             ^
",
q490,default,1,,,,,,,,,,,,,,error,"relation ""complete_cast"" does not exist
LINE 4: FROM complete_cast AS cc,
             ^
",
q490,no_hashjoin,1,,,,,,,,,,,,,,error,"relation ""complete_cast"" does not exist
LINE 4: FROM complete_cast AS cc,
             ^
",
q490,no_mergejoin,1,,,,,,,,,,,,,,error,"relation ""complete_cast"" does not exist
LINE 4: FROM complete_cast AS cc,
             ^
",
q490,no_nestloop,1,,,,,,,,,,,,,,error,"relation ""complete_cast"" does not exist
LINE 4: FROM complete_cast AS cc,
             ^
",
q491,default,1,,,,,,,,,,,,,,error,"relation ""complete_cast"" does not exist
LINE 4: FROM complete_cast AS cc,
             ^
",
q491,no_hashjoin,1,,,,,,,,,,,,,,error,"relation ""complete_cast"" does not exist
LINE 4: FROM complete_cast AS cc,
             ^
",
q491,no_mergejoin,1,,,,,,,,,,,,,,error,"relation ""complete_cast"" does not exist
LINE 4: FROM complete_cast AS cc,
             ^
",
q491,no_nestloop,1,,,,,,,,,,,,,,error,"relation ""complete_cast"" does not exist
LINE 4: FROM complete_cast AS cc,
             ^
",
q492,default,1,,,,,,,,,,,,,,error,"relation ""complete_cast"" does not exist
LINE 4: FROM complete_cast AS cc,
             ^
",
q492,no_hashjoin,1,,,,,,,,,,,,,,error,"relation ""complete_cast"" does not exist
LINE 4: FROM complete_cast AS cc,
             ^
",
q492,no_mergejoin,1,,,,,,,,,,,,,,error,"relation ""complete_cast"" does not exist
LINE 4: FROM complete_cast AS cc,
             ^
",
q492,no_nestloop,1,,,,,,,,,,,,,,error,"relation ""complete_cast"" does not exist
LINE 4: FROM complete_cast AS cc,
             ^
",
q493,default,1,,,,,,,,,,,,,,error,"relation ""complete_cast"" does not exist
LINE 4: FROM complete_cast AS cc,
             ^
",
q493,no_hashjoin,1,,,,,,,,,,,,,,error,"relation ""complete_cast"" does not exist
LINE 4: FROM complete_cast AS cc,
             ^
",
q493,no_mergejoin,1,,,,,,,,,,,,,,error,"relation ""complete_cast"" does not exist
LINE 4: FROM complete_cast AS cc,
             ^
",
q493,no_nestloop,1,,,,,,,,,,,,,,error,"relation ""complete_cast"" does not exist
LINE 4: FROM complete_cast AS cc,
             ^
",
q494,default,1,,,,,,,,,,,,,,error,"relation ""complete_cast"" does not exist
LINE 4: FROM complete_cast AS cc,
             ^
",
q494,no_hashjoin,1,,,,,,,,,,,,,,error,"relation ""complete_cast"" does not exist
LINE 4: FROM complete_cast AS cc,
             ^
",
q494,no_mergejoin,1,,,,,,,,,,,,,,error,"relation ""complete_cast"" does not exist
LINE 4: FROM complete_cast AS cc,
             ^
",
q494,no_nestloop,1,,,,,,,,,,,,,,error,"relation ""complete_cast"" does not exist
LINE 4: FROM complete_cast AS cc,
             ^
",
q495,default,1,,,,,,,,,,,,,,error,"relation ""complete_cast"" does not exist
LINE 4: FROM complete_cast AS cc,
             ^
",
q495,no_hashjoin,1,,,,,,,,,,,,,,error,"relation ""complete_cast"" does not exist
LINE 4: FROM complete_cast AS cc,
             ^
",
q495,no_mergejoin,1,,,,,,,,,,,,,,error,"relation ""complete_cast"" does not exist
LINE 4: FROM complete_cast AS cc,
             ^
",
q495,no_nestloop,1,,,,,,,,,,,,,,error,"relation ""complete_cast"" does not exist
LINE 4: FROM complete_cast AS cc,
             ^
",
q496,default,1,,,,,,,,,,,,,,error,"relation ""complete_cast"" does not exist
LINE 4: FROM complete_cast AS cc,
             ^
",
q496,no_hashjoin,1,,,,,,,,,,,,,,error,"relation ""complete_cast"" does not exist
LINE 4: FROM complete_cast AS cc,
             ^
",
q496,no_mergejoin,1,,,,,,,,,,,,,,error,"relation ""complete_cast"" does not exist
LINE 4: FROM complete_cast AS cc,
             ^
",
q496,no_nestloop,1,,,,,,,,,,,,,,error,"relation ""complete_cast"" does not exist
LINE 4: FROM complete_cast AS cc,
             ^
",
q497,default,1,,,,,,,,,,,,,,error,"relation ""complete_cast"" does not exist
LINE 4: FROM complete_cast AS cc,
             ^
",
q497,no_hashjoin,1,,,,,,,,,,,,,,error,"relation ""complete_cast"" does not exist
LINE 4: FROM complete_cast AS cc,
             ^
",
q497,no_mergejoin,1,,,,,,,,,,,,,,error,"relation ""complete_cast"" does not exist
LINE 4: FROM complete_cast AS cc,
             ^
",
q497,no_nestloop,1,,,,,,,,,,,,,,error,"relation ""complete_cast"" does not exist
LINE 4: FROM complete_cast AS cc,
             ^
",
q498,default,1,,,,,,,,,,,,,,error,"relation ""complete_cast"" does not exist
LINE 4: FROM complete_cast AS cc,
             ^
",
q498,no_hashjoin,1,,,,,,,,,,,,,,error,"relation ""complete_cast"" does not exist
LINE 4: FROM complete_cast AS cc,
             ^
",
q498,no_mergejoin,1,,,,,,,,,,,,,,error,"relation ""complete_cast"" does not exist
LINE 4: FROM complete_cast AS cc,
             ^
",
q498,no_nestloop,1,,,,,,,,,,,,,,error,"relation ""complete_cast"" does not exist
LINE 4: FROM complete_cast AS cc,
             ^
",
q499,default,1,,,,,,,,,,,,,,error,"relation ""complete_cast"" does not exist
LINE 4: FROM complete_cast AS cc,
             ^
",
q499,no_hashjoin,1,,,,,,,,,,,,,,error,"relation ""complete_cast"" does not exist
LINE 4: FROM complete_cast AS cc,
             ^
",
q499,no_mergejoin,1,,,,,,,,,,,,,,error,"relation ""complete_cast"" does not exist
LINE 4: FROM complete_cast AS cc,
             ^
",
q499,no_nestloop,1,,,,,,,,,,,,,,error,"relation ""complete_cast"" does not exist
LINE 4: FROM complete_cast AS cc,
             ^
",
q5,default,1,,,,,,,,,,,,,,error,"relation ""char_name"" does not exist
LINE 3: FROM char_name AS chn,
             ^
",
q5,no_hashjoin,1,,,,,,,,,,,,,,error,"relation ""char_name"" does not exist
LINE 3: FROM char_name AS chn,
             ^
",
q5,no_mergejoin,1,,,,,,,,,,,,,,error,"relation ""char_name"" does not exist
LINE 3: FROM char_name AS chn,
             ^
",
q5,no_nestloop,1,,,,,,,,,,,,,,error,"relation ""char_name"" does not exist
LINE 3: FROM char_name AS chn,
             ^
",
q50,default,1,,,,,,,,,,,,,,error,"relation ""company_name"" does not exist
LINE 4: FROM company_name AS cn,
             ^
",
q50,no_hashjoin,1,,,,,,,,,,,,,,error,"relation ""company_name"" does not exist
LINE 4: FROM company_name AS cn,
             ^
",
q50,no_mergejoin,1,,,,,,,,,,,,,,error,"relation ""company_name"" does not exist
LINE 4: FROM company_name AS cn,
             ^
",
q50,no_nestloop,1,,,,,,,,,,,,,,error,"relation ""company_name"" does not exist
LINE 4: FROM company_name AS cn,
             ^
",
q500,default,1,,,,,,,,,,,,,,error,"relation ""complete_cast"" does not exist
LINE 4: FROM complete_cast AS cc,
             ^
",
q500,no_hashjoin,1,,,,,,,,,,,,,,error,"relation ""complete_cast"" does not exist
LINE 4: FROM complete_cast AS cc,
             ^
",
q500,no_mergejoin,1,,,,,,,,,,,,,,error,"relation ""complete_cast"" does not exist
LINE 4: FROM complete_cast AS cc,
             ^
",
q500,no_nestloop,1,,,,,,,,,,,,,,error,"relation ""complete_cast"" does not exist
LINE 4: FROM complete_cast AS cc,
             ^
",
q501,default,1,,,,,,,,,,,,,,error,"relation ""complete_cast"" does not exist
LINE 4: FROM complete_cast AS cc,
             ^
",
q501,no_hashjoin,1,,,,,,,,,,,,,,error,"relation ""complete_cast"" does not exist
LINE 4: FROM complete_cast AS cc,
             ^
",
q501,no_mergejoin,1,,,,,,,,,,,,,,error,"relation ""complete_cast"" does not exist
LINE 4: FROM complete_cast AS cc,
             ^
",
q501,no_nestloop,1,,,,,,,,,,,,,,error,"relation ""complete_cast"" does not exist
LINE 4: FROM complete_cast AS cc,
             ^
",
q502,default,1,,,,,,,,,,,,,,error,"relation ""complete_cast"" does not exist
LINE 4: FROM complete_cast AS cc,
             ^
",
q502,no_hashjoin,1,,,,,,,,,,,,,,error,"relation ""complete_cast"" does not exist
LINE 4: FROM complete_cast AS cc,
             ^
",
q502,no_mergejoin,1,,,,,,,,,,,,,,error,"relation ""complete_cast"" does not exist
LINE 4: FROM complete_cast AS cc,
             ^
",
q502,no_nestloop,1,,,,,,,,,,,,,,error,"relation ""complete_cast"" does not exist
LINE 4: FROM complete_cast AS cc,
             ^
",
q503,default,1,,,,,,,,,,,,,,error,"relation ""complete_cast"" does not exist
LINE 4: FROM complete_cast AS cc,
             ^
",
q503,no_hashjoin,1,,,,,,,,,,,,,,error,"relation ""complete_cast"" does not exist
LINE 4: FROM complete_cast AS cc,
             ^
",
q503,no_mergejoin,1,,,,,,,,,,,,,,error,"relation ""complete_cast"" does not exist
LINE 4: FROM complete_cast AS cc,
             ^
",
q503,no_nestloop,1,,,,,,,,,,,,,,error,"relation ""complete_cast"" does not exist
LINE 4: FROM complete_cast AS cc,
             ^
",
q504,default,1,,,,,,,,,,,,,,error,"relation ""complete_cast"" does not exist
LINE 4: FROM complete_cast AS cc,
             ^
",
q504,no_hashjoin,1,,,,,,,,,,,,,,error,"relation ""complete_cast"" does not exist
LINE 4: FROM complete_cast AS cc,
             ^
",
q504,no_mergejoin,1,,,,,,,,,,,,,,error,"relation ""complete_cast"" does not exist
LINE 4: FROM complete_cast AS cc,
             ^
",
q504,no_nestloop,1,,,,,,,,,,,,,,error,"relation ""complete_cast"" does not exist
LINE 4: FROM complete_cast AS cc,
             ^
",
q505,default,1,,,,,,,,,,,,,,error,"relation ""complete_cast"" does not exist
LINE 4: FROM complete_cast AS cc,
             ^
",
q505,no_hashjoin,1,,,,,,,,,,,,,,error,"relation ""complete_cast"" does not exist
LINE 4: FROM complete_cast AS cc,
             ^
",
q505,no_mergejoin,1,,,,,,,,,,,,,,error,"relation ""complete_cast"" does not exist
LINE 4: FROM complete_cast AS cc,
             ^
",
q505,no_nestloop,1,,,,,,,,,,,,,,error,"relation ""complete_cast"" does not exist
LINE 4: FROM complete_cast AS cc,
             ^
",
q506,default,1,,,,,,,,,,,,,,error,"relation ""complete_cast"" does not exist
LINE 4: FROM complete_cast AS cc,
             ^
",
q506,no_hashjoin,1,,,,,,,,,,,,,,error,"relation ""complete_cast"" does not exist
LINE 4: FROM complete_cast AS cc,
             ^
",
q506,no_mergejoin,1,,,,,,,,,,,,,,error,"relation ""complete_cast"" does not exist
LINE 4: FROM complete_cast AS cc,
             ^
",
q506,no_nestloop,1,,,,,,,,,,,,,,error,"relation ""complete_cast"" does not exist
LINE 4: FROM complete_cast AS cc,
             ^
",
q507,default,1,,,,,,,,,,,,,,error,"relation ""complete_cast"" does not exist
LINE 4: FROM complete_cast AS cc,
             ^
",
q507,no_hashjoin,1,,,,,,,,,,,,,,error,"relation ""complete_cast"" does not exist
LINE 4: FROM complete_cast AS cc,
             ^
",
q507,no_mergejoin,1,,,,,,,,,,,,,,error,"relation ""complete_cast"" does not exist
LINE 4: FROM complete_cast AS cc,
             ^
",
q507,no_nestloop,1,,,,,,,,,,,,,,error,"relation ""complete_cast"" does not exist
LINE 4: FROM complete_cast AS cc,
             ^
",
q508,default,1,,,,,,,,,,,,,,error,"relation ""complete_cast"" does not exist
LINE 4: FROM complete_cast AS cc,
             ^
",
q508,no_hashjoin,1,,,,,,,,,,,,,,error,"relation ""complete_cast"" does not exist
LINE 4: FROM complete_cast AS cc,
             ^
",
q508,no_mergejoin,1,,,,,,,,,,,,,,error,"relation ""complete_cast"" does not exist
LINE 4: FROM complete_cast AS cc,
             ^
",
q508,no_nestloop,1,,,,,,,,,,,,,,error,"relation ""complete_cast"" does not exist
LINE 4: FROM complete_cast AS cc,
             ^
",
q509,default,1,,,,,,,,,,,,,,error,"relation ""complete_cast"" does not exist
LINE 4: FROM complete_cast AS cc,
             ^
",
q509,no_hashjoin,1,,,,,,,,,,,,,,error,"relation ""complete_cast"" does not exist
LINE 4: FROM complete_cast AS cc,
             ^
",
q509,no_mergejoin,1,,,,,,,,,,,,,,error,"relation ""complete_cast"" does not exist
LINE 4: FROM complete_cast AS cc,
             ^
",
q509,no_nestloop,1,,,,,,,,,,,,,,error,"relation ""complete_cast"" does not exist
LINE 4: FROM complete_cast AS cc,
             ^
",
q51,default,1,,,,,,,,,,,,,,error,"relation ""company_name"" does not exist
LINE 4: FROM company_name AS cn,
             ^
",
q51,no_hashjoin,1,,,,,,,,,,,,,,error,"relation ""company_name"" does not exist
LINE 4: FROM company_name AS cn,
             ^
",
q51,no_mergejoin,1,,,,,,,,,,,,,,error,"relation ""company_name"" does not exist
LINE 4: FROM company_name AS cn,
             ^
",
q51,no_nestloop,1,,,,,,,,,,,,,,error,"relation ""company_name"" does not exist
LINE 4: FROM company_name AS cn,
             ^
",
q510,default,1,,,,,,,,,,,,,,error,"relation ""complete_cast"" does not exist
LINE 4: FROM complete_cast AS cc,
             ^
",
q510,no_hashjoin,1,,,,,,,,,,,,,,error,"relation ""complete_cast"" does not exist
LINE 4: FROM complete_cast AS cc,
             ^
",
q510,no_mergejoin,1,,,,,,,,,,,,,,error,"relation ""complete_cast"" does not exist
LINE 4: FROM complete_cast AS cc,
             ^
",
q510,no_nestloop,1,,,,,,,,,,,,,,error,"relation ""complete_cast"" does not exist
LINE 4: FROM complete_cast AS cc,
             ^
",
q511,default,1,,,,,,,,,,,,,,error,"relation ""complete_cast"" does not exist
LINE 4: FROM complete_cast AS cc,
             ^
",
q511,no_hashjoin,1,,,,,,,,,,,,,,error,"relation ""complete_cast"" does not exist
LINE 4: FROM complete_cast AS cc,
             ^
",
q511,no_mergejoin,1,,,,,,,,,,,,,,error,"relation ""complete_cast"" does not exist
LINE 4: FROM complete_cast AS cc,
             ^
",
q511,no_nestloop,1,,,,,,,,,,,,,,error,"relation ""complete_cast"" does not exist
LINE 4: FROM complete_cast AS cc,
             ^
",
q512,default,1,,,,,,,,,,,,,,error,"relation ""complete_cast"" does not exist
LINE 4: FROM complete_cast AS cc,
             ^
",
q512,no_hashjoin,1,,,,,,,,,,,,,,error,"relation ""complete_cast"" does not exist
LINE 4: FROM complete_cast AS cc,
             ^
",
q512,no_mergejoin,1,,,,,,,,,,,,,,error,"relation ""complete_cast"" does not exist
LINE 4: FROM complete_cast AS cc,
             ^
",
q512,no_nestloop,1,,,,,,,,,,,,,,error,"relation ""complete_cast"" does not exist
LINE 4: FROM complete_cast AS cc,
             ^
",
q513,default,1,,,,,,,,,,,,,,error,"relation ""complete_cast"" does not exist
LINE 4: FROM complete_cast AS cc,
             ^
",
q513,no_hashjoin,1,,,,,,,,,,,,,,error,"relation ""complete_cast"" does not exist
LINE 4: FROM complete_cast AS cc,
             ^
",
q513,no_mergejoin,1,,,,,,,,,,,,,,error,"relation ""complete_cast"" does not exist
LINE 4: FROM complete_cast AS cc,
             ^
",
q513,no_nestloop,1,,,,,,,,,,,,,,error,"relation ""complete_cast"" does not exist
LINE 4: FROM complete_cast AS cc,
             ^
",
q514,default,1,,,,,,,,,,,,,,error,"relation ""complete_cast"" does not exist
LINE 4: FROM complete_cast AS cc,
             ^
",
q514,no_hashjoin,1,,,,,,,,,,,,,,error,"relation ""complete_cast"" does not exist
LINE 4: FROM complete_cast AS cc,
             ^
",
q514,no_mergejoin,1,,,,,,,,,,,,,,error,"relation ""complete_cast"" does not exist
LINE 4: FROM complete_cast AS cc,
             ^
",
q514,no_nestloop,1,,,,,,,,,,,,,,error,"relation ""complete_cast"" does not exist
LINE 4: FROM complete_cast AS cc,
             ^
",
q515,default,1,,,,,,,,,,,,,,error,"relation ""complete_cast"" does not exist
LINE 4: FROM complete_cast AS cc,
             ^
",
q515,no_hashjoin,1,,,,,,,,,,,,,,error,"relation ""complete_cast"" does not exist
LINE 4: FROM complete_cast AS cc,
             ^
",
q515,no_mergejoin,1,,,,,,,,,,,,,,error,"relation ""complete_cast"" does not exist
LINE 4: FROM complete_cast AS cc,
             ^
",
q515,no_nestloop,1,,,,,,,,,,,,,,error,"relation ""complete_cast"" does not exist
LINE 4: FROM complete_cast AS cc,
             ^
",
q516,default,1,,,,,,,,,,,,,,error,"relation ""complete_cast"" does not exist
LINE 4: FROM complete_cast AS cc,
             ^
",
q516,no_hashjoin,1,,,,,,,,,,,,,,error,"relation ""complete_cast"" does not exist
LINE 4: FROM complete_cast AS cc,
             ^
",
q516,no_mergejoin,1,,,,,,,,,,,,,,error,"relation ""complete_cast"" does not exist
LINE 4: FROM complete_cast AS cc,
             ^
",
q516,no_nestloop,1,,,,,,,,,,,,,,error,"relation ""complete_cast"" does not exist
LINE 4: FROM complete_cast AS cc,
             ^
",
q517,default,1,,,,,,,,,,,,,,error,"relation ""complete_cast"" does not exist
LINE 4: FROM complete_cast AS cc,
             ^
",
q517,no_hashjoin,1,,,,,,,,,,,,,,error,"relation ""complete_cast"" does not exist
LINE 4: FROM complete_cast AS cc,
             ^
",
q517,no_mergejoin,1,,,,,,,,,,,,,,error,"relation ""complete_cast"" does not exist
LINE 4: FROM complete_cast AS cc,
             ^
",
q517,no_nestloop,1,,,,,,,,,,,,,,error,"relation ""complete_cast"" does not exist
LINE 4: FROM complete_cast AS cc,
             ^
",
q518,default,1,,,,,,,,,,,,,,error,"relation ""complete_cast"" does not exist
LINE 4: FROM complete_cast AS cc,
             ^
",
q518,no_hashjoin,1,,,,,,,,,,,,,,error,"relation ""complete_cast"" does not exist
LINE 4: FROM complete_cast AS cc,
             ^
",
q518,no_mergejoin,1,,,,,,,,,,,,,,error,"relation ""complete_cast"" does not exist
LINE 4: FROM complete_cast AS cc,
             ^
",
q518,no_nestloop,1,,,,,,,,,,,,,,error,"relation ""complete_cast"" does not exist
LINE 4: FROM complete_cast AS cc,
             ^
",
q519,default,1,,,,,,,,,,,,,,error,"relation ""complete_cast"" does not exist
LINE 4: FROM complete_cast AS cc,
             ^
",
q519,no_hashjoin,1,,,,,,,,,,,,,,error,"relation ""complete_cast"" does not exist
LINE 4: FROM complete_cast AS cc,
             ^
",
q519,no_mergejoin,1,,,,,,,,,,,,,,error,"relation ""complete_cast"" does not exist
LINE 4: FROM complete_cast AS cc,
             ^
",
q519,no_nestloop,1,,,,,,,,,,,,,,error,"relation ""complete_cast"" does not exist
LINE 4: FROM complete_cast AS cc,
             ^
",
q52,default,1,,,,,,,,,,,,,,error,"relation ""company_name"" does not exist
LINE 4: FROM company_name AS cn,
             ^
",
q52,no_hashjoin,1,,,,,,,,,,,,,,error,"relation ""company_name"" does not exist
LINE 4: FROM company_name AS cn,
             ^
",
q52,no_mergejoin,1,,,,,,,,,,,,,,error,"relation ""company_name"" does not exist
LINE 4: FROM company_name AS cn,
             ^
",
q52,no_nestloop,1,,,,,,,,,,,,,,error,"relation ""company_name"" does not exist
LINE 4: FROM company_name AS cn,
             ^
",
q520,default,1,,,,,,,,,,,,,,error,"relation ""complete_cast"" does not exist
LINE 4: FROM complete_cast AS cc,
             ^
",
q520,no_hashjoin,1,,,,,,,,,,,,,,error,"relation ""complete_cast"" does not exist
LINE 4: FROM complete_cast AS cc,
             ^
",
q520,no_mergejoin,1,,,,,,,,,,,,,,error,"relation ""complete_cast"" does not exist
LINE 4: FROM complete_cast AS cc,
             ^
",
q520,no_nestloop,1,,,,,,,,,,,,,,error,"relation ""complete_cast"" does not exist
LINE 4: FROM complete_cast AS cc,
             ^
",
q521,default,1,,,,,,,,,,,,,,error,"relation ""complete_cast"" does not exist
LINE 4: FROM complete_cast AS cc,
             ^
",
q521,no_hashjoin,1,,,,,,,,,,,,,,error,"relation ""complete_cast"" does not exist
LINE 4: FROM complete_cast AS cc,
             ^
",
q521,no_mergejoin,1,,,,,,,,,,,,,,error,"relation ""complete_cast"" does not exist
LINE 4: FROM complete_cast AS cc,
             ^
",
q521,no_nestloop,1,,,,,,,,,,,,,,error,"relation ""complete_cast"" does not exist
LINE 4: FROM complete_cast AS cc,
             ^
",
q522,default,1,,,,,,,,,,,,,,error,"relation ""complete_cast"" does not exist
LINE 4: FROM complete_cast AS cc,
             ^
",
q522,no_hashjoin,1,,,,,,,,,,,,,,error,"relation ""complete_cast"" does not exist
LINE 4: FROM complete_cast AS cc,
             ^
",
q522,no_mergejoin,1,,,,,,,,,,,,,,error,"relation ""complete_cast"" does not exist
LINE 4: FROM complete_cast AS cc,
             ^
",
q522,no_nestloop,1,,,,,,,,,,,,,,error,"relation ""complete_cast"" does not exist
LINE 4: FROM complete_cast AS cc,
             ^
",
q523,default,1,,,,,,,,,,,,,,error,"relation ""complete_cast"" does not exist
LINE 4: FROM complete_cast AS cc,
             ^
",
q523,no_hashjoin,1,,,,,,,,,,,,,,error,"relation ""complete_cast"" does not exist
LINE 4: FROM complete_cast AS cc,
             ^
",
q523,no_mergejoin,1,,,,,,,,,,,,,,error,"relation ""complete_cast"" does not exist
LINE 4: FROM complete_cast AS cc,
             ^
",
q523,no_nestloop,1,,,,,,,,,,,,,,error,"relation ""complete_cast"" does not exist
LINE 4: FROM complete_cast AS cc,
             ^
",
q524,default,1,,,,,,,,,,,,,,error,"relation ""complete_cast"" does not exist
LINE 4: FROM complete_cast AS cc,
             ^
",
q524,no_hashjoin,1,,,,,,,,,,,,,,error,"relation ""complete_cast"" does not exist
LINE 4: FROM complete_cast AS cc,
             ^
",
q524,no_mergejoin,1,,,,,,,,,,,,,,error,"relation ""complete_cast"" does not exist
LINE 4: FROM complete_cast AS cc,
             ^
",
q524,no_nestloop,1,,,,,,,,,,,,,,error,"relation ""complete_cast"" does not exist
LINE 4: FROM complete_cast AS cc,
             ^
",
q525,default,1,,,,,,,,,,,,,,error,"relation ""complete_cast"" does not exist
LINE 4: FROM complete_cast AS cc,
             ^
",
q525,no_hashjoin,1,,,,,,,,,,,,,,error,"relation ""complete_cast"" does not exist
LINE 4: FROM complete_cast AS cc,
             ^
",
q525,no_mergejoin,1,,,,,,,,,,,,,,error,"relation ""complete_cast"" does not exist
LINE 4: FROM complete_cast AS cc,
             ^
",
q525,no_nestloop,1,,,,,,,,,,,,,,error,"relation ""complete_cast"" does not exist
LINE 4: FROM complete_cast AS cc,
             ^
",
q526,default,1,,,,,,,,,,,,,,error,"relation ""complete_cast"" does not exist
LINE 4: FROM complete_cast AS cc,
             ^
",
q526,no_hashjoin,1,,,,,,,,,,,,,,error,"relation ""complete_cast"" does not exist
LINE 4: FROM complete_cast AS cc,
             ^
",
q526,no_mergejoin,1,,,,,,,,,,,,,,error,"relation ""complete_cast"" does not exist
LINE 4: FROM complete_cast AS cc,
             ^
",
q526,no_nestloop,1,,,,,,,,,,,,,,error,"relation ""complete_cast"" does not exist
LINE 4: FROM complete_cast AS cc,
             ^
",
q527,default,1,,,,,,,,,,,,,,error,"relation ""complete_cast"" does not exist
LINE 4: FROM complete_cast AS cc,
             ^
",
q527,no_hashjoin,1,,,,,,,,,,,,,,error,"relation ""complete_cast"" does not exist
LINE 4: FROM complete_cast AS cc,
             ^
",
q527,no_mergejoin,1,,,,,,,,,,,,,,error,"relation ""complete_cast"" does not exist
LINE 4: FROM complete_cast AS cc,
             ^
",
q527,no_nestloop,1,,,,,,,,,,,,,,error,"relation ""complete_cast"" does not exist
LINE 4: FROM complete_cast AS cc,
             ^
",
q528,default,1,,,,,,,,,,,,,,error,"relation ""complete_cast"" does not exist
LINE 4: FROM complete_cast AS cc,
             ^
",
q528,no_hashjoin,1,,,,,,,,,,,,,,error,"relation ""complete_cast"" does not exist
LINE 4: FROM complete_cast AS cc,
             ^
",
q528,no_mergejoin,1,,,,,,,,,,,,,,error,"relation ""complete_cast"" does not exist
LINE 4: FROM complete_cast AS cc,
             ^
",
q528,no_nestloop,1,,,,,,,,,,,,,,error,"relation ""complete_cast"" does not exist
LINE 4: FROM complete_cast AS cc,
             ^
",
q529,default,1,,,,,,,,,,,,,,error,"relation ""complete_cast"" does not exist
LINE 4: FROM complete_cast AS cc,
             ^
",
q529,no_hashjoin,1,,,,,,,,,,,,,,error,"relation ""complete_cast"" does not exist
LINE 4: FROM complete_cast AS cc,
             ^
",
q529,no_mergejoin,1,,,,,,,,,,,,,,error,"relation ""complete_cast"" does not exist
LINE 4: FROM complete_cast AS cc,
             ^
",
q529,no_nestloop,1,,,,,,,,,,,,,,error,"relation ""complete_cast"" does not exist
LINE 4: FROM complete_cast AS cc,
             ^
",
q53,default,1,,,,,,,,,,,,,,error,"relation ""company_name"" does not exist
LINE 4: FROM company_name AS cn,
             ^
",
q53,no_hashjoin,1,,,,,,,,,,,,,,error,"relation ""company_name"" does not exist
LINE 4: FROM company_name AS cn,
             ^
",
q53,no_mergejoin,1,,,,,,,,,,,,,,error,"relation ""company_name"" does not exist
LINE 4: FROM company_name AS cn,
             ^
",
q53,no_nestloop,1,,,,,,,,,,,,,,error,"relation ""company_name"" does not exist
LINE 4: FROM company_name AS cn,
             ^
",
q530,default,1,,,,,,,,,,,,,,error,"relation ""complete_cast"" does not exist
LINE 4: FROM complete_cast AS cc,
             ^
",
q530,no_hashjoin,1,,,,,,,,,,,,,,error,"relation ""complete_cast"" does not exist
LINE 4: FROM complete_cast AS cc,
             ^
",
q530,no_mergejoin,1,,,,,,,,,,,,,,error,"relation ""complete_cast"" does not exist
LINE 4: FROM complete_cast AS cc,
             ^
",
q530,no_nestloop,1,,,,,,,,,,,,,,error,"relation ""complete_cast"" does not exist
LINE 4: FROM complete_cast AS cc,
             ^
",
q531,default,1,,,,,,,,,,,,,,error,"relation ""complete_cast"" does not exist
LINE 4: FROM complete_cast AS cc,
             ^
",
q531,no_hashjoin,1,,,,,,,,,,,,,,error,"relation ""complete_cast"" does not exist
LINE 4: FROM complete_cast AS cc,
             ^
",
q531,no_mergejoin,1,,,,,,,,,,,,,,error,"relation ""complete_cast"" does not exist
LINE 4: FROM complete_cast AS cc,
             ^
",
q531,no_nestloop,1,,,,,,,,,,,,,,error,"relation ""complete_cast"" does not exist
LINE 4: FROM complete_cast AS cc,
             ^
",
q532,default,1,,,,,,,,,,,,,,error,"relation ""complete_cast"" does not exist
LINE 4: FROM complete_cast AS cc,
             ^
",
q532,no_hashjoin,1,,,,,,,,,,,,,,error,"relation ""complete_cast"" does not exist
LINE 4: FROM complete_cast AS cc,
             ^
",
q532,no_mergejoin,1,,,,,,,,,,,,,,error,"relation ""complete_cast"" does not exist
LINE 4: FROM complete_cast AS cc,
             ^
",
q532,no_nestloop,1,,,,,,,,,,,,,,error,"relation ""complete_cast"" does not exist
LINE 4: FROM complete_cast AS cc,
             ^
",
q533,default,1,,,,,,,,,,,,,,error,"relation ""complete_cast"" does not exist
LINE 4: FROM complete_cast AS cc,
             ^
",
q533,no_hashjoin,1,,,,,,,,,,,,,,error,"relation ""complete_cast"" does not exist
LINE 4: FROM complete_cast AS cc,
             ^
",
q533,no_mergejoin,1,,,,,,,,,,,,,,error,"relation ""complete_cast"" does not exist
LINE 4: FROM complete_cast AS cc,
             ^
",
q533,no_nestloop,1,,,,,,,,,,,,,,error,"relation ""complete_cast"" does not exist
LINE 4: FROM complete_cast AS cc,
             ^
",
q534,default,1,,,,,,,,,,,,,,error,"relation ""complete_cast"" does not exist
LINE 4: FROM complete_cast AS cc,
             ^
",
q534,no_hashjoin,1,,,,,,,,,,,,,,error,"relation ""complete_cast"" does not exist
LINE 4: FROM complete_cast AS cc,
             ^
",
q534,no_mergejoin,1,,,,,,,,,,,,,,error,"relation ""complete_cast"" does not exist
LINE 4: FROM complete_cast AS cc,
             ^
",
q534,no_nestloop,1,,,,,,,,,,,,,,error,"relation ""complete_cast"" does not exist
LINE 4: FROM complete_cast AS cc,
             ^
",
q535,default,1,,,,,,,,,,,,,,error,"relation ""complete_cast"" does not exist
LINE 4: FROM complete_cast AS cc,
             ^
",
q535,no_hashjoin,1,,,,,,,,,,,,,,error,"relation ""complete_cast"" does not exist
LINE 4: FROM complete_cast AS cc,
             ^
",
q535,no_mergejoin,1,,,,,,,,,,,,,,error,"relation ""complete_cast"" does not exist
LINE 4: FROM complete_cast AS cc,
             ^
",
q535,no_nestloop,1,,,,,,,,,,,,,,error,"relation ""complete_cast"" does not exist
LINE 4: FROM complete_cast AS cc,
             ^
",
q536,default,1,,,,,,,,,,,,,,error,"relation ""complete_cast"" does not exist
LINE 4: FROM complete_cast AS cc,
             ^
",
q536,no_hashjoin,1,,,,,,,,,,,,,,error,"relation ""complete_cast"" does not exist
LINE 4: FROM complete_cast AS cc,
             ^
",
q536,no_mergejoin,1,,,,,,,,,,,,,,error,"relation ""complete_cast"" does not exist
LINE 4: FROM complete_cast AS cc,
             ^
",
q536,no_nestloop,1,,,,,,,,,,,,,,error,"relation ""complete_cast"" does not exist
LINE 4: FROM complete_cast AS cc,
             ^
",
q537,default,1,,,,,,,,,,,,,,error,"relation ""complete_cast"" does not exist
LINE 4: FROM complete_cast AS cc,
             ^
",
q537,no_hashjoin,1,,,,,,,,,,,,,,error,"relation ""complete_cast"" does not exist
LINE 4: FROM complete_cast AS cc,
             ^
",
q537,no_mergejoin,1,,,,,,,,,,,,,,error,"relation ""complete_cast"" does not exist
LINE 4: FROM complete_cast AS cc,
             ^
",
q537,no_nestloop,1,,,,,,,,,,,,,,error,"relation ""complete_cast"" does not exist
LINE 4: FROM complete_cast AS cc,
             ^
",
q538,default,1,,,,,,,,,,,,,,error,"relation ""complete_cast"" does not exist
LINE 4: FROM complete_cast AS cc,
             ^
",
q538,no_hashjoin,1,,,,,,,,,,,,,,error,"relation ""complete_cast"" does not exist
LINE 4: FROM complete_cast AS cc,
             ^
",
q538,no_mergejoin,1,,,,,,,,,,,,,,error,"relation ""complete_cast"" does not exist
LINE 4: FROM complete_cast AS cc,
             ^
",
q538,no_nestloop,1,,,,,,,,,,,,,,error,"relation ""complete_cast"" does not exist
LINE 4: FROM complete_cast AS cc,
             ^
",
q539,default,1,,,,,,,,,,,,,,error,"relation ""complete_cast"" does not exist
LINE 4: FROM complete_cast AS cc,
             ^
",
q539,no_hashjoin,1,,,,,,,,,,,,,,error,"relation ""complete_cast"" does not exist
LINE 4: FROM complete_cast AS cc,
             ^
",
q539,no_mergejoin,1,,,,,,,,,,,,,,error,"relation ""complete_cast"" does not exist
LINE 4: FROM complete_cast AS cc,
             ^
",
q539,no_nestloop,1,,,,,,,,,,,,,,error,"relation ""complete_cast"" does not exist
LINE 4: FROM complete_cast AS cc,
             ^
",
q54,default,1,,,,,,,,,,,,,,error,"relation ""company_name"" does not exist
LINE 4: FROM company_name AS cn,
             ^
",
q54,no_hashjoin,1,,,,,,,,,,,,,,error,"relation ""company_name"" does not exist
LINE 4: FROM company_name AS cn,
             ^
",
q54,no_mergejoin,1,,,,,,,,,,,,,,error,"relation ""company_name"" does not exist
LINE 4: FROM company_name AS cn,
             ^
",
q54,no_nestloop,1,,,,,,,,,,,,,,error,"relation ""company_name"" does not exist
LINE 4: FROM company_name AS cn,
             ^
",
q540,default,1,,,,,,,,,,,,,,error,"relation ""complete_cast"" does not exist
LINE 4: FROM complete_cast AS cc,
             ^
",
q540,no_hashjoin,1,,,,,,,,,,,,,,error,"relation ""complete_cast"" does not exist
LINE 4: FROM complete_cast AS cc,
             ^
",
q540,no_mergejoin,1,,,,,,,,,,,,,,error,"relation ""complete_cast"" does not exist
LINE 4: FROM complete_cast AS cc,
             ^
",
q540,no_nestloop,1,,,,,,,,,,,,,,error,"relation ""complete_cast"" does not exist
LINE 4: FROM complete_cast AS cc,
             ^
",
q541,default,1,,,,,,,,,,,,,,error,"relation ""complete_cast"" does not exist
LINE 4: FROM complete_cast AS cc,
             ^
",
q541,no_hashjoin,1,,,,,,,,,,,,,,error,"relation ""complete_cast"" does not exist
LINE 4: FROM complete_cast AS cc,
             ^
",
q541,no_mergejoin,1,,,,,,,,,,,,,,error,"relation ""complete_cast"" does not exist
LINE 4: FROM complete_cast AS cc,
             ^
",
q541,no_nestloop,1,,,,,,,,,,,,,,error,"relation ""complete_cast"" does not exist
LINE 4: FROM complete_cast AS cc,
             ^
",
q542,default,1,,,,,,,,,,,,,,error,"relation ""complete_cast"" does not exist
LINE 4: FROM complete_cast AS cc,
             ^
",
q542,no_hashjoin,1,,,,,,,,,,,,,,error,"relation ""complete_cast"" does not exist
LINE 4: FROM complete_cast AS cc,
             ^
",
q542,no_mergejoin,1,,,,,,,,,,,,,,error,"relation ""complete_cast"" does not exist
LINE 4: FROM complete_cast AS cc,
             ^
",
q542,no_nestloop,1,,,,,,,,,,,,,,error,"relation ""complete_cast"" does not exist
LINE 4: FROM complete_cast AS cc,
             ^
",
q543,default,1,,,,,,,,,,,,,,error,"relation ""complete_cast"" does not exist
LINE 4: FROM complete_cast AS cc,
             ^
",
q543,no_hashjoin,1,,,,,,,,,,,,,,error,"relation ""complete_cast"" does not exist
LINE 4: FROM complete_cast AS cc,
             ^
",
q543,no_mergejoin,1,,,,,,,,,,,,,,error,"relation ""complete_cast"" does not exist
LINE 4: FROM complete_cast AS cc,
             ^
",
q543,no_nestloop,1,,,,,,,,,,,,,,error,"relation ""complete_cast"" does not exist
LINE 4: FROM complete_cast AS cc,
             ^
",
q544,default,1,,,,,,,,,,,,,,error,"relation ""complete_cast"" does not exist
LINE 4: FROM complete_cast AS cc,
             ^
",
q544,no_hashjoin,1,,,,,,,,,,,,,,error,"relation ""complete_cast"" does not exist
LINE 4: FROM complete_cast AS cc,
             ^
",
q544,no_mergejoin,1,,,,,,,,,,,,,,error,"relation ""complete_cast"" does not exist
LINE 4: FROM complete_cast AS cc,
             ^
",
q544,no_nestloop,1,,,,,,,,,,,,,,error,"relation ""complete_cast"" does not exist
LINE 4: FROM complete_cast AS cc,
             ^
",
q545,default,1,,,,,,,,,,,,,,error,"relation ""complete_cast"" does not exist
LINE 4: FROM complete_cast AS cc,
             ^
",
q545,no_hashjoin,1,,,,,,,,,,,,,,error,"relation ""complete_cast"" does not exist
LINE 4: FROM complete_cast AS cc,
             ^
",
q545,no_mergejoin,1,,,,,,,,,,,,,,error,"relation ""complete_cast"" does not exist
LINE 4: FROM complete_cast AS cc,
             ^
",
q545,no_nestloop,1,,,,,,,,,,,,,,error,"relation ""complete_cast"" does not exist
LINE 4: FROM complete_cast AS cc,
             ^
",
q546,default,1,,,,,,,,,,,,,,error,"relation ""complete_cast"" does not exist
LINE 4: FROM complete_cast AS cc,
             ^
",
q546,no_hashjoin,1,,,,,,,,,,,,,,error,"relation ""complete_cast"" does not exist
LINE 4: FROM complete_cast AS cc,
             ^
",
q546,no_mergejoin,1,,,,,,,,,,,,,,error,"relation ""complete_cast"" does not exist
LINE 4: FROM complete_cast AS cc,
             ^
",
q546,no_nestloop,1,,,,,,,,,,,,,,error,"relation ""complete_cast"" does not exist
LINE 4: FROM complete_cast AS cc,
             ^
",
q547,default,1,,,,,,,,,,,,,,error,"relation ""complete_cast"" does not exist
LINE 4: FROM complete_cast AS cc,
             ^
",
q547,no_hashjoin,1,,,,,,,,,,,,,,error,"relation ""complete_cast"" does not exist
LINE 4: FROM complete_cast AS cc,
             ^
",
q547,no_mergejoin,1,,,,,,,,,,,,,,error,"relation ""complete_cast"" does not exist
LINE 4: FROM complete_cast AS cc,
             ^
",
q547,no_nestloop,1,,,,,,,,,,,,,,error,"relation ""complete_cast"" does not exist
LINE 4: FROM complete_cast AS cc,
             ^
",
q548,default,1,,,,,,,,,,,,,,error,"relation ""complete_cast"" does not exist
LINE 4: FROM complete_cast AS cc,
             ^
",
q548,no_hashjoin,1,,,,,,,,,,,,,,error,"relation ""complete_cast"" does not exist
LINE 4: FROM complete_cast AS cc,
             ^
",
q548,no_mergejoin,1,,,,,,,,,,,,,,error,"relation ""complete_cast"" does not exist
LINE 4: FROM complete_cast AS cc,
             ^
",
q548,no_nestloop,1,,,,,,,,,,,,,,error,"relation ""complete_cast"" does not exist
LINE 4: FROM complete_cast AS cc,
             ^
",
q549,default,1,,,,,,,,,,,,,,error,"relation ""complete_cast"" does not exist
LINE 4: FROM complete_cast AS cc,
             ^
",
q549,no_hashjoin,1,,,,,,,,,,,,,,error,"relation ""complete_cast"" does not exist
LINE 4: FROM complete_cast AS cc,
             ^
",
q549,no_mergejoin,1,,,,,,,,,,,,,,error,"relation ""complete_cast"" does not exist
LINE 4: FROM complete_cast AS cc,
             ^
",
q549,no_nestloop,1,,,,,,,,,,,,,,error,"relation ""complete_cast"" does not exist
LINE 4: FROM complete_cast AS cc,
             ^
",
q55,default,1,,,,,,,,,,,,,,error,"relation ""company_name"" does not exist
LINE 4: FROM company_name AS cn,
             ^
",
q55,no_hashjoin,1,,,,,,,,,,,,,,error,"relation ""company_name"" does not exist
LINE 4: FROM company_name AS cn,
             ^
",
q55,no_mergejoin,1,,,,,,,,,,,,,,error,"relation ""company_name"" does not exist
LINE 4: FROM company_name AS cn,
             ^
",
q55,no_nestloop,1,,,,,,,,,,,,,,error,"relation ""company_name"" does not exist
LINE 4: FROM company_name AS cn,
             ^
",
q550,default,1,,,,,,,,,,,,,,error,"relation ""complete_cast"" does not exist
LINE 4: FROM complete_cast AS cc,
             ^
",
q550,no_hashjoin,1,,,,,,,,,,,,,,error,"relation ""complete_cast"" does not exist
LINE 4: FROM complete_cast AS cc,
             ^
",
q550,no_mergejoin,1,,,,,,,,,,,,,,error,"relation ""complete_cast"" does not exist
LINE 4: FROM complete_cast AS cc,
             ^
",
q550,no_nestloop,1,,,,,,,,,,,,,,error,"relation ""complete_cast"" does not exist
LINE 4: FROM complete_cast AS cc,
             ^
",
q551,default,1,,,,,,,,,,,,,,error,"relation ""complete_cast"" does not exist
LINE 4: FROM complete_cast AS cc,
             ^
",
q551,no_hashjoin,1,,,,,,,,,,,,,,error,"relation ""complete_cast"" does not exist
LINE 4: FROM complete_cast AS cc,
             ^
",
q551,no_mergejoin,1,,,,,,,,,,,,,,error,"relation ""complete_cast"" does not exist
LINE 4: FROM complete_cast AS cc,
             ^
",
q551,no_nestloop,1,,,,,,,,,,,,,,error,"relation ""complete_cast"" does not exist
LINE 4: FROM complete_cast AS cc,
             ^
",
q552,default,1,,,,,,,,,,,,,,error,"relation ""aka_name"" does not exist
LINE 4: FROM aka_name AS an,
             ^
",
q552,no_hashjoin,1,,,,,,,,,,,,,,error,"relation ""aka_name"" does not exist
LINE 4: FROM aka_name AS an,
             ^
",
q552,no_mergejoin,1,,,,,,,,,,,,,,error,"relation ""aka_name"" does not exist
LINE 4: FROM aka_name AS an,
             ^
",
q552,no_nestloop,1,,,,,,,,,,,,,,error,"relation ""aka_name"" does not exist
LINE 4: FROM aka_name AS an,
             ^
",
q553,default,1,,,,,,,,,,,,,,error,"relation ""aka_name"" does not exist
LINE 4: FROM aka_name AS an,
             ^
",
q553,no_hashjoin,1,,,,,,,,,,,,,,error,"relation ""aka_name"" does not exist
LINE 4: FROM aka_name AS an,
             ^
",
q553,no_mergejoin,1,,,,,,,,,,,,,,error,"relation ""aka_name"" does not exist
LINE 4: FROM aka_name AS an,
             ^
",
q553,no_nestloop,1,,,,,,,,,,,,,,error,"relation ""aka_name"" does not exist
LINE 4: FROM aka_name AS an,
             ^
",
q554,default,1,,,,,,,,,,,,,,error,"relation ""aka_name"" does not exist
LINE 4: FROM aka_name AS an,
             ^
",
q554,no_hashjoin,1,,,,,,,,,,,,,,error,"relation ""aka_name"" does not exist
LINE 4: FROM aka_name AS an,
             ^
",
q554,no_mergejoin,1,,,,,,,,,,,,,,error,"relation ""aka_name"" does not exist
LINE 4: FROM aka_name AS an,
             ^
",
q554,no_nestloop,1,,,,,,,,,,,,,,error,"relation ""aka_name"" does not exist
LINE 4: FROM aka_name AS an,
             ^
",
q555,default,1,,,,,,,,,,,,,,error,"relation ""aka_name"" does not exist
LINE 4: FROM aka_name AS an,
             ^
",
q555,no_hashjoin,1,,,,,,,,,,,,,,error,"relation ""aka_name"" does not exist
LINE 4: FROM aka_name AS an,
             ^
",
q555,no_mergejoin,1,,,,,,,,,,,,,,error,"relation ""aka_name"" does not exist
LINE 4: FROM aka_name AS an,
             ^
",
q555,no_nestloop,1,,,,,,,,,,,,,,error,"relation ""aka_name"" does not exist
LINE 4: FROM aka_name AS an,
             ^
",
q556,default,1,,,,,,,,,,,,,,error,"relation ""aka_name"" does not exist
LINE 4: FROM aka_name AS an,
             ^
",
q556,no_hashjoin,1,,,,,,,,,,,,,,error,"relation ""aka_name"" does not exist
LINE 4: FROM aka_name AS an,
             ^
",
q556,no_mergejoin,1,,,,,,,,,,,,,,error,"relation ""aka_name"" does not exist
LINE 4: FROM aka_name AS an,
             ^
",
q556,no_nestloop,1,,,,,,,,,,,,,,error,"relation ""aka_name"" does not exist
LINE 4: FROM aka_name AS an,
             ^
",
q557,default,1,,,,,,,,,,,,,,error,"relation ""aka_name"" does not exist
LINE 4: FROM aka_name AS an,
             ^
",
q557,no_hashjoin,1,,,,,,,,,,,,,,error,"relation ""aka_name"" does not exist
LINE 4: FROM aka_name AS an,
             ^
",
q557,no_mergejoin,1,,,,,,,,,,,,,,error,"relation ""aka_name"" does not exist
LINE 4: FROM aka_name AS an,
             ^
",
q557,no_nestloop,1,,,,,,,,,,,,,,error,"relation ""aka_name"" does not exist
LINE 4: FROM aka_name AS an,
             ^
",
q558,default,1,,,,,,,,,,,,,,error,"relation ""aka_name"" does not exist
LINE 4: FROM aka_name AS an,
             ^
",
q558,no_hashjoin,1,,,,,,,,,,,,,,error,"relation ""aka_name"" does not exist
LINE 4: FROM aka_name AS an,
             ^
",
q558,no_mergejoin,1,,,,,,,,,,,,,,error,"relation ""aka_name"" does not exist
LINE 4: FROM aka_name AS an,
             ^
",
q558,no_nestloop,1,,,,,,,,,,,,,,error,"relation ""aka_name"" does not exist
LINE 4: FROM aka_name AS an,
             ^
",
q559,default,1,,,,,,,,,,,,,,error,"relation ""aka_name"" does not exist
LINE 4: FROM aka_name AS an,
             ^
",
q559,no_hashjoin,1,,,,,,,,,,,,,,error,"relation ""aka_name"" does not exist
LINE 4: FROM aka_name AS an,
             ^
",
q559,no_mergejoin,1,,,,,,,,,,,,,,error,"relation ""aka_name"" does not exist
LINE 4: FROM aka_name AS an,
             ^
",
q559,no_nestloop,1,,,,,,,,,,,,,,error,"relation ""aka_name"" does not exist
LINE 4: FROM aka_name AS an,
             ^
",
q56,default,1,,,,,,,,,,,,,,error,"relation ""company_name"" does not exist
LINE 4: FROM company_name AS cn,
             ^
",
q56,no_hashjoin,1,,,,,,,,,,,,,,error,"relation ""company_name"" does not exist
LINE 4: FROM company_name AS cn,
             ^
",
q56,no_mergejoin,1,,,,,,,,,,,,,,error,"relation ""company_name"" does not exist
LINE 4: FROM company_name AS cn,
             ^
",
q56,no_nestloop,1,,,,,,,,,,,,,,error,"relation ""company_name"" does not exist
LINE 4: FROM company_name AS cn,
             ^
",
q560,default,1,,,,,,,,,,,,,,error,"relation ""aka_name"" does not exist
LINE 4: FROM aka_name AS an,
             ^
",
q560,no_hashjoin,1,,,,,,,,,,,,,,error,"relation ""aka_name"" does not exist
LINE 4: FROM aka_name AS an,
             ^
",
q560,no_mergejoin,1,,,,,,,,,,,,,,error,"relation ""aka_name"" does not exist
LINE 4: FROM aka_name AS an,
             ^
",
q560,no_nestloop,1,,,,,,,,,,,,,,error,"relation ""aka_name"" does not exist
LINE 4: FROM aka_name AS an,
             ^
",
q561,default,1,,,,,,,,,,,,,,error,"relation ""aka_name"" does not exist
LINE 4: FROM aka_name AS an,
             ^
",
q561,no_hashjoin,1,,,,,,,,,,,,,,error,"relation ""aka_name"" does not exist
LINE 4: FROM aka_name AS an,
             ^
",
q561,no_mergejoin,1,,,,,,,,,,,,,,error,"relation ""aka_name"" does not exist
LINE 4: FROM aka_name AS an,
             ^
",
q561,no_nestloop,1,,,,,,,,,,,,,,error,"relation ""aka_name"" does not exist
LINE 4: FROM aka_name AS an,
             ^
",
q562,default,1,,,,,,,,,,,,,,error,"relation ""aka_name"" does not exist
LINE 4: FROM aka_name AS an,
             ^
",
q562,no_hashjoin,1,,,,,,,,,,,,,,error,"relation ""aka_name"" does not exist
LINE 4: FROM aka_name AS an,
             ^
",
q562,no_mergejoin,1,,,,,,,,,,,,,,error,"relation ""aka_name"" does not exist
LINE 4: FROM aka_name AS an,
             ^
",
q562,no_nestloop,1,,,,,,,,,,,,,,error,"relation ""aka_name"" does not exist
LINE 4: FROM aka_name AS an,
             ^
",
q563,default,1,,,,,,,,,,,,,,error,"relation ""aka_name"" does not exist
LINE 4: FROM aka_name AS an,
             ^
",
q563,no_hashjoin,1,,,,,,,,,,,,,,error,"relation ""aka_name"" does not exist
LINE 4: FROM aka_name AS an,
             ^
",
q563,no_mergejoin,1,,,,,,,,,,,,,,error,"relation ""aka_name"" does not exist
LINE 4: FROM aka_name AS an,
             ^
",
q563,no_nestloop,1,,,,,,,,,,,,,,error,"relation ""aka_name"" does not exist
LINE 4: FROM aka_name AS an,
             ^
",
q564,default,1,,,,,,,,,,,,,,error,"relation ""aka_name"" does not exist
LINE 4: FROM aka_name AS an,
             ^
",
q564,no_hashjoin,1,,,,,,,,,,,,,,error,"relation ""aka_name"" does not exist
LINE 4: FROM aka_name AS an,
             ^
",
q564,no_mergejoin,1,,,,,,,,,,,,,,error,"relation ""aka_name"" does not exist
LINE 4: FROM aka_name AS an,
             ^
",
q564,no_nestloop,1,,,,,,,,,,,,,,error,"relation ""aka_name"" does not exist
LINE 4: FROM aka_name AS an,
             ^
",
q565,default,1,,,,,,,,,,,,,,error,"relation ""aka_name"" does not exist
LINE 4: FROM aka_name AS an,
             ^
",
q565,no_hashjoin,1,,,,,,,,,,,,,,error,"relation ""aka_name"" does not exist
LINE 4: FROM aka_name AS an,
             ^
",
q565,no_mergejoin,1,,,,,,,,,,,,,,error,"relation ""aka_name"" does not exist
LINE 4: FROM aka_name AS an,
             ^
",
q565,no_nestloop,1,,,,,,,,,,,,,,error,"relation ""aka_name"" does not exist
LINE 4: FROM aka_name AS an,
             ^
",
q566,default,1,,,,,,,,,,,,,,error,"relation ""aka_name"" does not exist
LINE 4: FROM aka_name AS an,
             ^
",
q566,no_hashjoin,1,,,,,,,,,,,,,,error,"relation ""aka_name"" does not exist
LINE 4: FROM aka_name AS an,
             ^
",
q566,no_mergejoin,1,,,,,,,,,,,,,,error,"relation ""aka_name"" does not exist
LINE 4: FROM aka_name AS an,
             ^
",
q566,no_nestloop,1,,,,,,,,,,,,,,error,"relation ""aka_name"" does not exist
LINE 4: FROM aka_name AS an,
             ^
",
q567,default,1,,,,,,,,,,,,,,error,"relation ""aka_name"" does not exist
LINE 4: FROM aka_name AS an,
             ^
",
q567,no_hashjoin,1,,,,,,,,,,,,,,error,"relation ""aka_name"" does not exist
LINE 4: FROM aka_name AS an,
             ^
",
q567,no_mergejoin,1,,,,,,,,,,,,,,error,"relation ""aka_name"" does not exist
LINE 4: FROM aka_name AS an,
             ^
",
q567,no_nestloop,1,,,,,,,,,,,,,,error,"relation ""aka_name"" does not exist
LINE 4: FROM aka_name AS an,
             ^
",
q568,default,1,,,,,,,,,,,,,,error,"relation ""aka_name"" does not exist
LINE 4: FROM aka_name AS an,
             ^
",
q568,no_hashjoin,1,,,,,,,,,,,,,,error,"relation ""aka_name"" does not exist
LINE 4: FROM aka_name AS an,
             ^
",
q568,no_mergejoin,1,,,,,,,,,,,,,,error,"relation ""aka_name"" does not exist
LINE 4: FROM aka_name AS an,
             ^
",
q568,no_nestloop,1,,,,,,,,,,,,,,error,"relation ""aka_name"" does not exist
LINE 4: FROM aka_name AS an,
             ^
",
q569,default,1,,,,,,,,,,,,,,error,"relation ""aka_name"" does not exist
LINE 4: FROM aka_name AS an,
             ^
",
q569,no_hashjoin,1,,,,,,,,,,,,,,error,"relation ""aka_name"" does not exist
LINE 4: FROM aka_name AS an,
             ^
",
q569,no_mergejoin,1,,,,,,,,,,,,,,error,"relation ""aka_name"" does not exist
LINE 4: FROM aka_name AS an,
             ^
",
q569,no_nestloop,1,,,,,,,,,,,,,,error,"relation ""aka_name"" does not exist
LINE 4: FROM aka_name AS an,
             ^
",
q57,default,1,,,,,,,,,,,,,,error,"relation ""company_name"" does not exist
LINE 4: FROM company_name AS cn,
             ^
",
q57,no_hashjoin,1,,,,,,,,,,,,,,error,"relation ""company_name"" does not exist
LINE 4: FROM company_name AS cn,
             ^
",
q57,no_mergejoin,1,,,,,,,,,,,,,,error,"relation ""company_name"" does not exist
LINE 4: FROM company_name AS cn,
             ^
",
q57,no_nestloop,1,,,,,,,,,,,,,,error,"relation ""company_name"" does not exist
LINE 4: FROM company_name AS cn,
             ^
",
q570,default,1,,,,,,,,,,,,,,error,"relation ""aka_name"" does not exist
LINE 4: FROM aka_name AS an,
             ^
",
q570,no_hashjoin,1,,,,,,,,,,,,,,error,"relation ""aka_name"" does not exist
LINE 4: FROM aka_name AS an,
             ^
",
q570,no_mergejoin,1,,,,,,,,,,,,,,error,"relation ""aka_name"" does not exist
LINE 4: FROM aka_name AS an,
             ^
",
q570,no_nestloop,1,,,,,,,,,,,,,,error,"relation ""aka_name"" does not exist
LINE 4: FROM aka_name AS an,
             ^
",
q571,default,1,,,,,,,,,,,,,,error,"relation ""aka_name"" does not exist
LINE 4: FROM aka_name AS an,
             ^
",
q571,no_hashjoin,1,,,,,,,,,,,,,,error,"relation ""aka_name"" does not exist
LINE 4: FROM aka_name AS an,
             ^
",
q571,no_mergejoin,1,,,,,,,,,,,,,,error,"relation ""aka_name"" does not exist
LINE 4: FROM aka_name AS an,
             ^
",
q571,no_nestloop,1,,,,,,,,,,,,,,error,"relation ""aka_name"" does not exist
LINE 4: FROM aka_name AS an,
             ^
",
q572,default,1,,,,,,,,,,,,,,error,"relation ""aka_name"" does not exist
LINE 4: FROM aka_name AS an,
             ^
",
q572,no_hashjoin,1,,,,,,,,,,,,,,error,"relation ""aka_name"" does not exist
LINE 4: FROM aka_name AS an,
             ^
",
q572,no_mergejoin,1,,,,,,,,,,,,,,error,"relation ""aka_name"" does not exist
LINE 4: FROM aka_name AS an,
             ^
",
q572,no_nestloop,1,,,,,,,,,,,,,,error,"relation ""aka_name"" does not exist
LINE 4: FROM aka_name AS an,
             ^
",
q573,default,1,,,,,,,,,,,,,,error,"relation ""aka_name"" does not exist
LINE 4: FROM aka_name AS an,
             ^
",
q573,no_hashjoin,1,,,,,,,,,,,,,,error,"relation ""aka_name"" does not exist
LINE 4: FROM aka_name AS an,
             ^
",
q573,no_mergejoin,1,,,,,,,,,,,,,,error,"relation ""aka_name"" does not exist
LINE 4: FROM aka_name AS an,
             ^
",
q573,no_nestloop,1,,,,,,,,,,,,,,error,"relation ""aka_name"" does not exist
LINE 4: FROM aka_name AS an,
             ^
",
q574,default,1,,,,,,,,,,,,,,error,"relation ""aka_name"" does not exist
LINE 4: FROM aka_name AS an,
             ^
",
q574,no_hashjoin,1,,,,,,,,,,,,,,error,"relation ""aka_name"" does not exist
LINE 4: FROM aka_name AS an,
             ^
",
q574,no_mergejoin,1,,,,,,,,,,,,,,error,"relation ""aka_name"" does not exist
LINE 4: FROM aka_name AS an,
             ^
",
q574,no_nestloop,1,,,,,,,,,,,,,,error,"relation ""aka_name"" does not exist
LINE 4: FROM aka_name AS an,
             ^
",
q575,default,1,,,,,,,,,,,,,,error,"relation ""aka_name"" does not exist
LINE 4: FROM aka_name AS an,
             ^
",
q575,no_hashjoin,1,,,,,,,,,,,,,,error,"relation ""aka_name"" does not exist
LINE 4: FROM aka_name AS an,
             ^
",
q575,no_mergejoin,1,,,,,,,,,,,,,,error,"relation ""aka_name"" does not exist
LINE 4: FROM aka_name AS an,
             ^
",
q575,no_nestloop,1,,,,,,,,,,,,,,error,"relation ""aka_name"" does not exist
LINE 4: FROM aka_name AS an,
             ^
",
q576,default,1,,,,,,,,,,,,,,error,"relation ""company_name"" does not exist
LINE 2: FROM company_name AS cn,
             ^
",
q576,no_hashjoin,1,,,,,,,,,,,,,,error,"relation ""company_name"" does not exist
LINE 2: FROM company_name AS cn,
             ^
",
q576,no_mergejoin,1,,,,,,,,,,,,,,error,"relation ""company_name"" does not exist
LINE 2: FROM company_name AS cn,
             ^
",
q576,no_nestloop,1,,,,,,,,,,,,,,error,"relation ""company_name"" does not exist
LINE 2: FROM company_name AS cn,
             ^
",
q577,default,1,,,,,,,,,,,,,,error,"relation ""company_name"" does not exist
LINE 2: FROM company_name AS cn,
             ^
",
q577,no_hashjoin,1,,,,,,,,,,,,,,error,"relation ""company_name"" does not exist
LINE 2: FROM company_name AS cn,
             ^
",
q577,no_mergejoin,1,,,,,,,,,,,,,,error,"relation ""company_name"" does not exist
LINE 2: FROM company_name AS cn,
             ^
",
q577,no_nestloop,1,,,,,,,,,,,,,,error,"relation ""company_name"" does not exist
LINE 2: FROM company_name AS cn,
             ^
",
q578,default,1,,,,,,,,,,,,,,error,"relation ""company_name"" does not exist
LINE 2: FROM company_name AS cn,
             ^
",
q578,no_hashjoin,1,,,,,,,,,,,,,,error,"relation ""company_name"" does not exist
LINE 2: FROM company_name AS cn,
             ^
",
q578,no_mergejoin,1,,,,,,,,,,,,,,error,"relation ""company_name"" does not exist
LINE 2: FROM company_name AS cn,
             ^
",
q578,no_nestloop,1,,,,,,,,,,,,,,error,"relation ""company_name"" does not exist
LINE 2: FROM company_name AS cn,
             ^
",
q579,default,1,,,,,,,,,,,,,,error,"relation ""company_name"" does not exist
LINE 2: FROM company_name AS cn,
             ^
",
q579,no_hashjoin,1,,,,,,,,,,,,,,error,"relation ""company_name"" does not exist
LINE 2: FROM company_name AS cn,
             ^
",
q579,no_mergejoin,1,,,,,,,,,,,,,,error,"relation ""company_name"" does not exist
LINE 2: FROM company_name AS cn,
             ^
",
q579,no_nestloop,1,,,,,,,,,,,,,,error,"relation ""company_name"" does not exist
LINE 2: FROM company_name AS cn,
             ^
",
q58,default,1,,,,,,,,,,,,,,error,"relation ""company_name"" does not exist
LINE 4: FROM company_name AS cn,
             ^
",
q58,no_hashjoin,1,,,,,,,,,,,,,,error,"relation ""company_name"" does not exist
LINE 4: FROM company_name AS cn,
             ^
",
q58,no_mergejoin,1,,,,,,,,,,,,,,error,"relation ""company_name"" does not exist
LINE 4: FROM company_name AS cn,
             ^
",
q58,no_nestloop,1,,,,,,,,,,,,,,error,"relation ""company_name"" does not exist
LINE 4: FROM company_name AS cn,
             ^
",
q580,default,1,,,,,,,,,,,,,,error,"relation ""company_name"" does not exist
LINE 2: FROM company_name AS cn,
             ^
",
q580,no_hashjoin,1,,,,,,,,,,,,,,error,"relation ""company_name"" does not exist
LINE 2: FROM company_name AS cn,
             ^
",
q580,no_mergejoin,1,,,,,,,,,,,,,,error,"relation ""company_name"" does not exist
LINE 2: FROM company_name AS cn,
             ^
",
q580,no_nestloop,1,,,,,,,,,,,,,,error,"relation ""company_name"" does not exist
LINE 2: FROM company_name AS cn,
             ^
",
q581,default,1,,,,,,,,,,,,,,error,"relation ""company_name"" does not exist
LINE 2: FROM company_name AS cn,
             ^
",
q581,no_hashjoin,1,,,,,,,,,,,,,,error,"relation ""company_name"" does not exist
LINE 2: FROM company_name AS cn,
             ^
",
q581,no_mergejoin,1,,,,,,,,,,,,,,error,"relation ""company_name"" does not exist
LINE 2: FROM company_name AS cn,
             ^
",
q581,no_nestloop,1,,,,,,,,,,,,,,error,"relation ""company_name"" does not exist
LINE 2: FROM company_name AS cn,
             ^
",
q582,default,1,,,,,,,,,,,,,,error,"relation ""company_name"" does not exist
LINE 2: FROM company_name AS cn,
             ^
",
q582,no_hashjoin,1,,,,,,,,,,,,,,error,"relation ""company_name"" does not exist
LINE 2: FROM company_name AS cn,
             ^
",
q582,no_mergejoin,1,,,,,,,,,,,,,,error,"relation ""company_name"" does not exist
LINE 2: FROM company_name AS cn,
             ^
",
q582,no_nestloop,1,,,,,,,,,,,,,,error,"relation ""company_name"" does not exist
LINE 2: FROM company_name AS cn,
             ^
",
q583,default,1,,,,,,,,,,,,,,error,"relation ""company_name"" does not exist
LINE 2: FROM company_name AS cn,
             ^
",
q583,no_hashjoin,1,,,,,,,,,,,,,,error,"relation ""company_name"" does not exist
LINE 2: FROM company_name AS cn,
             ^
",
q583,no_mergejoin,1,,,,,,,,,,,,,,error,"relation ""company_name"" does not exist
LINE 2: FROM company_name AS cn,
             ^
",
q583,no_nestloop,1,,,,,,,,,,,,,,error,"relation ""company_name"" does not exist
LINE 2: FROM company_name AS cn,
             ^
",
q584,default,1,,,,,,,,,,,,,,error,"relation ""company_name"" does not exist
LINE 2: FROM company_name AS cn,
             ^
",
q584,no_hashjoin,1,,,,,,,,,,,,,,error,"relation ""company_name"" does not exist
LINE 2: FROM company_name AS cn,
             ^
",
q584,no_mergejoin,1,,,,,,,,,,,,,,error,"relation ""company_name"" does not exist
LINE 2: FROM company_name AS cn,
             ^
",
q584,no_nestloop,1,,,,,,,,,,,,,,error,"relation ""company_name"" does not exist
LINE 2: FROM company_name AS cn,
             ^
",
q585,default,1,,,,,,,,,,,,,,error,"relation ""company_name"" does not exist
LINE 2: FROM company_name AS cn,
             ^
",
q585,no_hashjoin,1,,,,,,,,,,,,,,error,"relation ""company_name"" does not exist
LINE 2: FROM company_name AS cn,
             ^
",
q585,no_mergejoin,1,,,,,,,,,,,,,,error,"relation ""company_name"" does not exist
LINE 2: FROM company_name AS cn,
             ^
",
q585,no_nestloop,1,,,,,,,,,,,,,,error,"relation ""company_name"" does not exist
LINE 2: FROM company_name AS cn,
             ^
",
q586,default,1,,,,,,,,,,,,,,error,"relation ""company_name"" does not exist
LINE 2: FROM company_name AS cn,
             ^
",
q586,no_hashjoin,1,,,,,,,,,,,,,,error,"relation ""company_name"" does not exist
LINE 2: FROM company_name AS cn,
             ^
",
q586,no_mergejoin,1,,,,,,,,,,,,,,error,"relation ""company_name"" does not exist
LINE 2: FROM company_name AS cn,
             ^
",
q586,no_nestloop,1,,,,,,,,,,,,,,error,"relation ""company_name"" does not exist
LINE 2: FROM company_name AS cn,
             ^
",
q587,default,1,,,,,,,,,,,,,,error,"relation ""company_name"" does not exist
LINE 2: FROM company_name AS cn,
             ^
",
q587,no_hashjoin,1,,,,,,,,,,,,,,error,"relation ""company_name"" does not exist
LINE 2: FROM company_name AS cn,
             ^
",
q587,no_mergejoin,1,,,,,,,,,,,,,,error,"relation ""company_name"" does not exist
LINE 2: FROM company_name AS cn,
             ^
",
q587,no_nestloop,1,,,,,,,,,,,,,,error,"relation ""company_name"" does not exist
LINE 2: FROM company_name AS cn,
             ^
",
q588,default,1,,,,,,,,,,,,,,error,"relation ""company_name"" does not exist
LINE 2: FROM company_name AS cn,
             ^
",
q588,no_hashjoin,1,,,,,,,,,,,,,,error,"relation ""company_name"" does not exist
LINE 2: FROM company_name AS cn,
             ^
",
q588,no_mergejoin,1,,,,,,,,,,,,,,error,"relation ""company_name"" does not exist
LINE 2: FROM company_name AS cn,
             ^
",
q588,no_nestloop,1,,,,,,,,,,,,,,error,"relation ""company_name"" does not exist
LINE 2: FROM company_name AS cn,
             ^
",
q589,default,1,,,,,,,,,,,,,,error,"relation ""company_name"" does not exist
LINE 2: FROM company_name AS cn,
             ^
",
q589,no_hashjoin,1,,,,,,,,,,,,,,error,"relation ""company_name"" does not exist
LINE 2: FROM company_name AS cn,
             ^
",
q589,no_mergejoin,1,,,,,,,,,,,,,,error,"relation ""company_name"" does not exist
LINE 2: FROM company_name AS cn,
             ^
",
q589,no_nestloop,1,,,,,,,,,,,,,,error,"relation ""company_name"" does not exist
LINE 2: FROM company_name AS cn,
             ^
",
q59,default,1,,,,,,,,,,,,,,error,"relation ""company_name"" does not exist
LINE 4: FROM company_name AS cn,
             ^
",
q59,no_hashjoin,1,,,,,,,,,,,,,,error,"relation ""company_name"" does not exist
LINE 4: FROM company_name AS cn,
             ^
",
q59,no_mergejoin,1,,,,,,,,,,,,,,error,"relation ""company_name"" does not exist
LINE 4: FROM company_name AS cn,
             ^
",
q59,no_nestloop,1,,,,,,,,,,,,,,error,"relation ""company_name"" does not exist
LINE 4: FROM company_name AS cn,
             ^
",
q590,default,1,,,,,,,,,,,,,,error,"relation ""company_name"" does not exist
LINE 2: FROM company_name AS cn,
             ^
",
q590,no_hashjoin,1,,,,,,,,,,,,,,error,"relation ""company_name"" does not exist
LINE 2: FROM company_name AS cn,
             ^
",
q590,no_mergejoin,1,,,,,,,,,,,,,,error,"relation ""company_name"" does not exist
LINE 2: FROM company_name AS cn,
             ^
",
q590,no_nestloop,1,,,,,,,,,,,,,,error,"relation ""company_name"" does not exist
LINE 2: FROM company_name AS cn,
             ^
",
q591,default,1,,,,,,,,,,,,,,error,"relation ""company_name"" does not exist
LINE 2: FROM company_name AS cn,
             ^
",
q591,no_hashjoin,1,,,,,,,,,,,,,,error,"relation ""company_name"" does not exist
LINE 2: FROM company_name AS cn,
             ^
",
q591,no_mergejoin,1,,,,,,,,,,,,,,error,"relation ""company_name"" does not exist
LINE 2: FROM company_name AS cn,
             ^
",
q591,no_nestloop,1,,,,,,,,,,,,,,error,"relation ""company_name"" does not exist
LINE 2: FROM company_name AS cn,
             ^
",
q592,default,1,,,,,,,,,,,,,,error,"relation ""company_name"" does not exist
LINE 2: FROM company_name AS cn,
             ^
",
q592,no_hashjoin,1,,,,,,,,,,,,,,error,"relation ""company_name"" does not exist
LINE 2: FROM company_name AS cn,
             ^
",
q592,no_mergejoin,1,,,,,,,,,,,,,,error,"relation ""company_name"" does not exist
LINE 2: FROM company_name AS cn,
             ^
",
q592,no_nestloop,1,,,,,,,,,,,,,,error,"relation ""company_name"" does not exist
LINE 2: FROM company_name AS cn,
             ^
",
q593,default,1,,,,,,,,,,,,,,error,"relation ""company_name"" does not exist
LINE 2: FROM company_name AS cn,
             ^
",
q593,no_hashjoin,1,,,,,,,,,,,,,,error,"relation ""company_name"" does not exist
LINE 2: FROM company_name AS cn,
             ^
",
q593,no_mergejoin,1,,,,,,,,,,,,,,error,"relation ""company_name"" does not exist
LINE 2: FROM company_name AS cn,
             ^
",
q593,no_nestloop,1,,,,,,,,,,,,,,error,"relation ""company_name"" does not exist
LINE 2: FROM company_name AS cn,
             ^
",
q594,default,1,,,,,,,,,,,,,,error,"relation ""company_name"" does not exist
LINE 2: FROM company_name AS cn,
             ^
",
q594,no_hashjoin,1,,,,,,,,,,,,,,error,"relation ""company_name"" does not exist
LINE 2: FROM company_name AS cn,
             ^
",
q594,no_mergejoin,1,,,,,,,,,,,,,,error,"relation ""company_name"" does not exist
LINE 2: FROM company_name AS cn,
             ^
",
q594,no_nestloop,1,,,,,,,,,,,,,,error,"relation ""company_name"" does not exist
LINE 2: FROM company_name AS cn,
             ^
",
q595,default,1,,,,,,,,,,,,,,error,"relation ""company_name"" does not exist
LINE 2: FROM company_name AS cn,
             ^
",
q595,no_hashjoin,1,,,,,,,,,,,,,,error,"relation ""company_name"" does not exist
LINE 2: FROM company_name AS cn,
             ^
",
q595,no_mergejoin,1,,,,,,,,,,,,,,error,"relation ""company_name"" does not exist
LINE 2: FROM company_name AS cn,
             ^
",
q595,no_nestloop,1,,,,,,,,,,,,,,error,"relation ""company_name"" does not exist
LINE 2: FROM company_name AS cn,
             ^
",
q596,default,1,,,,,,,,,,,,,,error,"relation ""company_name"" does not exist
LINE 2: FROM company_name AS cn,
             ^
",
q596,no_hashjoin,1,,,,,,,,,,,,,,error,"relation ""company_name"" does not exist
LINE 2: FROM company_name AS cn,
             ^
",
q596,no_mergejoin,1,,,,,,,,,,,,,,error,"relation ""company_name"" does not exist
LINE 2: FROM company_name AS cn,
             ^
",
q596,no_nestloop,1,,,,,,,,,,,,,,error,"relation ""company_name"" does not exist
LINE 2: FROM company_name AS cn,
             ^
",
q597,default,1,,,,,,,,,,,,,,error,"relation ""company_name"" does not exist
LINE 2: FROM company_name AS cn,
             ^
",
q597,no_hashjoin,1,,,,,,,,,,,,,,error,"relation ""company_name"" does not exist
LINE 2: FROM company_name AS cn,
             ^
",
q597,no_mergejoin,1,,,,,,,,,,,,,,error,"relation ""company_name"" does not exist
LINE 2: FROM company_name AS cn,
             ^
",
q597,no_nestloop,1,,,,,,,,,,,,,,error,"relation ""company_name"" does not exist
LINE 2: FROM company_name AS cn,
             ^
",
q598,default,1,,,,,,,,,,,,,,error,"relation ""company_name"" does not exist
LINE 2: FROM company_name AS cn,
             ^
",
q598,no_hashjoin,1,,,,,,,,,,,,,,error,"relation ""company_name"" does not exist
LINE 2: FROM company_name AS cn,
             ^
",
q598,no_mergejoin,1,,,,,,,,,,,,,,error,"relation ""company_name"" does not exist
LINE 2: FROM company_name AS cn,
             ^
",
q598,no_nestloop,1,,,,,,,,,,,,,,error,"relation ""company_name"" does not exist
LINE 2: FROM company_name AS cn,
             ^
",
q599,default,1,,,,,,,,,,,,,,error,"relation ""company_name"" does not exist
LINE 2: FROM company_name AS cn,
             ^
",
q599,no_hashjoin,1,,,,,,,,,,,,,,error,"relation ""company_name"" does not exist
LINE 2: FROM company_name AS cn,
             ^
",
q599,no_mergejoin,1,,,,,,,,,,,,,,error,"relation ""company_name"" does not exist
LINE 2: FROM company_name AS cn,
             ^
",
q599,no_nestloop,1,,,,,,,,,,,,,,error,"relation ""company_name"" does not exist
LINE 2: FROM company_name AS cn,
             ^
",
q6,default,1,,,,,,,,,,,,,,error,"relation ""char_name"" does not exist
LINE 3: FROM char_name AS chn,
             ^
",
q6,no_hashjoin,1,,,,,,,,,,,,,,error,"relation ""char_name"" does not exist
LINE 3: FROM char_name AS chn,
             ^
",
q6,no_mergejoin,1,,,,,,,,,,,,,,error,"relation ""char_name"" does not exist
LINE 3: FROM char_name AS chn,
             ^
",
q6,no_nestloop,1,,,,,,,,,,,,,,error,"relation ""char_name"" does not exist
LINE 3: FROM char_name AS chn,
             ^
",
q60,default,1,,,,,,,,,,,,,,error,"relation ""company_name"" does not exist
LINE 4: FROM company_name AS cn,
             ^
",
q60,no_hashjoin,1,,,,,,,,,,,,,,error,"relation ""company_name"" does not exist
LINE 4: FROM company_name AS cn,
             ^
",
q60,no_mergejoin,1,,,,,,,,,,,,,,error,"relation ""company_name"" does not exist
LINE 4: FROM company_name AS cn,
             ^
",
q60,no_nestloop,1,,,,,,,,,,,,,,error,"relation ""company_name"" does not exist
LINE 4: FROM company_name AS cn,
             ^
",
q600,default,1,,,,,,,,,,,,,,error,"relation ""company_name"" does not exist
LINE 2: FROM company_name AS cn,
             ^
",
q600,no_hashjoin,1,,,,,,,,,,,,,,error,"relation ""company_name"" does not exist
LINE 2: FROM company_name AS cn,
             ^
",
q600,no_mergejoin,1,,,,,,,,,,,,,,error,"relation ""company_name"" does not exist
LINE 2: FROM company_name AS cn,
             ^
",
q600,no_nestloop,1,,,,,,,,,,,,,,error,"relation ""company_name"" does not exist
LINE 2: FROM company_name AS cn,
             ^
",
q601,default,1,,,,,,,,,,,,,,error,"relation ""company_name"" does not exist
LINE 2: FROM company_name AS cn,
             ^
",
q601,no_hashjoin,1,,,,,,,,,,,,,,error,"relation ""company_name"" does not exist
LINE 2: FROM company_name AS cn,
             ^
",
q601,no_mergejoin,1,,,,,,,,,,,,,,error,"relation ""company_name"" does not exist
LINE 2: FROM company_name AS cn,
             ^
",
q601,no_nestloop,1,,,,,,,,,,,,,,error,"relation ""company_name"" does not exist
LINE 2: FROM company_name AS cn,
             ^
",
q602,default,1,,,,,,,,,,,,,,error,"relation ""company_name"" does not exist
LINE 2: FROM company_name AS cn,
             ^
",
q602,no_hashjoin,1,,,,,,,,,,,,,,error,"relation ""company_name"" does not exist
LINE 2: FROM company_name AS cn,
             ^
",
q602,no_mergejoin,1,,,,,,,,,,,,,,error,"relation ""company_name"" does not exist
LINE 2: FROM company_name AS cn,
             ^
",
q602,no_nestloop,1,,,,,,,,,,,,,,error,"relation ""company_name"" does not exist
LINE 2: FROM company_name AS cn,
             ^
",
q603,default,1,,,,,,,,,,,,,,error,"relation ""company_name"" does not exist
LINE 2: FROM company_name AS cn,
             ^
",
q603,no_hashjoin,1,,,,,,,,,,,,,,error,"relation ""company_name"" does not exist
LINE 2: FROM company_name AS cn,
             ^
",
q603,no_mergejoin,1,,,,,,,,,,,,,,error,"relation ""company_name"" does not exist
LINE 2: FROM company_name AS cn,
             ^
",
q603,no_nestloop,1,,,,,,,,,,,,,,error,"relation ""company_name"" does not exist
LINE 2: FROM company_name AS cn,
             ^
",
q604,default,1,,,,,,,,,,,,,,error,"relation ""company_name"" does not exist
LINE 2: FROM company_name AS cn,
             ^
",
q604,no_hashjoin,1,,,,,,,,,,,,,,error,"relation ""company_name"" does not exist
LINE 2: FROM company_name AS cn,
             ^
",
q604,no_mergejoin,1,,,,,,,,,,,,,,error,"relation ""company_name"" does not exist
LINE 2: FROM company_name AS cn,
             ^
",
q604,no_nestloop,1,,,,,,,,,,,,,,error,"relation ""company_name"" does not exist
LINE 2: FROM company_name AS cn,
             ^
",
q605,default,1,,,,,,,,,,,,,,error,"relation ""company_name"" does not exist
LINE 2: FROM company_name AS cn,
             ^
",
q605,no_hashjoin,1,,,,,,,,,,,,,,error,"relation ""company_name"" does not exist
LINE 2: FROM company_name AS cn,
             ^
",
q605,no_mergejoin,1,,,,,,,,,,,,,,error,"relation ""company_name"" does not exist
LINE 2: FROM company_name AS cn,
             ^
",
q605,no_nestloop,1,,,,,,,,,,,,,,error,"relation ""company_name"" does not exist
LINE 2: FROM company_name AS cn,
             ^
",
q606,default,1,,,,,,,,,,,,,,error,"relation ""company_name"" does not exist
LINE 2: FROM company_name AS cn,
             ^
",
q606,no_hashjoin,1,,,,,,,,,,,,,,error,"relation ""company_name"" does not exist
LINE 2: FROM company_name AS cn,
             ^
",
q606,no_mergejoin,1,,,,,,,,,,,,,,error,"relation ""company_name"" does not exist
LINE 2: FROM company_name AS cn,
             ^
",
q606,no_nestloop,1,,,,,,,,,,,,,,error,"relation ""company_name"" does not exist
LINE 2: FROM company_name AS cn,
             ^
",
q607,default,1,,,,,,,,,,,,,,error,"relation ""company_name"" does not exist
LINE 2: FROM company_name AS cn,
             ^
",
q607,no_hashjoin,1,,,,,,,,,,,,,,error,"relation ""company_name"" does not exist
LINE 2: FROM company_name AS cn,
             ^
",
q607,no_mergejoin,1,,,,,,,,,,,,,,error,"relation ""company_name"" does not exist
LINE 2: FROM company_name AS cn,
             ^
",
q607,no_nestloop,1,,,,,,,,,,,,,,error,"relation ""company_name"" does not exist
LINE 2: FROM company_name AS cn,
             ^
",
q608,default,1,,,,,,,,,,,,,,error,"relation ""complete_cast"" does not exist
LINE 5: FROM complete_cast AS cc,
             ^
",
q608,no_hashjoin,1,,,,,,,,,,,,,,error,"relation ""complete_cast"" does not exist
LINE 5: FROM complete_cast AS cc,
             ^
",
q608,no_mergejoin,1,,,,,,,,,,,,,,error,"relation ""complete_cast"" does not exist
LINE 5: FROM complete_cast AS cc,
             ^
",
q608,no_nestloop,1,,,,,,,,,,,,,,error,"relation ""complete_cast"" does not exist
LINE 5: FROM complete_cast AS cc,
             ^
",
q609,default,1,,,,,,,,,,,,,,error,"relation ""complete_cast"" does not exist
LINE 5: FROM complete_cast AS cc,
             ^
",
q609,no_hashjoin,1,,,,,,,,,,,,,,error,"relation ""complete_cast"" does not exist
LINE 5: FROM complete_cast AS cc,
             ^
",
q609,no_mergejoin,1,,,,,,,,,,,,,,error,"relation ""complete_cast"" does not exist
LINE 5: FROM complete_cast AS cc,
             ^
",
q609,no_nestloop,1,,,,,,,,,,,,,,error,"relation ""complete_cast"" does not exist
LINE 5: FROM complete_cast AS cc,
             ^
",
q61,default,1,,,,,,,,,,,,,,error,"relation ""company_name"" does not exist
LINE 4: FROM company_name AS cn,
             ^
",
q61,no_hashjoin,1,,,,,,,,,,,,,,error,"relation ""company_name"" does not exist
LINE 4: FROM company_name AS cn,
             ^
",
q61,no_mergejoin,1,,,,,,,,,,,,,,error,"relation ""company_name"" does not exist
LINE 4: FROM company_name AS cn,
             ^
",
q61,no_nestloop,1,,,,,,,,,,,,,,error,"relation ""company_name"" does not exist
LINE 4: FROM company_name AS cn,
             ^
",
q610,default,1,,,,,,,,,,,,,,error,"relation ""complete_cast"" does not exist
LINE 5: FROM complete_cast AS cc,
             ^
",
q610,no_hashjoin,1,,,,,,,,,,,,,,error,"relation ""complete_cast"" does not exist
LINE 5: FROM complete_cast AS cc,
             ^
",
q610,no_mergejoin,1,,,,,,,,,,,,,,error,"relation ""complete_cast"" does not exist
LINE 5: FROM complete_cast AS cc,
             ^
",
q610,no_nestloop,1,,,,,,,,,,,,,,error,"relation ""complete_cast"" does not exist
LINE 5: FROM complete_cast AS cc,
             ^
",
q611,default,1,,,,,,,,,,,,,,error,"relation ""complete_cast"" does not exist
LINE 5: FROM complete_cast AS cc,
             ^
",
q611,no_hashjoin,1,,,,,,,,,,,,,,error,"relation ""complete_cast"" does not exist
LINE 5: FROM complete_cast AS cc,
             ^
",
q611,no_mergejoin,1,,,,,,,,,,,,,,error,"relation ""complete_cast"" does not exist
LINE 5: FROM complete_cast AS cc,
             ^
",
q611,no_nestloop,1,,,,,,,,,,,,,,error,"relation ""complete_cast"" does not exist
LINE 5: FROM complete_cast AS cc,
             ^
",
q612,default,1,,,,,,,,,,,,,,error,"relation ""complete_cast"" does not exist
LINE 5: FROM complete_cast AS cc,
             ^
",
q612,no_hashjoin,1,,,,,,,,,,,,,,error,"relation ""complete_cast"" does not exist
LINE 5: FROM complete_cast AS cc,
             ^
",
q612,no_mergejoin,1,,,,,,,,,,,,,,error,"relation ""complete_cast"" does not exist
LINE 5: FROM complete_cast AS cc,
             ^
",
q612,no_nestloop,1,,,,,,,,,,,,,,error,"relation ""complete_cast"" does not exist
LINE 5: FROM complete_cast AS cc,
             ^
",
q613,default,1,,,,,,,,,,,,,,error,"relation ""complete_cast"" does not exist
LINE 5: FROM complete_cast AS cc,
             ^
",
q613,no_hashjoin,1,,,,,,,,,,,,,,error,"relation ""complete_cast"" does not exist
LINE 5: FROM complete_cast AS cc,
             ^
",
q613,no_mergejoin,1,,,,,,,,,,,,,,error,"relation ""complete_cast"" does not exist
LINE 5: FROM complete_cast AS cc,
             ^
",
q613,no_nestloop,1,,,,,,,,,,,,,,error,"relation ""complete_cast"" does not exist
LINE 5: FROM complete_cast AS cc,
             ^
",
q614,default,1,,,,,,,,,,,,,,error,"relation ""complete_cast"" does not exist
LINE 5: FROM complete_cast AS cc,
             ^
",
q614,no_hashjoin,1,,,,,,,,,,,,,,error,"relation ""complete_cast"" does not exist
LINE 5: FROM complete_cast AS cc,
             ^
",
q614,no_mergejoin,1,,,,,,,,,,,,,,error,"relation ""complete_cast"" does not exist
LINE 5: FROM complete_cast AS cc,
             ^
",
q614,no_nestloop,1,,,,,,,,,,,,,,error,"relation ""complete_cast"" does not exist
LINE 5: FROM complete_cast AS cc,
             ^
",
q615,default,1,,,,,,,,,,,,,,error,"relation ""complete_cast"" does not exist
LINE 5: FROM complete_cast AS cc,
             ^
",
q615,no_hashjoin,1,,,,,,,,,,,,,,error,"relation ""complete_cast"" does not exist
LINE 5: FROM complete_cast AS cc,
             ^
",
q615,no_mergejoin,1,,,,,,,,,,,,,,error,"relation ""complete_cast"" does not exist
LINE 5: FROM complete_cast AS cc,
             ^
",
q615,no_nestloop,1,,,,,,,,,,,,,,error,"relation ""complete_cast"" does not exist
LINE 5: FROM complete_cast AS cc,
             ^
",
q616,default,1,,,,,,,,,,,,,,error,"relation ""complete_cast"" does not exist
LINE 5: FROM complete_cast AS cc,
             ^
",
q616,no_hashjoin,1,,,,,,,,,,,,,,error,"relation ""complete_cast"" does not exist
LINE 5: FROM complete_cast AS cc,
             ^
",
q616,no_mergejoin,1,,,,,,,,,,,,,,error,"relation ""complete_cast"" does not exist
LINE 5: FROM complete_cast AS cc,
             ^
",
q616,no_nestloop,1,,,,,,,,,,,,,,error,"relation ""complete_cast"" does not exist
LINE 5: FROM complete_cast AS cc,
             ^
",
q617,default,1,,,,,,,,,,,,,,error,"relation ""complete_cast"" does not exist
LINE 5: FROM complete_cast AS cc,
             ^
",
q617,no_hashjoin,1,,,,,,,,,,,,,,error,"relation ""complete_cast"" does not exist
LINE 5: FROM complete_cast AS cc,
             ^
",
q617,no_mergejoin,1,,,,,,,,,,,,,,error,"relation ""complete_cast"" does not exist
LINE 5: FROM complete_cast AS cc,
             ^
",
q617,no_nestloop,1,,,,,,,,,,,,,,error,"relation ""complete_cast"" does not exist
LINE 5: FROM complete_cast AS cc,
             ^
",
q618,default,1,,,,,,,,,,,,,,error,"relation ""complete_cast"" does not exist
LINE 5: FROM complete_cast AS cc,
             ^
",
q618,no_hashjoin,1,,,,,,,,,,,,,,error,"relation ""complete_cast"" does not exist
LINE 5: FROM complete_cast AS cc,
             ^
",
q618,no_mergejoin,1,,,,,,,,,,,,,,error,"relation ""complete_cast"" does not exist
LINE 5: FROM complete_cast AS cc,
             ^
",
q618,no_nestloop,1,,,,,,,,,,,,,,error,"relation ""complete_cast"" does not exist
LINE 5: FROM complete_cast AS cc,
             ^
",
q619,default,1,,,,,,,,,,,,,,error,"relation ""complete_cast"" does not exist
LINE 5: FROM complete_cast AS cc,
             ^
",
q619,no_hashjoin,1,,,,,,,,,,,,,,error,"relation ""complete_cast"" does not exist
LINE 5: FROM complete_cast AS cc,
             ^
",
q619,no_mergejoin,1,,,,,,,,,,,,,,error,"relation ""complete_cast"" does not exist
LINE 5: FROM complete_cast AS cc,
             ^
",
q619,no_nestloop,1,,,,,,,,,,,,,,error,"relation ""complete_cast"" does not exist
LINE 5: FROM complete_cast AS cc,
             ^
",
q62,default,1,,,,,,,,,,,,,,error,"relation ""company_name"" does not exist
LINE 4: FROM company_name AS cn,
             ^
",
q62,no_hashjoin,1,,,,,,,,,,,,,,error,"relation ""company_name"" does not exist
LINE 4: FROM company_name AS cn,
             ^
",
q62,no_mergejoin,1,,,,,,,,,,,,,,error,"relation ""company_name"" does not exist
LINE 4: FROM company_name AS cn,
             ^
",
q62,no_nestloop,1,,,,,,,,,,,,,,error,"relation ""company_name"" does not exist
LINE 4: FROM company_name AS cn,
             ^
",
q620,default,1,,,,,,,,,,,,,,error,"relation ""complete_cast"" does not exist
LINE 5: FROM complete_cast AS cc,
             ^
",
q620,no_hashjoin,1,,,,,,,,,,,,,,error,"relation ""complete_cast"" does not exist
LINE 5: FROM complete_cast AS cc,
             ^
",
q620,no_mergejoin,1,,,,,,,,,,,,,,error,"relation ""complete_cast"" does not exist
LINE 5: FROM complete_cast AS cc,
             ^
",
q620,no_nestloop,1,,,,,,,,,,,,,,error,"relation ""complete_cast"" does not exist
LINE 5: FROM complete_cast AS cc,
             ^
",
q621,default,1,,,,,,,,,,,,,,error,"relation ""complete_cast"" does not exist
LINE 5: FROM complete_cast AS cc,
             ^
",
q621,no_hashjoin,1,,,,,,,,,,,,,,error,"relation ""complete_cast"" does not exist
LINE 5: FROM complete_cast AS cc,
             ^
",
q621,no_mergejoin,1,,,,,,,,,,,,,,error,"relation ""complete_cast"" does not exist
LINE 5: FROM complete_cast AS cc,
             ^
",
q621,no_nestloop,1,,,,,,,,,,,,,,error,"relation ""complete_cast"" does not exist
LINE 5: FROM complete_cast AS cc,
             ^
",
q622,default,1,,,,,,,,,,,,,,error,"relation ""complete_cast"" does not exist
LINE 5: FROM complete_cast AS cc,
             ^
",
q622,no_hashjoin,1,,,,,,,,,,,,,,error,"relation ""complete_cast"" does not exist
LINE 5: FROM complete_cast AS cc,
             ^
",
q622,no_mergejoin,1,,,,,,,,,,,,,,error,"relation ""complete_cast"" does not exist
LINE 5: FROM complete_cast AS cc,
             ^
",
q622,no_nestloop,1,,,,,,,,,,,,,,error,"relation ""complete_cast"" does not exist
LINE 5: FROM complete_cast AS cc,
             ^
",
q623,default,1,,,,,,,,,,,,,,error,"relation ""complete_cast"" does not exist
LINE 5: FROM complete_cast AS cc,
             ^
",
q623,no_hashjoin,1,,,,,,,,,,,,,,error,"relation ""complete_cast"" does not exist
LINE 5: FROM complete_cast AS cc,
             ^
",
q623,no_mergejoin,1,,,,,,,,,,,,,,error,"relation ""complete_cast"" does not exist
LINE 5: FROM complete_cast AS cc,
             ^
",
q623,no_nestloop,1,,,,,,,,,,,,,,error,"relation ""complete_cast"" does not exist
LINE 5: FROM complete_cast AS cc,
             ^
",
q624,default,1,,,,,,,,,,,,,,error,"relation ""complete_cast"" does not exist
LINE 5: FROM complete_cast AS cc,
             ^
",
q624,no_hashjoin,1,,,,,,,,,,,,,,error,"relation ""complete_cast"" does not exist
LINE 5: FROM complete_cast AS cc,
             ^
",
q624,no_mergejoin,1,,,,,,,,,,,,,,error,"relation ""complete_cast"" does not exist
LINE 5: FROM complete_cast AS cc,
             ^
",
q624,no_nestloop,1,,,,,,,,,,,,,,error,"relation ""complete_cast"" does not exist
LINE 5: FROM complete_cast AS cc,
             ^
",
q625,default,1,,,,,,,,,,,,,,error,"relation ""complete_cast"" does not exist
LINE 5: FROM complete_cast AS cc,
             ^
",
q625,no_hashjoin,1,,,,,,,,,,,,,,error,"relation ""complete_cast"" does not exist
LINE 5: FROM complete_cast AS cc,
             ^
",
q625,no_mergejoin,1,,,,,,,,,,,,,,error,"relation ""complete_cast"" does not exist
LINE 5: FROM complete_cast AS cc,
             ^
",
q625,no_nestloop,1,,,,,,,,,,,,,,error,"relation ""complete_cast"" does not exist
LINE 5: FROM complete_cast AS cc,
             ^
",
q626,default,1,,,,,,,,,,,,,,error,"relation ""complete_cast"" does not exist
LINE 5: FROM complete_cast AS cc,
             ^
",
q626,no_hashjoin,1,,,,,,,,,,,,,,error,"relation ""complete_cast"" does not exist
LINE 5: FROM complete_cast AS cc,
             ^
",
q626,no_mergejoin,1,,,,,,,,,,,,,,error,"relation ""complete_cast"" does not exist
LINE 5: FROM complete_cast AS cc,
             ^
",
q626,no_nestloop,1,,,,,,,,,,,,,,error,"relation ""complete_cast"" does not exist
LINE 5: FROM complete_cast AS cc,
             ^
",
q627,default,1,,,,,,,,,,,,,,error,"relation ""complete_cast"" does not exist
LINE 5: FROM complete_cast AS cc,
             ^
",
q627,no_hashjoin,1,,,,,,,,,,,,,,error,"relation ""complete_cast"" does not exist
LINE 5: FROM complete_cast AS cc,
             ^
",
q627,no_mergejoin,1,,,,,,,,,,,,,,error,"relation ""complete_cast"" does not exist
LINE 5: FROM complete_cast AS cc,
             ^
",
q627,no_nestloop,1,,,,,,,,,,,,,,error,"relation ""complete_cast"" does not exist
LINE 5: FROM complete_cast AS cc,
             ^
",
q628,default,1,,,,,,,,,,,,,,error,"relation ""complete_cast"" does not exist
LINE 5: FROM complete_cast AS cc,
             ^
",
q628,no_hashjoin,1,,,,,,,,,,,,,,error,"relation ""complete_cast"" does not exist
LINE 5: FROM complete_cast AS cc,
             ^
",
q628,no_mergejoin,1,,,,,,,,,,,,,,error,"relation ""complete_cast"" does not exist
LINE 5: FROM complete_cast AS cc,
             ^
",
q628,no_nestloop,1,,,,,,,,,,,,,,error,"relation ""complete_cast"" does not exist
LINE 5: FROM complete_cast AS cc,
             ^
",
q629,default,1,,,,,,,,,,,,,,error,"relation ""complete_cast"" does not exist
LINE 5: FROM complete_cast AS cc,
             ^
",
q629,no_hashjoin,1,,,,,,,,,,,,,,error,"relation ""complete_cast"" does not exist
LINE 5: FROM complete_cast AS cc,
             ^
",
q629,no_mergejoin,1,,,,,,,,,,,,,,error,"relation ""complete_cast"" does not exist
LINE 5: FROM complete_cast AS cc,
             ^
",
q629,no_nestloop,1,,,,,,,,,,,,,,error,"relation ""complete_cast"" does not exist
LINE 5: FROM complete_cast AS cc,
             ^
",
q63,default,1,,,,,,,,,,,,,,error,"relation ""company_name"" does not exist
LINE 4: FROM company_name AS cn,
             ^
",
q63,no_hashjoin,1,,,,,,,,,,,,,,error,"relation ""company_name"" does not exist
LINE 4: FROM company_name AS cn,
             ^
",
q63,no_mergejoin,1,,,,,,,,,,,,,,error,"relation ""company_name"" does not exist
LINE 4: FROM company_name AS cn,
             ^
",
q63,no_nestloop,1,,,,,,,,,,,,,,error,"relation ""company_name"" does not exist
LINE 4: FROM company_name AS cn,
             ^
",
q630,default,1,,,,,,,,,,,,,,error,"relation ""complete_cast"" does not exist
LINE 5: FROM complete_cast AS cc,
             ^
",
q630,no_hashjoin,1,,,,,,,,,,,,,,error,"relation ""complete_cast"" does not exist
LINE 5: FROM complete_cast AS cc,
             ^
",
q630,no_mergejoin,1,,,,,,,,,,,,,,error,"relation ""complete_cast"" does not exist
LINE 5: FROM complete_cast AS cc,
             ^
",
q630,no_nestloop,1,,,,,,,,,,,,,,error,"relation ""complete_cast"" does not exist
LINE 5: FROM complete_cast AS cc,
             ^
",
q631,default,1,,,,,,,,,,,,,,error,"relation ""complete_cast"" does not exist
LINE 5: FROM complete_cast AS cc,
             ^
",
q631,no_hashjoin,1,,,,,,,,,,,,,,error,"relation ""complete_cast"" does not exist
LINE 5: FROM complete_cast AS cc,
             ^
",
q631,no_mergejoin,1,,,,,,,,,,,,,,error,"relation ""complete_cast"" does not exist
LINE 5: FROM complete_cast AS cc,
             ^
",
q631,no_nestloop,1,,,,,,,,,,,,,,error,"relation ""complete_cast"" does not exist
LINE 5: FROM complete_cast AS cc,
             ^
",
q632,default,1,,,,,,,,,,,,,,error,"relation ""cast_info"" does not exist
LINE 5: FROM cast_info AS ci,
             ^
",
q632,no_hashjoin,1,,,,,,,,,,,,,,error,"relation ""cast_info"" does not exist
LINE 5: FROM cast_info AS ci,
             ^
",
q632,no_mergejoin,1,,,,,,,,,,,,,,error,"relation ""cast_info"" does not exist
LINE 5: FROM cast_info AS ci,
             ^
",
q632,no_nestloop,1,,,,,,,,,,,,,,error,"relation ""cast_info"" does not exist
LINE 5: FROM cast_info AS ci,
             ^
",
q633,default,1,,,,,,,,,,,,,,error,"relation ""cast_info"" does not exist
LINE 5: FROM cast_info AS ci,
             ^
",
q633,no_hashjoin,1,,,,,,,,,,,,,,error,"relation ""cast_info"" does not exist
LINE 5: FROM cast_info AS ci,
             ^
",
q633,no_mergejoin,1,,,,,,,,,,,,,,error,"relation ""cast_info"" does not exist
LINE 5: FROM cast_info AS ci,
             ^
",
q633,no_nestloop,1,,,,,,,,,,,,,,error,"relation ""cast_info"" does not exist
LINE 5: FROM cast_info AS ci,
             ^
",
q634,default,1,,,,,,,,,,,,,,error,"relation ""cast_info"" does not exist
LINE 5: FROM cast_info AS ci,
             ^
",
q634,no_hashjoin,1,,,,,,,,,,,,,,error,"relation ""cast_info"" does not exist
LINE 5: FROM cast_info AS ci,
             ^
",
q634,no_mergejoin,1,,,,,,,,,,,,,,error,"relation ""cast_info"" does not exist
LINE 5: FROM cast_info AS ci,
             ^
",
q634,no_nestloop,1,,,,,,,,,,,,,,error,"relation ""cast_info"" does not exist
LINE 5: FROM cast_info AS ci,
             ^
",
q635,default,1,,,,,,,,,,,,,,error,"relation ""cast_info"" does not exist
LINE 5: FROM cast_info AS ci,
             ^
",
q635,no_hashjoin,1,,,,,,,,,,,,,,error,"relation ""cast_info"" does not exist
LINE 5: FROM cast_info AS ci,
             ^
",
q635,no_mergejoin,1,,,,,,,,,,,,,,error,"relation ""cast_info"" does not exist
LINE 5: FROM cast_info AS ci,
             ^
",
q635,no_nestloop,1,,,,,,,,,,,,,,error,"relation ""cast_info"" does not exist
LINE 5: FROM cast_info AS ci,
             ^
",
q636,default,1,,,,,,,,,,,,,,error,"relation ""cast_info"" does not exist
LINE 5: FROM cast_info AS ci,
             ^
",
q636,no_hashjoin,1,,,,,,,,,,,,,,error,"relation ""cast_info"" does not exist
LINE 5: FROM cast_info AS ci,
             ^
",
q636,no_mergejoin,1,,,,,,,,,,,,,,error,"relation ""cast_info"" does not exist
LINE 5: FROM cast_info AS ci,
             ^
",
q636,no_nestloop,1,,,,,,,,,,,,,,error,"relation ""cast_info"" does not exist
LINE 5: FROM cast_info AS ci,
             ^
",
q637,default,1,,,,,,,,,,,,,,error,"relation ""cast_info"" does not exist
LINE 5: FROM cast_info AS ci,
             ^
",
q637,no_hashjoin,1,,,,,,,,,,,,,,error,"relation ""cast_info"" does not exist
LINE 5: FROM cast_info AS ci,
             ^
",
q637,no_mergejoin,1,,,,,,,,,,,,,,error,"relation ""cast_info"" does not exist
LINE 5: FROM cast_info AS ci,
             ^
",
q637,no_nestloop,1,,,,,,,,,,,,,,error,"relation ""cast_info"" does not exist
LINE 5: FROM cast_info AS ci,
             ^
",
q638,default,1,,,,,,,,,,,,,,error,"relation ""cast_info"" does not exist
LINE 5: FROM cast_info AS ci,
             ^
",
q638,no_hashjoin,1,,,,,,,,,,,,,,error,"relation ""cast_info"" does not exist
LINE 5: FROM cast_info AS ci,
             ^
",
q638,no_mergejoin,1,,,,,,,,,,,,,,error,"relation ""cast_info"" does not exist
LINE 5: FROM cast_info AS ci,
             ^
",
q638,no_nestloop,1,,,,,,,,,,,,,,error,"relation ""cast_info"" does not exist
LINE 5: FROM cast_info AS ci,
             ^
",
q639,default,1,,,,,,,,,,,,,,error,"relation ""cast_info"" does not exist
LINE 5: FROM cast_info AS ci,
             ^
",
q639,no_hashjoin,1,,,,,,,,,,,,,,error,"relation ""cast_info"" does not exist
LINE 5: FROM cast_info AS ci,
             ^
",
q639,no_mergejoin,1,,,,,,,,,,,,,,error,"relation ""cast_info"" does not exist
LINE 5: FROM cast_info AS ci,
             ^
",
q639,no_nestloop,1,,,,,,,,,,,,,,error,"relation ""cast_info"" does not exist
LINE 5: FROM cast_info AS ci,
             ^
",
q64,default,1,,,,,,,,,,,,,,error,"relation ""company_name"" does not exist
LINE 3: FROM company_name AS cn,
             ^
",
q64,no_hashjoin,1,,,,,,,,,,,,,,error,"relation ""company_name"" does not exist
LINE 3: FROM company_name AS cn,
             ^
",
q64,no_mergejoin,1,,,,,,,,,,,,,,error,"relation ""company_name"" does not exist
LINE 3: FROM company_name AS cn,
             ^
",
q64,no_nestloop,1,,,,,,,,,,,,,,error,"relation ""company_name"" does not exist
LINE 3: FROM company_name AS cn,
             ^
",
q640,default,1,,,,,,,,,,,,,,error,"relation ""cast_info"" does not exist
LINE 5: FROM cast_info AS ci,
             ^
",
q640,no_hashjoin,1,,,,,,,,,,,,,,error,"relation ""cast_info"" does not exist
LINE 5: FROM cast_info AS ci,
             ^
",
q640,no_mergejoin,1,,,,,,,,,,,,,,error,"relation ""cast_info"" does not exist
LINE 5: FROM cast_info AS ci,
             ^
",
q640,no_nestloop,1,,,,,,,,,,,,,,error,"relation ""cast_info"" does not exist
LINE 5: FROM cast_info AS ci,
             ^
",
q641,default,1,,,,,,,,,,,,,,error,"relation ""cast_info"" does not exist
LINE 5: FROM cast_info AS ci,
             ^
",
q641,no_hashjoin,1,,,,,,,,,,,,,,error,"relation ""cast_info"" does not exist
LINE 5: FROM cast_info AS ci,
             ^
",
q641,no_mergejoin,1,,,,,,,,,,,,,,error,"relation ""cast_info"" does not exist
LINE 5: FROM cast_info AS ci,
             ^
",
q641,no_nestloop,1,,,,,,,,,,,,,,error,"relation ""cast_info"" does not exist
LINE 5: FROM cast_info AS ci,
             ^
",
q642,default,1,,,,,,,,,,,,,,error,"relation ""cast_info"" does not exist
LINE 5: FROM cast_info AS ci,
             ^
",
q642,no_hashjoin,1,,,,,,,,,,,,,,error,"relation ""cast_info"" does not exist
LINE 5: FROM cast_info AS ci,
             ^
",
q642,no_mergejoin,1,,,,,,,,,,,,,,error,"relation ""cast_info"" does not exist
LINE 5: FROM cast_info AS ci,
             ^
",
q642,no_nestloop,1,,,,,,,,,,,,,,error,"relation ""cast_info"" does not exist
LINE 5: FROM cast_info AS ci,
             ^
",
q643,default,1,,,,,,,,,,,,,,error,"relation ""cast_info"" does not exist
LINE 5: FROM cast_info AS ci,
             ^
",
q643,no_hashjoin,1,,,,,,,,,,,,,,error,"relation ""cast_info"" does not exist
LINE 5: FROM cast_info AS ci,
             ^
",
q643,no_mergejoin,1,,,,,,,,,,,,,,error,"relation ""cast_info"" does not exist
LINE 5: FROM cast_info AS ci,
             ^
",
q643,no_nestloop,1,,,,,,,,,,,,,,error,"relation ""cast_info"" does not exist
LINE 5: FROM cast_info AS ci,
             ^
",
q644,default,1,,,,,,,,,,,,,,error,"relation ""cast_info"" does not exist
LINE 5: FROM cast_info AS ci,
             ^
",
q644,no_hashjoin,1,,,,,,,,,,,,,,error,"relation ""cast_info"" does not exist
LINE 5: FROM cast_info AS ci,
             ^
",
q644,no_mergejoin,1,,,,,,,,,,,,,,error,"relation ""cast_info"" does not exist
LINE 5: FROM cast_info AS ci,
             ^
",
q644,no_nestloop,1,,,,,,,,,,,,,,error,"relation ""cast_info"" does not exist
LINE 5: FROM cast_info AS ci,
             ^
",
q645,default,1,,,,,,,,,,,,,,error,"relation ""cast_info"" does not exist
LINE 5: FROM cast_info AS ci,
             ^
",
q645,no_hashjoin,1,,,,,,,,,,,,,,error,"relation ""cast_info"" does not exist
LINE 5: FROM cast_info AS ci,
             ^
",
q645,no_mergejoin,1,,,,,,,,,,,,,,error,"relation ""cast_info"" does not exist
LINE 5: FROM cast_info AS ci,
             ^
",
q645,no_nestloop,1,,,,,,,,,,,,,,error,"relation ""cast_info"" does not exist
LINE 5: FROM cast_info AS ci,
             ^
",
q646,default,1,,,,,,,,,,,,,,error,"relation ""cast_info"" does not exist
LINE 5: FROM cast_info AS ci,
             ^
",
q646,no_hashjoin,1,,,,,,,,,,,,,,error,"relation ""cast_info"" does not exist
LINE 5: FROM cast_info AS ci,
             ^
",
q646,no_mergejoin,1,,,,,,,,,,,,,,error,"relation ""cast_info"" does not exist
LINE 5: FROM cast_info AS ci,
             ^
",
q646,no_nestloop,1,,,,,,,,,,,,,,error,"relation ""cast_info"" does not exist
LINE 5: FROM cast_info AS ci,
             ^
",
q647,default,1,,,,,,,,,,,,,,error,"relation ""cast_info"" does not exist
LINE 5: FROM cast_info AS ci,
             ^
",
q647,no_hashjoin,1,,,,,,,,,,,,,,error,"relation ""cast_info"" does not exist
LINE 5: FROM cast_info AS ci,
             ^
",
q647,no_mergejoin,1,,,,,,,,,,,,,,error,"relation ""cast_info"" does not exist
LINE 5: FROM cast_info AS ci,
             ^
",
q647,no_nestloop,1,,,,,,,,,,,,,,error,"relation ""cast_info"" does not exist
LINE 5: FROM cast_info AS ci,
             ^
",
q648,default,1,,,,,,,,,,,,,,error,"relation ""cast_info"" does not exist
LINE 5: FROM cast_info AS ci,
             ^
",
q648,no_hashjoin,1,,,,,,,,,,,,,,error,"relation ""cast_info"" does not exist
LINE 5: FROM cast_info AS ci,
             ^
",
q648,no_mergejoin,1,,,,,,,,,,,,,,error,"relation ""cast_info"" does not exist
LINE 5: FROM cast_info AS ci,
             ^
",
q648,no_nestloop,1,,,,,,,,,,,,,,error,"relation ""cast_info"" does not exist
LINE 5: FROM cast_info AS ci,
             ^
",
q649,default,1,,,,,,,,,,,,,,error,"relation ""cast_info"" does not exist
LINE 5: FROM cast_info AS ci,
             ^
",
q649,no_hashjoin,1,,,,,,,,,,,,,,error,"relation ""cast_info"" does not exist
LINE 5: FROM cast_info AS ci,
             ^
",
q649,no_mergejoin,1,,,,,,,,,,,,,,error,"relation ""cast_info"" does not exist
LINE 5: FROM cast_info AS ci,
             ^
",
q649,no_nestloop,1,,,,,,,,,,,,,,error,"relation ""cast_info"" does not exist
LINE 5: FROM cast_info AS ci,
             ^
",
q65,default,1,,,,,,,,,,,,,,error,"relation ""company_name"" does not exist
LINE 3: FROM company_name AS cn,
             ^
",
q65,no_hashjoin,1,,,,,,,,,,,,,,error,"relation ""company_name"" does not exist
LINE 3: FROM company_name AS cn,
             ^
",
q65,no_mergejoin,1,,,,,,,,,,,,,,error,"relation ""company_name"" does not exist
LINE 3: FROM company_name AS cn,
             ^
",
q65,no_nestloop,1,,,,,,,,,,,,,,error,"relation ""company_name"" does not exist
LINE 3: FROM company_name AS cn,
             ^
",
q650,default,1,,,,,,,,,,,,,,error,"relation ""cast_info"" does not exist
LINE 5: FROM cast_info AS ci,
             ^
",
q650,no_hashjoin,1,,,,,,,,,,,,,,error,"relation ""cast_info"" does not exist
LINE 5: FROM cast_info AS ci,
             ^
",
q650,no_mergejoin,1,,,,,,,,,,,,,,error,"relation ""cast_info"" does not exist
LINE 5: FROM cast_info AS ci,
             ^
",
q650,no_nestloop,1,,,,,,,,,,,,,,error,"relation ""cast_info"" does not exist
LINE 5: FROM cast_info AS ci,
             ^
",
q651,default,1,,,,,,,,,,,,,,error,"relation ""cast_info"" does not exist
LINE 5: FROM cast_info AS ci,
             ^
",
q651,no_hashjoin,1,,,,,,,,,,,,,,error,"relation ""cast_info"" does not exist
LINE 5: FROM cast_info AS ci,
             ^
",
q651,no_mergejoin,1,,,,,,,,,,,,,,error,"relation ""cast_info"" does not exist
LINE 5: FROM cast_info AS ci,
             ^
",
q651,no_nestloop,1,,,,,,,,,,,,,,error,"relation ""cast_info"" does not exist
LINE 5: FROM cast_info AS ci,
             ^
",
q652,default,1,,,,,,,,,,,,,,error,"relation ""cast_info"" does not exist
LINE 5: FROM cast_info AS ci,
             ^
",
q652,no_hashjoin,1,,,,,,,,,,,,,,error,"relation ""cast_info"" does not exist
LINE 5: FROM cast_info AS ci,
             ^
",
q652,no_mergejoin,1,,,,,,,,,,,,,,error,"relation ""cast_info"" does not exist
LINE 5: FROM cast_info AS ci,
             ^
",
q652,no_nestloop,1,,,,,,,,,,,,,,error,"relation ""cast_info"" does not exist
LINE 5: FROM cast_info AS ci,
             ^
",
q653,default,1,,,,,,,,,,,,,,error,"relation ""cast_info"" does not exist
LINE 5: FROM cast_info AS ci,
             ^
",
q653,no_hashjoin,1,,,,,,,,,,,,,,error,"relation ""cast_info"" does not exist
LINE 5: FROM cast_info AS ci,
             ^
",
q653,no_mergejoin,1,,,,,,,,,,,,,,error,"relation ""cast_info"" does not exist
LINE 5: FROM cast_info AS ci,
             ^
",
q653,no_nestloop,1,,,,,,,,,,,,,,error,"relation ""cast_info"" does not exist
LINE 5: FROM cast_info AS ci,
             ^
",
q654,default,1,,,,,,,,,,,,,,error,"relation ""cast_info"" does not exist
LINE 5: FROM cast_info AS ci,
             ^
",
q654,no_hashjoin,1,,,,,,,,,,,,,,error,"relation ""cast_info"" does not exist
LINE 5: FROM cast_info AS ci,
             ^
",
q654,no_mergejoin,1,,,,,,,,,,,,,,error,"relation ""cast_info"" does not exist
LINE 5: FROM cast_info AS ci,
             ^
",
q654,no_nestloop,1,,,,,,,,,,,,,,error,"relation ""cast_info"" does not exist
LINE 5: FROM cast_info AS ci,
             ^
",
q655,default,1,,,,,,,,,,,,,,error,"relation ""cast_info"" does not exist
LINE 5: FROM cast_info AS ci,
             ^
",
q655,no_hashjoin,1,,,,,,,,,,,,,,error,"relation ""cast_info"" does not exist
LINE 5: FROM cast_info AS ci,
             ^
",
q655,no_mergejoin,1,,,,,,,,,,,,,,error,"relation ""cast_info"" does not exist
LINE 5: FROM cast_info AS ci,
             ^
",
q655,no_nestloop,1,,,,,,,,,,,,,,error,"relation ""cast_info"" does not exist
LINE 5: FROM cast_info AS ci,
             ^
",
q656,default,1,,,,,,,,,,,,,,error,"relation ""keyword"" does not exist
LINE 4: FROM keyword AS k,
             ^
",
q656,no_hashjoin,1,,,,,,,,,,,,,,error,"relation ""keyword"" does not exist
LINE 4: FROM keyword AS k,
             ^
",
q656,no_mergejoin,1,,,,,,,,,,,,,,error,"relation ""keyword"" does not exist
LINE 4: FROM keyword AS k,
             ^
",
q656,no_nestloop,1,,,,,,,,,,,,,,error,"relation ""keyword"" does not exist
LINE 4: FROM keyword AS k,
             ^
",
q657,default,1,,,,,,,,,,,,,,error,"relation ""keyword"" does not exist
LINE 4: FROM keyword AS k,
             ^
",
q657,no_hashjoin,1,,,,,,,,,,,,,,error,"relation ""keyword"" does not exist
LINE 4: FROM keyword AS k,
             ^
",
q657,no_mergejoin,1,,,,,,,,,,,,,,error,"relation ""keyword"" does not exist
LINE 4: FROM keyword AS k,
             ^
",
q657,no_nestloop,1,,,,,,,,,,,,,,error,"relation ""keyword"" does not exist
LINE 4: FROM keyword AS k,
             ^
",
q658,default,1,,,,,,,,,,,,,,error,"relation ""keyword"" does not exist
LINE 4: FROM keyword AS k,
             ^
",
q658,no_hashjoin,1,,,,,,,,,,,,,,error,"relation ""keyword"" does not exist
LINE 4: FROM keyword AS k,
             ^
",
q658,no_mergejoin,1,,,,,,,,,,,,,,error,"relation ""keyword"" does not exist
LINE 4: FROM keyword AS k,
             ^
",
q658,no_nestloop,1,,,,,,,,,,,,,,error,"relation ""keyword"" does not exist
LINE 4: FROM keyword AS k,
             ^
",
q659,default,1,,,,,,,,,,,,,,error,"relation ""keyword"" does not exist
LINE 4: FROM keyword AS k,
             ^
",
q659,no_hashjoin,1,,,,,,,,,,,,,,error,"relation ""keyword"" does not exist
LINE 4: FROM keyword AS k,
             ^
",
q659,no_mergejoin,1,,,,,,,,,,,,,,error,"relation ""keyword"" does not exist
LINE 4: FROM keyword AS k,
             ^
",
q659,no_nestloop,1,,,,,,,,,,,,,,error,"relation ""keyword"" does not exist
LINE 4: FROM keyword AS k,
             ^
",
q66,default,1,,,,,,,,,,,,,,error,"relation ""company_name"" does not exist
LINE 3: FROM company_name AS cn,
             ^
",
q66,no_hashjoin,1,,,,,,,,,,,,,,error,"relation ""company_name"" does not exist
LINE 3: FROM company_name AS cn,
             ^
",
q66,no_mergejoin,1,,,,,,,,,,,,,,error,"relation ""company_name"" does not exist
LINE 3: FROM company_name AS cn,
             ^
",
q66,no_nestloop,1,,,,,,,,,,,,,,error,"relation ""company_name"" does not exist
LINE 3: FROM company_name AS cn,
             ^
",
q660,default,1,,,,,,,,,,,,,,error,"relation ""keyword"" does not exist
LINE 4: FROM keyword AS k,
             ^
",
q660,no_hashjoin,1,,,,,,,,,,,,,,error,"relation ""keyword"" does not exist
LINE 4: FROM keyword AS k,
             ^
",
q660,no_mergejoin,1,,,,,,,,,,,,,,error,"relation ""keyword"" does not exist
LINE 4: FROM keyword AS k,
             ^
",
q660,no_nestloop,1,,,,,,,,,,,,,,error,"relation ""keyword"" does not exist
LINE 4: FROM keyword AS k,
             ^
",
q661,default,1,,,,,,,,,,,,,,error,"relation ""keyword"" does not exist
LINE 4: FROM keyword AS k,
             ^
",
q661,no_hashjoin,1,,,,,,,,,,,,,,error,"relation ""keyword"" does not exist
LINE 4: FROM keyword AS k,
             ^
",
q661,no_mergejoin,1,,,,,,,,,,,,,,error,"relation ""keyword"" does not exist
LINE 4: FROM keyword AS k,
             ^
",
q661,no_nestloop,1,,,,,,,,,,,,,,error,"relation ""keyword"" does not exist
LINE 4: FROM keyword AS k,
             ^
",
q662,default,1,,,,,,,,,,,,,,error,"relation ""keyword"" does not exist
LINE 4: FROM keyword AS k,
             ^
",
q662,no_hashjoin,1,,,,,,,,,,,,,,error,"relation ""keyword"" does not exist
LINE 4: FROM keyword AS k,
             ^
",
q662,no_mergejoin,1,,,,,,,,,,,,,,error,"relation ""keyword"" does not exist
LINE 4: FROM keyword AS k,
             ^
",
q662,no_nestloop,1,,,,,,,,,,,,,,error,"relation ""keyword"" does not exist
LINE 4: FROM keyword AS k,
             ^
",
q663,default,1,,,,,,,,,,,,,,error,"relation ""keyword"" does not exist
LINE 4: FROM keyword AS k,
             ^
",
q663,no_hashjoin,1,,,,,,,,,,,,,,error,"relation ""keyword"" does not exist
LINE 4: FROM keyword AS k,
             ^
",
q663,no_mergejoin,1,,,,,,,,,,,,,,error,"relation ""keyword"" does not exist
LINE 4: FROM keyword AS k,
             ^
",
q663,no_nestloop,1,,,,,,,,,,,,,,error,"relation ""keyword"" does not exist
LINE 4: FROM keyword AS k,
             ^
",
q664,default,1,,,,,,,,,,,,,,error,"relation ""keyword"" does not exist
LINE 4: FROM keyword AS k,
             ^
",
q664,no_hashjoin,1,,,,,,,,,,,,,,error,"relation ""keyword"" does not exist
LINE 4: FROM keyword AS k,
             ^
",
q664,no_mergejoin,1,,,,,,,,,,,,,,error,"relation ""keyword"" does not exist
LINE 4: FROM keyword AS k,
             ^
",
q664,no_nestloop,1,,,,,,,,,,,,,,error,"relation ""keyword"" does not exist
LINE 4: FROM keyword AS k,
             ^
",
q665,default,1,,,,,,,,,,,,,,error,"relation ""keyword"" does not exist
LINE 4: FROM keyword AS k,
             ^
",
q665,no_hashjoin,1,,,,,,,,,,,,,,error,"relation ""keyword"" does not exist
LINE 4: FROM keyword AS k,
             ^
",
q665,no_mergejoin,1,,,,,,,,,,,,,,error,"relation ""keyword"" does not exist
LINE 4: FROM keyword AS k,
             ^
",
q665,no_nestloop,1,,,,,,,,,,,,,,error,"relation ""keyword"" does not exist
LINE 4: FROM keyword AS k,
             ^
",
q666,default,1,,,,,,,,,,,,,,error,"relation ""keyword"" does not exist
LINE 4: FROM keyword AS k,
             ^
",
q666,no_hashjoin,1,,,,,,,,,,,,,,error,"relation ""keyword"" does not exist
LINE 4: FROM keyword AS k,
             ^
",
q666,no_mergejoin,1,,,,,,,,,,,,,,error,"relation ""keyword"" does not exist
LINE 4: FROM keyword AS k,
             ^
",
q666,no_nestloop,1,,,,,,,,,,,,,,error,"relation ""keyword"" does not exist
LINE 4: FROM keyword AS k,
             ^
",
q667,default,1,,,,,,,,,,,,,,error,"relation ""keyword"" does not exist
LINE 4: FROM keyword AS k,
             ^
",
q667,no_hashjoin,1,,,,,,,,,,,,,,error,"relation ""keyword"" does not exist
LINE 4: FROM keyword AS k,
             ^
",
q667,no_mergejoin,1,,,,,,,,,,,,,,error,"relation ""keyword"" does not exist
LINE 4: FROM keyword AS k,
             ^
",
q667,no_nestloop,1,,,,,,,,,,,,,,error,"relation ""keyword"" does not exist
LINE 4: FROM keyword AS k,
             ^
",
q668,default,1,,,,,,,,,,,,,,error,"relation ""keyword"" does not exist
LINE 4: FROM keyword AS k,
             ^
",
q668,no_hashjoin,1,,,,,,,,,,,,,,error,"relation ""keyword"" does not exist
LINE 4: FROM keyword AS k,
             ^
",
q668,no_mergejoin,1,,,,,,,,,,,,,,error,"relation ""keyword"" does not exist
LINE 4: FROM keyword AS k,
             ^
",
q668,no_nestloop,1,,,,,,,,,,,,,,error,"relation ""keyword"" does not exist
LINE 4: FROM keyword AS k,
             ^
",
q669,default,1,,,,,,,,,,,,,,error,"relation ""keyword"" does not exist
LINE 4: FROM keyword AS k,
             ^
",
q669,no_hashjoin,1,,,,,,,,,,,,,,error,"relation ""keyword"" does not exist
LINE 4: FROM keyword AS k,
             ^
",
q669,no_mergejoin,1,,,,,,,,,,,,,,error,"relation ""keyword"" does not exist
LINE 4: FROM keyword AS k,
             ^
",
q669,no_nestloop,1,,,,,,,,,,,,,,error,"relation ""keyword"" does not exist
LINE 4: FROM keyword AS k,
             ^
",
q67,default,1,,,,,,,,,,,,,,error,"relation ""company_name"" does not exist
LINE 3: FROM company_name AS cn,
             ^
",
q67,no_hashjoin,1,,,,,,,,,,,,,,error,"relation ""company_name"" does not exist
LINE 3: FROM company_name AS cn,
             ^
",
q67,no_mergejoin,1,,,,,,,,,,,,,,error,"relation ""company_name"" does not exist
LINE 3: FROM company_name AS cn,
             ^
",
q67,no_nestloop,1,,,,,,,,,,,,,,error,"relation ""company_name"" does not exist
LINE 3: FROM company_name AS cn,
             ^
",
q670,default,1,,,,,,,,,,,,,,error,"relation ""keyword"" does not exist
LINE 4: FROM keyword AS k,
             ^
",
q670,no_hashjoin,1,,,,,,,,,,,,,,error,"relation ""keyword"" does not exist
LINE 4: FROM keyword AS k,
             ^
",
q670,no_mergejoin,1,,,,,,,,,,,,,,error,"relation ""keyword"" does not exist
LINE 4: FROM keyword AS k,
             ^
",
q670,no_nestloop,1,,,,,,,,,,,,,,error,"relation ""keyword"" does not exist
LINE 4: FROM keyword AS k,
             ^
",
q671,default,1,,,,,,,,,,,,,,error,"relation ""keyword"" does not exist
LINE 4: FROM keyword AS k,
             ^
",
q671,no_hashjoin,1,,,,,,,,,,,,,,error,"relation ""keyword"" does not exist
LINE 4: FROM keyword AS k,
             ^
",
q671,no_mergejoin,1,,,,,,,,,,,,,,error,"relation ""keyword"" does not exist
LINE 4: FROM keyword AS k,
             ^
",
q671,no_nestloop,1,,,,,,,,,,,,,,error,"relation ""keyword"" does not exist
LINE 4: FROM keyword AS k,
             ^
",
q672,default,1,,,,,,,,,,,,,,error,"relation ""company_name"" does not exist
LINE 7: FROM company_name AS cn1,
             ^
",
q672,no_hashjoin,1,,,,,,,,,,,,,,error,"relation ""company_name"" does not exist
LINE 7: FROM company_name AS cn1,
             ^
",
q672,no_mergejoin,1,,,,,,,,,,,,,,error,"relation ""company_name"" does not exist
LINE 7: FROM company_name AS cn1,
             ^
",
q672,no_nestloop,1,,,,,,,,,,,,,,error,"relation ""company_name"" does not exist
LINE 7: FROM company_name AS cn1,
             ^
",
q673,default,1,,,,,,,,,,,,,,error,"relation ""company_name"" does not exist
LINE 7: FROM company_name AS cn1,
             ^
",
q673,no_hashjoin,1,,,,,,,,,,,,,,error,"relation ""company_name"" does not exist
LINE 7: FROM company_name AS cn1,
             ^
",
q673,no_mergejoin,1,,,,,,,,,,,,,,error,"relation ""company_name"" does not exist
LINE 7: FROM company_name AS cn1,
             ^
",
q673,no_nestloop,1,,,,,,,,,,,,,,error,"relation ""company_name"" does not exist
LINE 7: FROM company_name AS cn1,
             ^
",
q674,default,1,,,,,,,,,,,,,,error,"relation ""company_name"" does not exist
LINE 7: FROM company_name AS cn1,
             ^
",
q674,no_hashjoin,1,,,,,,,,,,,,,,error,"relation ""company_name"" does not exist
LINE 7: FROM company_name AS cn1,
             ^
",
q674,no_mergejoin,1,,,,,,,,,,,,,,error,"relation ""company_name"" does not exist
LINE 7: FROM company_name AS cn1,
             ^
",
q674,no_nestloop,1,,,,,,,,,,,,,,error,"relation ""company_name"" does not exist
LINE 7: FROM company_name AS cn1,
             ^
",
q675,default,1,,,,,,,,,,,,,,error,"relation ""company_name"" does not exist
LINE 7: FROM company_name AS cn1,
             ^
",
q675,no_hashjoin,1,,,,,,,,,,,,,,error,"relation ""company_name"" does not exist
LINE 7: FROM company_name AS cn1,
             ^
",
q675,no_mergejoin,1,,,,,,,,,,,,,,error,"relation ""company_name"" does not exist
LINE 7: FROM company_name AS cn1,
             ^
",
q675,no_nestloop,1,,,,,,,,,,,,,,error,"relation ""company_name"" does not exist
LINE 7: FROM company_name AS cn1,
             ^
",
q676,default,1,,,,,,,,,,,,,,error,"relation ""company_name"" does not exist
LINE 7: FROM company_name AS cn1,
             ^
",
q676,no_hashjoin,1,,,,,,,,,,,,,,error,"relation ""company_name"" does not exist
LINE 7: FROM company_name AS cn1,
             ^
",
q676,no_mergejoin,1,,,,,,,,,,,,,,error,"relation ""company_name"" does not exist
LINE 7: FROM company_name AS cn1,
             ^
",
q676,no_nestloop,1,,,,,,,,,,,,,,error,"relation ""company_name"" does not exist
LINE 7: FROM company_name AS cn1,
             ^
",
q677,default,1,,,,,,,,,,,,,,error,"relation ""company_name"" does not exist
LINE 7: FROM company_name AS cn1,
             ^
",
q677,no_hashjoin,1,,,,,,,,,,,,,,error,"relation ""company_name"" does not exist
LINE 7: FROM company_name AS cn1,
             ^
",
q677,no_mergejoin,1,,,,,,,,,,,,,,error,"relation ""company_name"" does not exist
LINE 7: FROM company_name AS cn1,
             ^
",
q677,no_nestloop,1,,,,,,,,,,,,,,error,"relation ""company_name"" does not exist
LINE 7: FROM company_name AS cn1,
             ^
",
q678,default,1,,,,,,,,,,,,,,error,"relation ""company_name"" does not exist
LINE 7: FROM company_name AS cn1,
             ^
",
q678,no_hashjoin,1,,,,,,,,,,,,,,error,"relation ""company_name"" does not exist
LINE 7: FROM company_name AS cn1,
             ^
",
q678,no_mergejoin,1,,,,,,,,,,,,,,error,"relation ""company_name"" does not exist
LINE 7: FROM company_name AS cn1,
             ^
",
q678,no_nestloop,1,,,,,,,,,,,,,,error,"relation ""company_name"" does not exist
LINE 7: FROM company_name AS cn1,
             ^
",
q679,default,1,,,,,,,,,,,,,,error,"relation ""company_name"" does not exist
LINE 7: FROM company_name AS cn1,
             ^
",
q679,no_hashjoin,1,,,,,,,,,,,,,,error,"relation ""company_name"" does not exist
LINE 7: FROM company_name AS cn1,
             ^
",
q679,no_mergejoin,1,,,,,,,,,,,,,,error,"relation ""company_name"" does not exist
LINE 7: FROM company_name AS cn1,
             ^
",
q679,no_nestloop,1,,,,,,,,,,,,,,error,"relation ""company_name"" does not exist
LINE 7: FROM company_name AS cn1,
             ^
",
q68,default,1,,,,,,,,,,,,,,error,"relation ""company_name"" does not exist
LINE 3: FROM company_name AS cn,
             ^
",
q68,no_hashjoin,1,,,,,,,,,,,,,,error,"relation ""company_name"" does not exist
LINE 3: FROM company_name AS cn,
             ^
",
q68,no_mergejoin,1,,,,,,,,,,,,,,error,"relation ""company_name"" does not exist
LINE 3: FROM company_name AS cn,
             ^
",
q68,no_nestloop,1,,,,,,,,,,,,,,error,"relation ""company_name"" does not exist
LINE 3: FROM company_name AS cn,
             ^
",
q680,default,1,,,,,,,,,,,,,,error,"relation ""company_name"" does not exist
LINE 7: FROM company_name AS cn1,
             ^
",
q680,no_hashjoin,1,,,,,,,,,,,,,,error,"relation ""company_name"" does not exist
LINE 7: FROM company_name AS cn1,
             ^
",
q680,no_mergejoin,1,,,,,,,,,,,,,,error,"relation ""company_name"" does not exist
LINE 7: FROM company_name AS cn1,
             ^
",
q680,no_nestloop,1,,,,,,,,,,,,,,error,"relation ""company_name"" does not exist
LINE 7: FROM company_name AS cn1,
             ^
",
q681,default,1,,,,,,,,,,,,,,error,"relation ""company_name"" does not exist
LINE 7: FROM company_name AS cn1,
             ^
",
q681,no_hashjoin,1,,,,,,,,,,,,,,error,"relation ""company_name"" does not exist
LINE 7: FROM company_name AS cn1,
             ^
",
q681,no_mergejoin,1,,,,,,,,,,,,,,error,"relation ""company_name"" does not exist
LINE 7: FROM company_name AS cn1,
             ^
",
q681,no_nestloop,1,,,,,,,,,,,,,,error,"relation ""company_name"" does not exist
LINE 7: FROM company_name AS cn1,
             ^
",
q682,default,1,,,,,,,,,,,,,,error,"relation ""company_name"" does not exist
LINE 7: FROM company_name AS cn1,
             ^
",
q682,no_hashjoin,1,,,,,,,,,,,,,,error,"relation ""company_name"" does not exist
LINE 7: FROM company_name AS cn1,
             ^
",
q682,no_mergejoin,1,,,,,,,,,,,,,,error,"relation ""company_name"" does not exist
LINE 7: FROM company_name AS cn1,
             ^
",
q682,no_nestloop,1,,,,,,,,,,,,,,error,"relation ""company_name"" does not exist
LINE 7: FROM company_name AS cn1,
             ^
",
q683,default,1,,,,,,,,,,,,,,error,"relation ""company_name"" does not exist
LINE 7: FROM company_name AS cn1,
             ^
",
q683,no_hashjoin,1,,,,,,,,,,,,,,error,"relation ""company_name"" does not exist
LINE 7: FROM company_name AS cn1,
             ^
",
q683,no_mergejoin,1,,,,,,,,,,,,,,error,"relation ""company_name"" does not exist
LINE 7: FROM company_name AS cn1,
             ^
",
q683,no_nestloop,1,,,,,,,,,,,,,,error,"relation ""company_name"" does not exist
LINE 7: FROM company_name AS cn1,
             ^
",
q684,default,1,,,,,,,,,,,,,,error,"relation ""company_name"" does not exist
LINE 7: FROM company_name AS cn1,
             ^
",
q684,no_hashjoin,1,,,,,,,,,,,,,,error,"relation ""company_name"" does not exist
LINE 7: FROM company_name AS cn1,
             ^
",
q684,no_mergejoin,1,,,,,,,,,,,,,,error,"relation ""company_name"" does not exist
LINE 7: FROM company_name AS cn1,
             ^
",
q684,no_nestloop,1,,,,,,,,,,,,,,error,"relation ""company_name"" does not exist
LINE 7: FROM company_name AS cn1,
             ^
",
q685,default,1,,,,,,,,,,,,,,error,"relation ""company_name"" does not exist
LINE 7: FROM company_name AS cn1,
             ^
",
q685,no_hashjoin,1,,,,,,,,,,,,,,error,"relation ""company_name"" does not exist
LINE 7: FROM company_name AS cn1,
             ^
",
q685,no_mergejoin,1,,,,,,,,,,,,,,error,"relation ""company_name"" does not exist
LINE 7: FROM company_name AS cn1,
             ^
",
q685,no_nestloop,1,,,,,,,,,,,,,,error,"relation ""company_name"" does not exist
LINE 7: FROM company_name AS cn1,
             ^
",
q686,default,1,,,,,,,,,,,,,,error,"relation ""company_name"" does not exist
LINE 7: FROM company_name AS cn1,
             ^
",
q686,no_hashjoin,1,,,,,,,,,,,,,,error,"relation ""company_name"" does not exist
LINE 7: FROM company_name AS cn1,
             ^
",
q686,no_mergejoin,1,,,,,,,,,,,,,,error,"relation ""company_name"" does not exist
LINE 7: FROM company_name AS cn1,
             ^
",
q686,no_nestloop,1,,,,,,,,,,,,,,error,"relation ""company_name"" does not exist
LINE 7: FROM company_name AS cn1,
             ^
",
q687,default,1,,,,,,,,,,,,,,error,"relation ""company_name"" does not exist
LINE 7: FROM company_name AS cn1,
             ^
",
q687,no_hashjoin,1,,,,,,,,,,,,,,error,"relation ""company_name"" does not exist
LINE 7: FROM company_name AS cn1,
             ^
",
q687,no_mergejoin,1,,,,,,,,,,,,,,error,"relation ""company_name"" does not exist
LINE 7: FROM company_name AS cn1,
             ^
",
q687,no_nestloop,1,,,,,,,,,,,,,,error,"relation ""company_name"" does not exist
LINE 7: FROM company_name AS cn1,
             ^
",
q688,default,1,,,,,,,,,,,,,,error,"relation ""company_name"" does not exist
LINE 7: FROM company_name AS cn1,
             ^
",
q688,no_hashjoin,1,,,,,,,,,,,,,,error,"relation ""company_name"" does not exist
LINE 7: FROM company_name AS cn1,
             ^
",
q688,no_mergejoin,1,,,,,,,,,,,,,,error,"relation ""company_name"" does not exist
LINE 7: FROM company_name AS cn1,
             ^
",
q688,no_nestloop,1,,,,,,,,,,,,,,error,"relation ""company_name"" does not exist
LINE 7: FROM company_name AS cn1,
             ^
",
q689,default,1,,,,,,,,,,,,,,error,"relation ""company_name"" does not exist
LINE 7: FROM company_name AS cn1,
             ^
",
q689,no_hashjoin,1,,,,,,,,,,,,,,error,"relation ""company_name"" does not exist
LINE 7: FROM company_name AS cn1,
             ^
",
q689,no_mergejoin,1,,,,,,,,,,,,,,error,"relation ""company_name"" does not exist
LINE 7: FROM company_name AS cn1,
             ^
",
q689,no_nestloop,1,,,,,,,,,,,,,,error,"relation ""company_name"" does not exist
LINE 7: FROM company_name AS cn1,
             ^
",
q69,default,1,,,,,,,,,,,,,,error,"relation ""company_name"" does not exist
LINE 3: FROM company_name AS cn,
             ^
",
q69,no_hashjoin,1,,,,,,,,,,,,,,error,"relation ""company_name"" does not exist
LINE 3: FROM company_name AS cn,
             ^
",
q69,no_mergejoin,1,,,,,,,,,,,,,,error,"relation ""company_name"" does not exist
LINE 3: FROM company_name AS cn,
             ^
",
q69,no_nestloop,1,,,,,,,,,,,,,,error,"relation ""company_name"" does not exist
LINE 3: FROM company_name AS cn,
             ^
",
q690,default,1,,,,,,,,,,,,,,error,"relation ""company_name"" does not exist
LINE 7: FROM company_name AS cn1,
             ^
",
q690,no_hashjoin,1,,,,,,,,,,,,,,error,"relation ""company_name"" does not exist
LINE 7: FROM company_name AS cn1,
             ^
",
q690,no_mergejoin,1,,,,,,,,,,,,,,error,"relation ""company_name"" does not exist
LINE 7: FROM company_name AS cn1,
             ^
",
q690,no_nestloop,1,,,,,,,,,,,,,,error,"relation ""company_name"" does not exist
LINE 7: FROM company_name AS cn1,
             ^
",
q691,default,1,,,,,,,,,,,,,,error,"relation ""company_name"" does not exist
LINE 7: FROM company_name AS cn1,
             ^
",
q691,no_hashjoin,1,,,,,,,,,,,,,,error,"relation ""company_name"" does not exist
LINE 7: FROM company_name AS cn1,
             ^
",
q691,no_mergejoin,1,,,,,,,,,,,,,,error,"relation ""company_name"" does not exist
LINE 7: FROM company_name AS cn1,
             ^
",
q691,no_nestloop,1,,,,,,,,,,,,,,error,"relation ""company_name"" does not exist
LINE 7: FROM company_name AS cn1,
             ^
",
q692,default,1,,,,,,,,,,,,,,error,"relation ""company_name"" does not exist
LINE 7: FROM company_name AS cn1,
             ^
",
q692,no_hashjoin,1,,,,,,,,,,,,,,error,"relation ""company_name"" does not exist
LINE 7: FROM company_name AS cn1,
             ^
",
q692,no_mergejoin,1,,,,,,,,,,,,,,error,"relation ""company_name"" does not exist
LINE 7: FROM company_name AS cn1,
             ^
",
q692,no_nestloop,1,,,,,,,,,,,,,,error,"relation ""company_name"" does not exist
LINE 7: FROM company_name AS cn1,
             ^
",
q693,default,1,,,,,,,,,,,,,,error,"relation ""company_name"" does not exist
LINE 7: FROM company_name AS cn1,
             ^
",
q693,no_hashjoin,1,,,,,,,,,,,,,,error,"relation ""company_name"" does not exist
LINE 7: FROM company_name AS cn1,
             ^
",
q693,no_mergejoin,1,,,,,,,,,,,,,,error,"relation ""company_name"" does not exist
LINE 7: FROM company_name AS cn1,
             ^
",
q693,no_nestloop,1,,,,,,,,,,,,,,error,"relation ""company_name"" does not exist
LINE 7: FROM company_name AS cn1,
             ^
",
q694,default,1,,,,,,,,,,,,,,error,"relation ""company_name"" does not exist
LINE 7: FROM company_name AS cn1,
             ^
",
q694,no_hashjoin,1,,,,,,,,,,,,,,error,"relation ""company_name"" does not exist
LINE 7: FROM company_name AS cn1,
             ^
",
q694,no_mergejoin,1,,,,,,,,,,,,,,error,"relation ""company_name"" does not exist
LINE 7: FROM company_name AS cn1,
             ^
",
q694,no_nestloop,1,,,,,,,,,,,,,,error,"relation ""company_name"" does not exist
LINE 7: FROM company_name AS cn1,
             ^
",
q695,default,1,,,,,,,,,,,,,,error,"relation ""company_name"" does not exist
LINE 7: FROM company_name AS cn1,
             ^
",
q695,no_hashjoin,1,,,,,,,,,,,,,,error,"relation ""company_name"" does not exist
LINE 7: FROM company_name AS cn1,
             ^
",
q695,no_mergejoin,1,,,,,,,,,,,,,,error,"relation ""company_name"" does not exist
LINE 7: FROM company_name AS cn1,
             ^
",
q695,no_nestloop,1,,,,,,,,,,,,,,error,"relation ""company_name"" does not exist
LINE 7: FROM company_name AS cn1,
             ^
",
q696,default,1,,,,,,,,,,,,,,error,"relation ""keyword"" does not exist
LINE 2: FROM keyword AS k,
             ^
",
q696,no_hashjoin,1,,,,,,,,,,,,,,error,"relation ""keyword"" does not exist
LINE 2: FROM keyword AS k,
             ^
",
q696,no_mergejoin,1,,,,,,,,,,,,,,error,"relation ""keyword"" does not exist
LINE 2: FROM keyword AS k,
             ^
",
q696,no_nestloop,1,,,,,,,,,,,,,,error,"relation ""keyword"" does not exist
LINE 2: FROM keyword AS k,
             ^
",
q697,default,1,,,,,,,,,,,,,,error,"relation ""keyword"" does not exist
LINE 2: FROM keyword AS k,
             ^
",
q697,no_hashjoin,1,,,,,,,,,,,,,,error,"relation ""keyword"" does not exist
LINE 2: FROM keyword AS k,
             ^
",
q697,no_mergejoin,1,,,,,,,,,,,,,,error,"relation ""keyword"" does not exist
LINE 2: FROM keyword AS k,
             ^
",
q697,no_nestloop,1,,,,,,,,,,,,,,error,"relation ""keyword"" does not exist
LINE 2: FROM keyword AS k,
             ^
",
q698,default,1,,,,,,,,,,,,,,error,"relation ""keyword"" does not exist
LINE 2: FROM keyword AS k,
             ^
",
q698,no_hashjoin,1,,,,,,,,,,,,,,error,"relation ""keyword"" does not exist
LINE 2: FROM keyword AS k,
             ^
",
q698,no_mergejoin,1,,,,,,,,,,,,,,error,"relation ""keyword"" does not exist
LINE 2: FROM keyword AS k,
             ^
",
q698,no_nestloop,1,,,,,,,,,,,,,,error,"relation ""keyword"" does not exist
LINE 2: FROM keyword AS k,
             ^
",
q699,default,1,,,,,,,,,,,,,,error,"relation ""keyword"" does not exist
LINE 2: FROM keyword AS k,
             ^
",
q699,no_hashjoin,1,,,,,,,,,,,,,,error,"relation ""keyword"" does not exist
LINE 2: FROM keyword AS k,
             ^
",
q699,no_mergejoin,1,,,,,,,,,,,,,,error,"relation ""keyword"" does not exist
LINE 2: FROM keyword AS k,
             ^
",
q699,no_nestloop,1,,,,,,,,,,,,,,error,"relation ""keyword"" does not exist
LINE 2: FROM keyword AS k,
             ^
",
q7,default,1,,,,,,,,,,,,,,error,"relation ""char_name"" does not exist
LINE 3: FROM char_name AS chn,
             ^
",
q7,no_hashjoin,1,,,,,,,,,,,,,,error,"relation ""char_name"" does not exist
LINE 3: FROM char_name AS chn,
             ^
",
q7,no_mergejoin,1,,,,,,,,,,,,,,error,"relation ""char_name"" does not exist
LINE 3: FROM char_name AS chn,
             ^
",
q7,no_nestloop,1,,,,,,,,,,,,,,error,"relation ""char_name"" does not exist
LINE 3: FROM char_name AS chn,
             ^
",
q70,default,1,,,,,,,,,,,,,,error,"relation ""company_name"" does not exist
LINE 3: FROM company_name AS cn,
             ^
",
q70,no_hashjoin,1,,,,,,,,,,,,,,error,"relation ""company_name"" does not exist
LINE 3: FROM company_name AS cn,
             ^
",
q70,no_mergejoin,1,,,,,,,,,,,,,,error,"relation ""company_name"" does not exist
LINE 3: FROM company_name AS cn,
             ^
",
q70,no_nestloop,1,,,,,,,,,,,,,,error,"relation ""company_name"" does not exist
LINE 3: FROM company_name AS cn,
             ^
",
q700,default,1,,,,,,,,,,,,,,error,"relation ""keyword"" does not exist
LINE 2: FROM keyword AS k,
             ^
",
q700,no_hashjoin,1,,,,,,,,,,,,,,error,"relation ""keyword"" does not exist
LINE 2: FROM keyword AS k,
             ^
",
q700,no_mergejoin,1,,,,,,,,,,,,,,error,"relation ""keyword"" does not exist
LINE 2: FROM keyword AS k,
             ^
",
q700,no_nestloop,1,,,,,,,,,,,,,,error,"relation ""keyword"" does not exist
LINE 2: FROM keyword AS k,
             ^
",
q701,default,1,,,,,,,,,,,,,,error,"relation ""keyword"" does not exist
LINE 2: FROM keyword AS k,
             ^
",
q701,no_hashjoin,1,,,,,,,,,,,,,,error,"relation ""keyword"" does not exist
LINE 2: FROM keyword AS k,
             ^
",
q701,no_mergejoin,1,,,,,,,,,,,,,,error,"relation ""keyword"" does not exist
LINE 2: FROM keyword AS k,
             ^
",
q701,no_nestloop,1,,,,,,,,,,,,,,error,"relation ""keyword"" does not exist
LINE 2: FROM keyword AS k,
             ^
",
q702,default,1,,,,,,,,,,,,,,error,"relation ""keyword"" does not exist
LINE 2: FROM keyword AS k,
             ^
",
q702,no_hashjoin,1,,,,,,,,,,,,,,error,"relation ""keyword"" does not exist
LINE 2: FROM keyword AS k,
             ^
",
q702,no_mergejoin,1,,,,,,,,,,,,,,error,"relation ""keyword"" does not exist
LINE 2: FROM keyword AS k,
             ^
",
q702,no_nestloop,1,,,,,,,,,,,,,,error,"relation ""keyword"" does not exist
LINE 2: FROM keyword AS k,
             ^
",
q703,default,1,,,,,,,,,,,,,,error,"relation ""keyword"" does not exist
LINE 2: FROM keyword AS k,
             ^
",
q703,no_hashjoin,1,,,,,,,,,,,,,,error,"relation ""keyword"" does not exist
LINE 2: FROM keyword AS k,
             ^
",
q703,no_mergejoin,1,,,,,,,,,,,,,,error,"relation ""keyword"" does not exist
LINE 2: FROM keyword AS k,
             ^
",
q703,no_nestloop,1,,,,,,,,,,,,,,error,"relation ""keyword"" does not exist
LINE 2: FROM keyword AS k,
             ^
",
q704,default,1,,,,,,,,,,,,,,error,"relation ""keyword"" does not exist
LINE 2: FROM keyword AS k,
             ^
",
q704,no_hashjoin,1,,,,,,,,,,,,,,error,"relation ""keyword"" does not exist
LINE 2: FROM keyword AS k,
             ^
",
q704,no_mergejoin,1,,,,,,,,,,,,,,error,"relation ""keyword"" does not exist
LINE 2: FROM keyword AS k,
             ^
",
q704,no_nestloop,1,,,,,,,,,,,,,,error,"relation ""keyword"" does not exist
LINE 2: FROM keyword AS k,
             ^
",
q705,default,1,,,,,,,,,,,,,,error,"relation ""keyword"" does not exist
LINE 2: FROM keyword AS k,
             ^
",
q705,no_hashjoin,1,,,,,,,,,,,,,,error,"relation ""keyword"" does not exist
LINE 2: FROM keyword AS k,
             ^
",
q705,no_mergejoin,1,,,,,,,,,,,,,,error,"relation ""keyword"" does not exist
LINE 2: FROM keyword AS k,
             ^
",
q705,no_nestloop,1,,,,,,,,,,,,,,error,"relation ""keyword"" does not exist
LINE 2: FROM keyword AS k,
             ^
",
q706,default,1,,,,,,,,,,,,,,error,"relation ""keyword"" does not exist
LINE 2: FROM keyword AS k,
             ^
",
q706,no_hashjoin,1,,,,,,,,,,,,,,error,"relation ""keyword"" does not exist
LINE 2: FROM keyword AS k,
             ^
",
q706,no_mergejoin,1,,,,,,,,,,,,,,error,"relation ""keyword"" does not exist
LINE 2: FROM keyword AS k,
             ^
",
q706,no_nestloop,1,,,,,,,,,,,,,,error,"relation ""keyword"" does not exist
LINE 2: FROM keyword AS k,
             ^
",
q707,default,1,,,,,,,,,,,,,,error,"relation ""keyword"" does not exist
LINE 2: FROM keyword AS k,
             ^
",
q707,no_hashjoin,1,,,,,,,,,,,,,,error,"relation ""keyword"" does not exist
LINE 2: FROM keyword AS k,
             ^
",
q707,no_mergejoin,1,,,,,,,,,,,,,,error,"relation ""keyword"" does not exist
LINE 2: FROM keyword AS k,
             ^
",
q707,no_nestloop,1,,,,,,,,,,,,,,error,"relation ""keyword"" does not exist
LINE 2: FROM keyword AS k,
             ^
",
q708,default,1,,,,,,,,,,,,,,error,"relation ""keyword"" does not exist
LINE 2: FROM keyword AS k,
             ^
",
q708,no_hashjoin,1,,,,,,,,,,,,,,error,"relation ""keyword"" does not exist
LINE 2: FROM keyword AS k,
             ^
",
q708,no_mergejoin,1,,,,,,,,,,,,,,error,"relation ""keyword"" does not exist
LINE 2: FROM keyword AS k,
             ^
",
q708,no_nestloop,1,,,,,,,,,,,,,,error,"relation ""keyword"" does not exist
LINE 2: FROM keyword AS k,
             ^
",
q709,default,1,,,,,,,,,,,,,,error,"relation ""keyword"" does not exist
LINE 2: FROM keyword AS k,
             ^
",
q709,no_hashjoin,1,,,,,,,,,,,,,,error,"relation ""keyword"" does not exist
LINE 2: FROM keyword AS k,
             ^
",
q709,no_mergejoin,1,,,,,,,,,,,,,,error,"relation ""keyword"" does not exist
LINE 2: FROM keyword AS k,
             ^
",
q709,no_nestloop,1,,,,,,,,,,,,,,error,"relation ""keyword"" does not exist
LINE 2: FROM keyword AS k,
             ^
",
q71,default,1,,,,,,,,,,,,,,error,"relation ""company_name"" does not exist
LINE 3: FROM company_name AS cn,
             ^
",
q71,no_hashjoin,1,,,,,,,,,,,,,,error,"relation ""company_name"" does not exist
LINE 3: FROM company_name AS cn,
             ^
",
q71,no_mergejoin,1,,,,,,,,,,,,,,error,"relation ""company_name"" does not exist
LINE 3: FROM company_name AS cn,
             ^
",
q71,no_nestloop,1,,,,,,,,,,,,,,error,"relation ""company_name"" does not exist
LINE 3: FROM company_name AS cn,
             ^
",
q710,default,1,,,,,,,,,,,,,,error,"relation ""keyword"" does not exist
LINE 2: FROM keyword AS k,
             ^
",
q710,no_hashjoin,1,,,,,,,,,,,,,,error,"relation ""keyword"" does not exist
LINE 2: FROM keyword AS k,
             ^
",
q710,no_mergejoin,1,,,,,,,,,,,,,,error,"relation ""keyword"" does not exist
LINE 2: FROM keyword AS k,
             ^
",
q710,no_nestloop,1,,,,,,,,,,,,,,error,"relation ""keyword"" does not exist
LINE 2: FROM keyword AS k,
             ^
",
q711,default,1,,,,,,,,,,,,,,error,"relation ""keyword"" does not exist
LINE 2: FROM keyword AS k,
             ^
",
q711,no_hashjoin,1,,,,,,,,,,,,,,error,"relation ""keyword"" does not exist
LINE 2: FROM keyword AS k,
             ^
",
q711,no_mergejoin,1,,,,,,,,,,,,,,error,"relation ""keyword"" does not exist
LINE 2: FROM keyword AS k,
             ^
",
q711,no_nestloop,1,,,,,,,,,,,,,,error,"relation ""keyword"" does not exist
LINE 2: FROM keyword AS k,
             ^
",
q712,default,1,,,,,,,,,,,,,,error,"relation ""keyword"" does not exist
LINE 2: FROM keyword AS k,
             ^
",
q712,no_hashjoin,1,,,,,,,,,,,,,,error,"relation ""keyword"" does not exist
LINE 2: FROM keyword AS k,
             ^
",
q712,no_mergejoin,1,,,,,,,,,,,,,,error,"relation ""keyword"" does not exist
LINE 2: FROM keyword AS k,
             ^
",
q712,no_nestloop,1,,,,,,,,,,,,,,error,"relation ""keyword"" does not exist
LINE 2: FROM keyword AS k,
             ^
",
q713,default,1,,,,,,,,,,,,,,error,"relation ""keyword"" does not exist
LINE 2: FROM keyword AS k,
             ^
",
q713,no_hashjoin,1,,,,,,,,,,,,,,error,"relation ""keyword"" does not exist
LINE 2: FROM keyword AS k,
             ^
",
q713,no_mergejoin,1,,,,,,,,,,,,,,error,"relation ""keyword"" does not exist
LINE 2: FROM keyword AS k,
             ^
",
q713,no_nestloop,1,,,,,,,,,,,,,,error,"relation ""keyword"" does not exist
LINE 2: FROM keyword AS k,
             ^
",
q714,default,1,,,,,,,,,,,,,,error,"relation ""keyword"" does not exist
LINE 2: FROM keyword AS k,
             ^
",
q714,no_hashjoin,1,,,,,,,,,,,,,,error,"relation ""keyword"" does not exist
LINE 2: FROM keyword AS k,
             ^
",
q714,no_mergejoin,1,,,,,,,,,,,,,,error,"relation ""keyword"" does not exist
LINE 2: FROM keyword AS k,
             ^
",
q714,no_nestloop,1,,,,,,,,,,,,,,error,"relation ""keyword"" does not exist
LINE 2: FROM keyword AS k,
             ^
",
q715,default,1,,,,,,,,,,,,,,error,"relation ""keyword"" does not exist
LINE 2: FROM keyword AS k,
             ^
",
q715,no_hashjoin,1,,,,,,,,,,,,,,error,"relation ""keyword"" does not exist
LINE 2: FROM keyword AS k,
             ^
",
q715,no_mergejoin,1,,,,,,,,,,,,,,error,"relation ""keyword"" does not exist
LINE 2: FROM keyword AS k,
             ^
",
q715,no_nestloop,1,,,,,,,,,,,,,,error,"relation ""keyword"" does not exist
LINE 2: FROM keyword AS k,
             ^
",
q716,default,1,,,,,,,,,,,,,,error,"relation ""keyword"" does not exist
LINE 2: FROM keyword AS k,
             ^
",
q716,no_hashjoin,1,,,,,,,,,,,,,,error,"relation ""keyword"" does not exist
LINE 2: FROM keyword AS k,
             ^
",
q716,no_mergejoin,1,,,,,,,,,,,,,,error,"relation ""keyword"" does not exist
LINE 2: FROM keyword AS k,
             ^
",
q716,no_nestloop,1,,,,,,,,,,,,,,error,"relation ""keyword"" does not exist
LINE 2: FROM keyword AS k,
             ^
",
q717,default,1,,,,,,,,,,,,,,error,"relation ""keyword"" does not exist
LINE 2: FROM keyword AS k,
             ^
",
q717,no_hashjoin,1,,,,,,,,,,,,,,error,"relation ""keyword"" does not exist
LINE 2: FROM keyword AS k,
             ^
",
q717,no_mergejoin,1,,,,,,,,,,,,,,error,"relation ""keyword"" does not exist
LINE 2: FROM keyword AS k,
             ^
",
q717,no_nestloop,1,,,,,,,,,,,,,,error,"relation ""keyword"" does not exist
LINE 2: FROM keyword AS k,
             ^
",
q718,default,1,,,,,,,,,,,,,,error,"relation ""keyword"" does not exist
LINE 2: FROM keyword AS k,
             ^
",
q718,no_hashjoin,1,,,,,,,,,,,,,,error,"relation ""keyword"" does not exist
LINE 2: FROM keyword AS k,
             ^
",
q718,no_mergejoin,1,,,,,,,,,,,,,,error,"relation ""keyword"" does not exist
LINE 2: FROM keyword AS k,
             ^
",
q718,no_nestloop,1,,,,,,,,,,,,,,error,"relation ""keyword"" does not exist
LINE 2: FROM keyword AS k,
             ^
",
q719,default,1,,,,,,,,,,,,,,error,"relation ""keyword"" does not exist
LINE 2: FROM keyword AS k,
             ^
",
q719,no_hashjoin,1,,,,,,,,,,,,,,error,"relation ""keyword"" does not exist
LINE 2: FROM keyword AS k,
             ^
",
q719,no_mergejoin,1,,,,,,,,,,,,,,error,"relation ""keyword"" does not exist
LINE 2: FROM keyword AS k,
             ^
",
q719,no_nestloop,1,,,,,,,,,,,,,,error,"relation ""keyword"" does not exist
LINE 2: FROM keyword AS k,
             ^
",
q72,default,1,,,,,,,,,,,,,,error,"relation ""company_name"" does not exist
LINE 4: FROM company_name AS cn,
             ^
",
q72,no_hashjoin,1,,,,,,,,,,,,,,error,"relation ""company_name"" does not exist
LINE 4: FROM company_name AS cn,
             ^
",
q72,no_mergejoin,1,,,,,,,,,,,,,,error,"relation ""company_name"" does not exist
LINE 4: FROM company_name AS cn,
             ^
",
q72,no_nestloop,1,,,,,,,,,,,,,,error,"relation ""company_name"" does not exist
LINE 4: FROM company_name AS cn,
             ^
",
q720,default,1,,,,,,,,,,,,,,error,"relation ""info_type"" does not exist
LINE 3: FROM info_type AS it,
             ^
",
q720,no_hashjoin,1,,,,,,,,,,,,,,error,"relation ""info_type"" does not exist
LINE 3: FROM info_type AS it,
             ^
",
q720,no_mergejoin,1,,,,,,,,,,,,,,error,"relation ""info_type"" does not exist
LINE 3: FROM info_type AS it,
             ^
",
q720,no_nestloop,1,,,,,,,,,,,,,,error,"relation ""info_type"" does not exist
LINE 3: FROM info_type AS it,
             ^
",
q721,default,1,,,,,,,,,,,,,,error,"relation ""info_type"" does not exist
LINE 3: FROM info_type AS it,
             ^
",
q721,no_hashjoin,1,,,,,,,,,,,,,,error,"relation ""info_type"" does not exist
LINE 3: FROM info_type AS it,
             ^
",
q721,no_mergejoin,1,,,,,,,,,,,,,,error,"relation ""info_type"" does not exist
LINE 3: FROM info_type AS it,
             ^
",
q721,no_nestloop,1,,,,,,,,,,,,,,error,"relation ""info_type"" does not exist
LINE 3: FROM info_type AS it,
             ^
",
q722,default,1,,,,,,,,,,,,,,error,"relation ""info_type"" does not exist
LINE 3: FROM info_type AS it,
             ^
",
q722,no_hashjoin,1,,,,,,,,,,,,,,error,"relation ""info_type"" does not exist
LINE 3: FROM info_type AS it,
             ^
",
q722,no_mergejoin,1,,,,,,,,,,,,,,error,"relation ""info_type"" does not exist
LINE 3: FROM info_type AS it,
             ^
",
q722,no_nestloop,1,,,,,,,,,,,,,,error,"relation ""info_type"" does not exist
LINE 3: FROM info_type AS it,
             ^
",
q723,default,1,,,,,,,,,,,,,,error,"relation ""info_type"" does not exist
LINE 3: FROM info_type AS it,
             ^
",
q723,no_hashjoin,1,,,,,,,,,,,,,,error,"relation ""info_type"" does not exist
LINE 3: FROM info_type AS it,
             ^
",
q723,no_mergejoin,1,,,,,,,,,,,,,,error,"relation ""info_type"" does not exist
LINE 3: FROM info_type AS it,
             ^
",
q723,no_nestloop,1,,,,,,,,,,,,,,error,"relation ""info_type"" does not exist
LINE 3: FROM info_type AS it,
             ^
",
q724,default,1,,,,,,,,,,,,,,error,"relation ""info_type"" does not exist
LINE 3: FROM info_type AS it,
             ^
",
q724,no_hashjoin,1,,,,,,,,,,,,,,error,"relation ""info_type"" does not exist
LINE 3: FROM info_type AS it,
             ^
",
q724,no_mergejoin,1,,,,,,,,,,,,,,error,"relation ""info_type"" does not exist
LINE 3: FROM info_type AS it,
             ^
",
q724,no_nestloop,1,,,,,,,,,,,,,,error,"relation ""info_type"" does not exist
LINE 3: FROM info_type AS it,
             ^
",
q725,default,1,,,,,,,,,,,,,,error,"relation ""info_type"" does not exist
LINE 3: FROM info_type AS it,
             ^
",
q725,no_hashjoin,1,,,,,,,,,,,,,,error,"relation ""info_type"" does not exist
LINE 3: FROM info_type AS it,
             ^
",
q725,no_mergejoin,1,,,,,,,,,,,,,,error,"relation ""info_type"" does not exist
LINE 3: FROM info_type AS it,
             ^
",
q725,no_nestloop,1,,,,,,,,,,,,,,error,"relation ""info_type"" does not exist
LINE 3: FROM info_type AS it,
             ^
",
q726,default,1,,,,,,,,,,,,,,error,"relation ""info_type"" does not exist
LINE 3: FROM info_type AS it,
             ^
",
q726,no_hashjoin,1,,,,,,,,,,,,,,error,"relation ""info_type"" does not exist
LINE 3: FROM info_type AS it,
             ^
",
q726,no_mergejoin,1,,,,,,,,,,,,,,error,"relation ""info_type"" does not exist
LINE 3: FROM info_type AS it,
             ^
",
q726,no_nestloop,1,,,,,,,,,,,,,,error,"relation ""info_type"" does not exist
LINE 3: FROM info_type AS it,
             ^
",
q727,default,1,,,,,,,,,,,,,,error,"relation ""info_type"" does not exist
LINE 3: FROM info_type AS it,
             ^
",
q727,no_hashjoin,1,,,,,,,,,,,,,,error,"relation ""info_type"" does not exist
LINE 3: FROM info_type AS it,
             ^
",
q727,no_mergejoin,1,,,,,,,,,,,,,,error,"relation ""info_type"" does not exist
LINE 3: FROM info_type AS it,
             ^
",
q727,no_nestloop,1,,,,,,,,,,,,,,error,"relation ""info_type"" does not exist
LINE 3: FROM info_type AS it,
             ^
",
q728,default,1,,,,,,,,,,,,,,error,"relation ""info_type"" does not exist
LINE 3: FROM info_type AS it,
             ^
",
q728,no_hashjoin,1,,,,,,,,,,,,,,error,"relation ""info_type"" does not exist
LINE 3: FROM info_type AS it,
             ^
",
q728,no_mergejoin,1,,,,,,,,,,,,,,error,"relation ""info_type"" does not exist
LINE 3: FROM info_type AS it,
             ^
",
q728,no_nestloop,1,,,,,,,,,,,,,,error,"relation ""info_type"" does not exist
LINE 3: FROM info_type AS it,
             ^
",
q729,default,1,,,,,,,,,,,,,,error,"relation ""info_type"" does not exist
LINE 3: FROM info_type AS it,
             ^
",
q729,no_hashjoin,1,,,,,,,,,,,,,,error,"relation ""info_type"" does not exist
LINE 3: FROM info_type AS it,
             ^
",
q729,no_mergejoin,1,,,,,,,,,,,,,,error,"relation ""info_type"" does not exist
LINE 3: FROM info_type AS it,
             ^
",
q729,no_nestloop,1,,,,,,,,,,,,,,error,"relation ""info_type"" does not exist
LINE 3: FROM info_type AS it,
             ^
",
q73,default,1,,,,,,,,,,,,,,error,"relation ""company_name"" does not exist
LINE 4: FROM company_name AS cn,
             ^
",
q73,no_hashjoin,1,,,,,,,,,,,,,,error,"relation ""company_name"" does not exist
LINE 4: FROM company_name AS cn,
             ^
",
q73,no_mergejoin,1,,,,,,,,,,,,,,error,"relation ""company_name"" does not exist
LINE 4: FROM company_name AS cn,
             ^
",
q73,no_nestloop,1,,,,,,,,,,,,,,error,"relation ""company_name"" does not exist
LINE 4: FROM company_name AS cn,
             ^
",
q730,default,1,,,,,,,,,,,,,,error,"relation ""info_type"" does not exist
LINE 3: FROM info_type AS it,
             ^
",
q730,no_hashjoin,1,,,,,,,,,,,,,,error,"relation ""info_type"" does not exist
LINE 3: FROM info_type AS it,
             ^
",
q730,no_mergejoin,1,,,,,,,,,,,,,,error,"relation ""info_type"" does not exist
LINE 3: FROM info_type AS it,
             ^
",
q730,no_nestloop,1,,,,,,,,,,,,,,error,"relation ""info_type"" does not exist
LINE 3: FROM info_type AS it,
             ^
",
q731,default,1,,,,,,,,,,,,,,error,"relation ""info_type"" does not exist
LINE 3: FROM info_type AS it,
             ^
",
q731,no_hashjoin,1,,,,,,,,,,,,,,error,"relation ""info_type"" does not exist
LINE 3: FROM info_type AS it,
             ^
",
q731,no_mergejoin,1,,,,,,,,,,,,,,error,"relation ""info_type"" does not exist
LINE 3: FROM info_type AS it,
             ^
",
q731,no_nestloop,1,,,,,,,,,,,,,,error,"relation ""info_type"" does not exist
LINE 3: FROM info_type AS it,
             ^
",
q732,default,1,,,,,,,,,,,,,,error,"relation ""info_type"" does not exist
LINE 3: FROM info_type AS it,
             ^
",
q732,no_hashjoin,1,,,,,,,,,,,,,,error,"relation ""info_type"" does not exist
LINE 3: FROM info_type AS it,
             ^
",
q732,no_mergejoin,1,,,,,,,,,,,,,,error,"relation ""info_type"" does not exist
LINE 3: FROM info_type AS it,
             ^
",
q732,no_nestloop,1,,,,,,,,,,,,,,error,"relation ""info_type"" does not exist
LINE 3: FROM info_type AS it,
             ^
",
q733,default,1,,,,,,,,,,,,,,error,"relation ""info_type"" does not exist
LINE 3: FROM info_type AS it,
             ^
",
q733,no_hashjoin,1,,,,,,,,,,,,,,error,"relation ""info_type"" does not exist
LINE 3: FROM info_type AS it,
             ^
",
q733,no_mergejoin,1,,,,,,,,,,,,,,error,"relation ""info_type"" does not exist
LINE 3: FROM info_type AS it,
             ^
",
q733,no_nestloop,1,,,,,,,,,,,,,,error,"relation ""info_type"" does not exist
LINE 3: FROM info_type AS it,
             ^
",
q734,default,1,,,,,,,,,,,,,,error,"relation ""info_type"" does not exist
LINE 3: FROM info_type AS it,
             ^
",
q734,no_hashjoin,1,,,,,,,,,,,,,,error,"relation ""info_type"" does not exist
LINE 3: FROM info_type AS it,
             ^
",
q734,no_mergejoin,1,,,,,,,,,,,,,,error,"relation ""info_type"" does not exist
LINE 3: FROM info_type AS it,
             ^
",
q734,no_nestloop,1,,,,,,,,,,,,,,error,"relation ""info_type"" does not exist
LINE 3: FROM info_type AS it,
             ^
",
q735,default,1,,,,,,,,,,,,,,error,"relation ""info_type"" does not exist
LINE 3: FROM info_type AS it,
             ^
",
q735,no_hashjoin,1,,,,,,,,,,,,,,error,"relation ""info_type"" does not exist
LINE 3: FROM info_type AS it,
             ^
",
q735,no_mergejoin,1,,,,,,,,,,,,,,error,"relation ""info_type"" does not exist
LINE 3: FROM info_type AS it,
             ^
",
q735,no_nestloop,1,,,,,,,,,,,,,,error,"relation ""info_type"" does not exist
LINE 3: FROM info_type AS it,
             ^
",
q736,default,1,,,,,,,,,,,,,,error,"relation ""info_type"" does not exist
LINE 3: FROM info_type AS it,
             ^
",
q736,no_hashjoin,1,,,,,,,,,,,,,,error,"relation ""info_type"" does not exist
LINE 3: FROM info_type AS it,
             ^
",
q736,no_mergejoin,1,,,,,,,,,,,,,,error,"relation ""info_type"" does not exist
LINE 3: FROM info_type AS it,
             ^
",
q736,no_nestloop,1,,,,,,,,,,,,,,error,"relation ""info_type"" does not exist
LINE 3: FROM info_type AS it,
             ^
",
q737,default,1,,,,,,,,,,,,,,error,"relation ""info_type"" does not exist
LINE 3: FROM info_type AS it,
             ^
",
q737,no_hashjoin,1,,,,,,,,,,,,,,error,"relation ""info_type"" does not exist
LINE 3: FROM info_type AS it,
             ^
",
q737,no_mergejoin,1,,,,,,,,,,,,,,error,"relation ""info_type"" does not exist
LINE 3: FROM info_type AS it,
             ^
",
q737,no_nestloop,1,,,,,,,,,,,,,,error,"relation ""info_type"" does not exist
LINE 3: FROM info_type AS it,
             ^
",
q738,default,1,,,,,,,,,,,,,,error,"relation ""info_type"" does not exist
LINE 3: FROM info_type AS it,
             ^
",
q738,no_hashjoin,1,,,,,,,,,,,,,,error,"relation ""info_type"" does not exist
LINE 3: FROM info_type AS it,
             ^
",
q738,no_mergejoin,1,,,,,,,,,,,,,,error,"relation ""info_type"" does not exist
LINE 3: FROM info_type AS it,
             ^
",
q738,no_nestloop,1,,,,,,,,,,,,,,error,"relation ""info_type"" does not exist
LINE 3: FROM info_type AS it,
             ^
",
q739,default,1,,,,,,,,,,,,,,error,"relation ""info_type"" does not exist
LINE 3: FROM info_type AS it,
             ^
",
q739,no_hashjoin,1,,,,,,,,,,,,,,error,"relation ""info_type"" does not exist
LINE 3: FROM info_type AS it,
             ^
",
q739,no_mergejoin,1,,,,,,,,,,,,,,error,"relation ""info_type"" does not exist
LINE 3: FROM info_type AS it,
             ^
",
q739,no_nestloop,1,,,,,,,,,,,,,,error,"relation ""info_type"" does not exist
LINE 3: FROM info_type AS it,
             ^
",
q74,default,1,,,,,,,,,,,,,,error,"relation ""company_name"" does not exist
LINE 4: FROM company_name AS cn,
             ^
",
q74,no_hashjoin,1,,,,,,,,,,,,,,error,"relation ""company_name"" does not exist
LINE 4: FROM company_name AS cn,
             ^
",
q74,no_mergejoin,1,,,,,,,,,,,,,,error,"relation ""company_name"" does not exist
LINE 4: FROM company_name AS cn,
             ^
",
q74,no_nestloop,1,,,,,,,,,,,,,,error,"relation ""company_name"" does not exist
LINE 4: FROM company_name AS cn,
             ^
",
q740,default,1,,,,,,,,,,,,,,error,"relation ""info_type"" does not exist
LINE 3: FROM info_type AS it,
             ^
",
q740,no_hashjoin,1,,,,,,,,,,,,,,error,"relation ""info_type"" does not exist
LINE 3: FROM info_type AS it,
             ^
",
q740,no_mergejoin,1,,,,,,,,,,,,,,error,"relation ""info_type"" does not exist
LINE 3: FROM info_type AS it,
             ^
",
q740,no_nestloop,1,,,,,,,,,,,,,,error,"relation ""info_type"" does not exist
LINE 3: FROM info_type AS it,
             ^
",
q741,default,1,,,,,,,,,,,,,,error,"relation ""info_type"" does not exist
LINE 3: FROM info_type AS it,
             ^
",
q741,no_hashjoin,1,,,,,,,,,,,,,,error,"relation ""info_type"" does not exist
LINE 3: FROM info_type AS it,
             ^
",
q741,no_mergejoin,1,,,,,,,,,,,,,,error,"relation ""info_type"" does not exist
LINE 3: FROM info_type AS it,
             ^
",
q741,no_nestloop,1,,,,,,,,,,,,,,error,"relation ""info_type"" does not exist
LINE 3: FROM info_type AS it,
             ^
",
q742,default,1,,,,,,,,,,,,,,error,"relation ""info_type"" does not exist
LINE 3: FROM info_type AS it,
             ^
",
q742,no_hashjoin,1,,,,,,,,,,,,,,error,"relation ""info_type"" does not exist
LINE 3: FROM info_type AS it,
             ^
",
q742,no_mergejoin,1,,,,,,,,,,,,,,error,"relation ""info_type"" does not exist
LINE 3: FROM info_type AS it,
             ^
",
q742,no_nestloop,1,,,,,,,,,,,,,,error,"relation ""info_type"" does not exist
LINE 3: FROM info_type AS it,
             ^
",
q743,default,1,,,,,,,,,,,,,,error,"relation ""info_type"" does not exist
LINE 3: FROM info_type AS it,
             ^
",
q743,no_hashjoin,1,,,,,,,,,,,,,,error,"relation ""info_type"" does not exist
LINE 3: FROM info_type AS it,
             ^
",
q743,no_mergejoin,1,,,,,,,,,,,,,,error,"relation ""info_type"" does not exist
LINE 3: FROM info_type AS it,
             ^
",
q743,no_nestloop,1,,,,,,,,,,,,,,error,"relation ""info_type"" does not exist
LINE 3: FROM info_type AS it,
             ^
",
q744,default,1,,,,,,,,,,,,,,error,"relation ""company_type"" does not exist
LINE 2: FROM company_type AS ct,
             ^
",
q744,no_hashjoin,1,,,,,,,,,,,,,,error,"relation ""company_type"" does not exist
LINE 2: FROM company_type AS ct,
             ^
",
q744,no_mergejoin,1,,,,,,,,,,,,,,error,"relation ""company_type"" does not exist
LINE 2: FROM company_type AS ct,
             ^
",
q744,no_nestloop,1,,,,,,,,,,,,,,error,"relation ""company_type"" does not exist
LINE 2: FROM company_type AS ct,
             ^
",
q745,default,1,,,,,,,,,,,,,,error,"relation ""company_type"" does not exist
LINE 2: FROM company_type AS ct,
             ^
",
q745,no_hashjoin,1,,,,,,,,,,,,,,error,"relation ""company_type"" does not exist
LINE 2: FROM company_type AS ct,
             ^
",
q745,no_mergejoin,1,,,,,,,,,,,,,,error,"relation ""company_type"" does not exist
LINE 2: FROM company_type AS ct,
             ^
",
q745,no_nestloop,1,,,,,,,,,,,,,,error,"relation ""company_type"" does not exist
LINE 2: FROM company_type AS ct,
             ^
",
q746,default,1,,,,,,,,,,,,,,error,"relation ""company_type"" does not exist
LINE 2: FROM company_type AS ct,
             ^
",
q746,no_hashjoin,1,,,,,,,,,,,,,,error,"relation ""company_type"" does not exist
LINE 2: FROM company_type AS ct,
             ^
",
q746,no_mergejoin,1,,,,,,,,,,,,,,error,"relation ""company_type"" does not exist
LINE 2: FROM company_type AS ct,
             ^
",
q746,no_nestloop,1,,,,,,,,,,,,,,error,"relation ""company_type"" does not exist
LINE 2: FROM company_type AS ct,
             ^
",
q747,default,1,,,,,,,,,,,,,,error,"relation ""company_type"" does not exist
LINE 2: FROM company_type AS ct,
             ^
",
q747,no_hashjoin,1,,,,,,,,,,,,,,error,"relation ""company_type"" does not exist
LINE 2: FROM company_type AS ct,
             ^
",
q747,no_mergejoin,1,,,,,,,,,,,,,,error,"relation ""company_type"" does not exist
LINE 2: FROM company_type AS ct,
             ^
",
q747,no_nestloop,1,,,,,,,,,,,,,,error,"relation ""company_type"" does not exist
LINE 2: FROM company_type AS ct,
             ^
",
q748,default,1,,,,,,,,,,,,,,error,"relation ""company_type"" does not exist
LINE 2: FROM company_type AS ct,
             ^
",
q748,no_hashjoin,1,,,,,,,,,,,,,,error,"relation ""company_type"" does not exist
LINE 2: FROM company_type AS ct,
             ^
",
q748,no_mergejoin,1,,,,,,,,,,,,,,error,"relation ""company_type"" does not exist
LINE 2: FROM company_type AS ct,
             ^
",
q748,no_nestloop,1,,,,,,,,,,,,,,error,"relation ""company_type"" does not exist
LINE 2: FROM company_type AS ct,
             ^
",
q749,default,1,,,,,,,,,,,,,,error,"relation ""company_type"" does not exist
LINE 2: FROM company_type AS ct,
             ^
",
q749,no_hashjoin,1,,,,,,,,,,,,,,error,"relation ""company_type"" does not exist
LINE 2: FROM company_type AS ct,
             ^
",
q749,no_mergejoin,1,,,,,,,,,,,,,,error,"relation ""company_type"" does not exist
LINE 2: FROM company_type AS ct,
             ^
",
q749,no_nestloop,1,,,,,,,,,,,,,,error,"relation ""company_type"" does not exist
LINE 2: FROM company_type AS ct,
             ^
",
q75,default,1,,,,,,,,,,,,,,error,"relation ""company_name"" does not exist
LINE 4: FROM company_name AS cn,
             ^
",
q75,no_hashjoin,1,,,,,,,,,,,,,,error,"relation ""company_name"" does not exist
LINE 4: FROM company_name AS cn,
             ^
",
q75,no_mergejoin,1,,,,,,,,,,,,,,error,"relation ""company_name"" does not exist
LINE 4: FROM company_name AS cn,
             ^
",
q75,no_nestloop,1,,,,,,,,,,,,,,error,"relation ""company_name"" does not exist
LINE 4: FROM company_name AS cn,
             ^
",
q750,default,1,,,,,,,,,,,,,,error,"relation ""company_type"" does not exist
LINE 2: FROM company_type AS ct,
             ^
",
q750,no_hashjoin,1,,,,,,,,,,,,,,error,"relation ""company_type"" does not exist
LINE 2: FROM company_type AS ct,
             ^
",
q750,no_mergejoin,1,,,,,,,,,,,,,,error,"relation ""company_type"" does not exist
LINE 2: FROM company_type AS ct,
             ^
",
q750,no_nestloop,1,,,,,,,,,,,,,,error,"relation ""company_type"" does not exist
LINE 2: FROM company_type AS ct,
             ^
",
q751,default,1,,,,,,,,,,,,,,error,"relation ""company_type"" does not exist
LINE 2: FROM company_type AS ct,
             ^
",
q751,no_hashjoin,1,,,,,,,,,,,,,,error,"relation ""company_type"" does not exist
LINE 2: FROM company_type AS ct,
             ^
",
q751,no_mergejoin,1,,,,,,,,,,,,,,error,"relation ""company_type"" does not exist
LINE 2: FROM company_type AS ct,
             ^
",
q751,no_nestloop,1,,,,,,,,,,,,,,error,"relation ""company_type"" does not exist
LINE 2: FROM company_type AS ct,
             ^
",
q752,default,1,,,,,,,,,,,,,,error,"relation ""company_type"" does not exist
LINE 2: FROM company_type AS ct,
             ^
",
q752,no_hashjoin,1,,,,,,,,,,,,,,error,"relation ""company_type"" does not exist
LINE 2: FROM company_type AS ct,
             ^
",
q752,no_mergejoin,1,,,,,,,,,,,,,,error,"relation ""company_type"" does not exist
LINE 2: FROM company_type AS ct,
             ^
",
q752,no_nestloop,1,,,,,,,,,,,,,,error,"relation ""company_type"" does not exist
LINE 2: FROM company_type AS ct,
             ^
",
q753,default,1,,,,,,,,,,,,,,error,"relation ""company_type"" does not exist
LINE 2: FROM company_type AS ct,
             ^
",
q753,no_hashjoin,1,,,,,,,,,,,,,,error,"relation ""company_type"" does not exist
LINE 2: FROM company_type AS ct,
             ^
",
q753,no_mergejoin,1,,,,,,,,,,,,,,error,"relation ""company_type"" does not exist
LINE 2: FROM company_type AS ct,
             ^
",
q753,no_nestloop,1,,,,,,,,,,,,,,error,"relation ""company_type"" does not exist
LINE 2: FROM company_type AS ct,
             ^
",
q754,default,1,,,,,,,,,,,,,,error,"relation ""company_type"" does not exist
LINE 2: FROM company_type AS ct,
             ^
",
q754,no_hashjoin,1,,,,,,,,,,,,,,error,"relation ""company_type"" does not exist
LINE 2: FROM company_type AS ct,
             ^
",
q754,no_mergejoin,1,,,,,,,,,,,,,,error,"relation ""company_type"" does not exist
LINE 2: FROM company_type AS ct,
             ^
",
q754,no_nestloop,1,,,,,,,,,,,,,,error,"relation ""company_type"" does not exist
LINE 2: FROM company_type AS ct,
             ^
",
q755,default,1,,,,,,,,,,,,,,error,"relation ""company_type"" does not exist
LINE 2: FROM company_type AS ct,
             ^
",
q755,no_hashjoin,1,,,,,,,,,,,,,,error,"relation ""company_type"" does not exist
LINE 2: FROM company_type AS ct,
             ^
",
q755,no_mergejoin,1,,,,,,,,,,,,,,error,"relation ""company_type"" does not exist
LINE 2: FROM company_type AS ct,
             ^
",
q755,no_nestloop,1,,,,,,,,,,,,,,error,"relation ""company_type"" does not exist
LINE 2: FROM company_type AS ct,
             ^
",
q756,default,1,,,,,,,,,,,,,,error,"relation ""company_type"" does not exist
LINE 2: FROM company_type AS ct,
             ^
",
q756,no_hashjoin,1,,,,,,,,,,,,,,error,"relation ""company_type"" does not exist
LINE 2: FROM company_type AS ct,
             ^
",
q756,no_mergejoin,1,,,,,,,,,,,,,,error,"relation ""company_type"" does not exist
LINE 2: FROM company_type AS ct,
             ^
",
q756,no_nestloop,1,,,,,,,,,,,,,,error,"relation ""company_type"" does not exist
LINE 2: FROM company_type AS ct,
             ^
",
q757,default,1,,,,,,,,,,,,,,error,"relation ""company_type"" does not exist
LINE 2: FROM company_type AS ct,
             ^
",
q757,no_hashjoin,1,,,,,,,,,,,,,,error,"relation ""company_type"" does not exist
LINE 2: FROM company_type AS ct,
             ^
",
q757,no_mergejoin,1,,,,,,,,,,,,,,error,"relation ""company_type"" does not exist
LINE 2: FROM company_type AS ct,
             ^
",
q757,no_nestloop,1,,,,,,,,,,,,,,error,"relation ""company_type"" does not exist
LINE 2: FROM company_type AS ct,
             ^
",
q758,default,1,,,,,,,,,,,,,,error,"relation ""company_type"" does not exist
LINE 2: FROM company_type AS ct,
             ^
",
q758,no_hashjoin,1,,,,,,,,,,,,,,error,"relation ""company_type"" does not exist
LINE 2: FROM company_type AS ct,
             ^
",
q758,no_mergejoin,1,,,,,,,,,,,,,,error,"relation ""company_type"" does not exist
LINE 2: FROM company_type AS ct,
             ^
",
q758,no_nestloop,1,,,,,,,,,,,,,,error,"relation ""company_type"" does not exist
LINE 2: FROM company_type AS ct,
             ^
",
q759,default,1,,,,,,,,,,,,,,error,"relation ""company_type"" does not exist
LINE 2: FROM company_type AS ct,
             ^
",
q759,no_hashjoin,1,,,,,,,,,,,,,,error,"relation ""company_type"" does not exist
LINE 2: FROM company_type AS ct,
             ^
",
q759,no_mergejoin,1,,,,,,,,,,,,,,error,"relation ""company_type"" does not exist
LINE 2: FROM company_type AS ct,
             ^
",
q759,no_nestloop,1,,,,,,,,,,,,,,error,"relation ""company_type"" does not exist
LINE 2: FROM company_type AS ct,
             ^
",
q76,default,1,,,,,,,,,,,,,,error,"relation ""company_name"" does not exist
LINE 4: FROM company_name AS cn,
             ^
",
q76,no_hashjoin,1,,,,,,,,,,,,,,error,"relation ""company_name"" does not exist
LINE 4: FROM company_name AS cn,
             ^
",
q76,no_mergejoin,1,,,,,,,,,,,,,,error,"relation ""company_name"" does not exist
LINE 4: FROM company_name AS cn,
             ^
",
q76,no_nestloop,1,,,,,,,,,,,,,,error,"relation ""company_name"" does not exist
LINE 4: FROM company_name AS cn,
             ^
",
q760,default,1,,,,,,,,,,,,,,error,"relation ""company_type"" does not exist
LINE 2: FROM company_type AS ct,
             ^
",
q760,no_hashjoin,1,,,,,,,,,,,,,,error,"relation ""company_type"" does not exist
LINE 2: FROM company_type AS ct,
             ^
",
q760,no_mergejoin,1,,,,,,,,,,,,,,error,"relation ""company_type"" does not exist
LINE 2: FROM company_type AS ct,
             ^
",
q760,no_nestloop,1,,,,,,,,,,,,,,error,"relation ""company_type"" does not exist
LINE 2: FROM company_type AS ct,
             ^
",
q761,default,1,,,,,,,,,,,,,,error,"relation ""company_type"" does not exist
LINE 2: FROM company_type AS ct,
             ^
",
q761,no_hashjoin,1,,,,,,,,,,,,,,error,"relation ""company_type"" does not exist
LINE 2: FROM company_type AS ct,
             ^
",
q761,no_mergejoin,1,,,,,,,,,,,,,,error,"relation ""company_type"" does not exist
LINE 2: FROM company_type AS ct,
             ^
",
q761,no_nestloop,1,,,,,,,,,,,,,,error,"relation ""company_type"" does not exist
LINE 2: FROM company_type AS ct,
             ^
",
q762,default,1,,,,,,,,,,,,,,error,"relation ""company_type"" does not exist
LINE 2: FROM company_type AS ct,
             ^
",
q762,no_hashjoin,1,,,,,,,,,,,,,,error,"relation ""company_type"" does not exist
LINE 2: FROM company_type AS ct,
             ^
",
q762,no_mergejoin,1,,,,,,,,,,,,,,error,"relation ""company_type"" does not exist
LINE 2: FROM company_type AS ct,
             ^
",
q762,no_nestloop,1,,,,,,,,,,,,,,error,"relation ""company_type"" does not exist
LINE 2: FROM company_type AS ct,
             ^
",
q763,default,1,,,,,,,,,,,,,,error,"relation ""company_type"" does not exist
LINE 2: FROM company_type AS ct,
             ^
",
q763,no_hashjoin,1,,,,,,,,,,,,,,error,"relation ""company_type"" does not exist
LINE 2: FROM company_type AS ct,
             ^
",
q763,no_mergejoin,1,,,,,,,,,,,,,,error,"relation ""company_type"" does not exist
LINE 2: FROM company_type AS ct,
             ^
",
q763,no_nestloop,1,,,,,,,,,,,,,,error,"relation ""company_type"" does not exist
LINE 2: FROM company_type AS ct,
             ^
",
q764,default,1,,,,,,,,,,,,,,error,"relation ""company_type"" does not exist
LINE 2: FROM company_type AS ct,
             ^
",
q764,no_hashjoin,1,,,,,,,,,,,,,,error,"relation ""company_type"" does not exist
LINE 2: FROM company_type AS ct,
             ^
",
q764,no_mergejoin,1,,,,,,,,,,,,,,error,"relation ""company_type"" does not exist
LINE 2: FROM company_type AS ct,
             ^
",
q764,no_nestloop,1,,,,,,,,,,,,,,error,"relation ""company_type"" does not exist
LINE 2: FROM company_type AS ct,
             ^
",
q765,default,1,,,,,,,,,,,,,,error,"relation ""company_type"" does not exist
LINE 2: FROM company_type AS ct,
             ^
",
q765,no_hashjoin,1,,,,,,,,,,,,,,error,"relation ""company_type"" does not exist
LINE 2: FROM company_type AS ct,
             ^
",
q765,no_mergejoin,1,,,,,,,,,,,,,,error,"relation ""company_type"" does not exist
LINE 2: FROM company_type AS ct,
             ^
",
q765,no_nestloop,1,,,,,,,,,,,,,,error,"relation ""company_type"" does not exist
LINE 2: FROM company_type AS ct,
             ^
",
q766,default,1,,,,,,,,,,,,,,error,"relation ""company_type"" does not exist
LINE 2: FROM company_type AS ct,
             ^
",
q766,no_hashjoin,1,,,,,,,,,,,,,,error,"relation ""company_type"" does not exist
LINE 2: FROM company_type AS ct,
             ^
",
q766,no_mergejoin,1,,,,,,,,,,,,,,error,"relation ""company_type"" does not exist
LINE 2: FROM company_type AS ct,
             ^
",
q766,no_nestloop,1,,,,,,,,,,,,,,error,"relation ""company_type"" does not exist
LINE 2: FROM company_type AS ct,
             ^
",
q767,default,1,,,,,,,,,,,,,,error,"relation ""company_type"" does not exist
LINE 2: FROM company_type AS ct,
             ^
",
q767,no_hashjoin,1,,,,,,,,,,,,,,error,"relation ""company_type"" does not exist
LINE 2: FROM company_type AS ct,
             ^
",
q767,no_mergejoin,1,,,,,,,,,,,,,,error,"relation ""company_type"" does not exist
LINE 2: FROM company_type AS ct,
             ^
",
q767,no_nestloop,1,,,,,,,,,,,,,,error,"relation ""company_type"" does not exist
LINE 2: FROM company_type AS ct,
             ^
",
q768,default,1,,,,,,,,,,,,,,error,"relation ""cast_info"" does not exist
LINE 4: FROM cast_info AS ci,
             ^
",
q768,no_hashjoin,1,,,,,,,,,,,,,,error,"relation ""cast_info"" does not exist
LINE 4: FROM cast_info AS ci,
             ^
",
q768,no_mergejoin,1,,,,,,,,,,,,,,error,"relation ""cast_info"" does not exist
LINE 4: FROM cast_info AS ci,
             ^
",
q768,no_nestloop,1,,,,,,,,,,,,,,error,"relation ""cast_info"" does not exist
LINE 4: FROM cast_info AS ci,
             ^
",
q769,default,1,,,,,,,,,,,,,,error,"relation ""cast_info"" does not exist
LINE 4: FROM cast_info AS ci,
             ^
",
q769,no_hashjoin,1,,,,,,,,,,,,,,error,"relation ""cast_info"" does not exist
LINE 4: FROM cast_info AS ci,
             ^
",
q769,no_mergejoin,1,,,,,,,,,,,,,,error,"relation ""cast_info"" does not exist
LINE 4: FROM cast_info AS ci,
             ^
",
q769,no_nestloop,1,,,,,,,,,,,,,,error,"relation ""cast_info"" does not exist
LINE 4: FROM cast_info AS ci,
             ^
",
q77,default,1,,,,,,,,,,,,,,error,"relation ""company_name"" does not exist
LINE 4: FROM company_name AS cn,
             ^
",
q77,no_hashjoin,1,,,,,,,,,,,,,,error,"relation ""company_name"" does not exist
LINE 4: FROM company_name AS cn,
             ^
",
q77,no_mergejoin,1,,,,,,,,,,,,,,error,"relation ""company_name"" does not exist
LINE 4: FROM company_name AS cn,
             ^
",
q77,no_nestloop,1,,,,,,,,,,,,,,error,"relation ""company_name"" does not exist
LINE 4: FROM company_name AS cn,
             ^
",
q770,default,1,,,,,,,,,,,,,,error,"relation ""cast_info"" does not exist
LINE 4: FROM cast_info AS ci,
             ^
",
q770,no_hashjoin,1,,,,,,,,,,,,,,error,"relation ""cast_info"" does not exist
LINE 4: FROM cast_info AS ci,
             ^
",
q770,no_mergejoin,1,,,,,,,,,,,,,,error,"relation ""cast_info"" does not exist
LINE 4: FROM cast_info AS ci,
             ^
",
q770,no_nestloop,1,,,,,,,,,,,,,,error,"relation ""cast_info"" does not exist
LINE 4: FROM cast_info AS ci,
             ^
",
q771,default,1,,,,,,,,,,,,,,error,"relation ""cast_info"" does not exist
LINE 4: FROM cast_info AS ci,
             ^
",
q771,no_hashjoin,1,,,,,,,,,,,,,,error,"relation ""cast_info"" does not exist
LINE 4: FROM cast_info AS ci,
             ^
",
q771,no_mergejoin,1,,,,,,,,,,,,,,error,"relation ""cast_info"" does not exist
LINE 4: FROM cast_info AS ci,
             ^
",
q771,no_nestloop,1,,,,,,,,,,,,,,error,"relation ""cast_info"" does not exist
LINE 4: FROM cast_info AS ci,
             ^
",
q772,default,1,,,,,,,,,,,,,,error,"relation ""cast_info"" does not exist
LINE 4: FROM cast_info AS ci,
             ^
",
q772,no_hashjoin,1,,,,,,,,,,,,,,error,"relation ""cast_info"" does not exist
LINE 4: FROM cast_info AS ci,
             ^
",
q772,no_mergejoin,1,,,,,,,,,,,,,,error,"relation ""cast_info"" does not exist
LINE 4: FROM cast_info AS ci,
             ^
",
q772,no_nestloop,1,,,,,,,,,,,,,,error,"relation ""cast_info"" does not exist
LINE 4: FROM cast_info AS ci,
             ^
",
q773,default,1,,,,,,,,,,,,,,error,"relation ""cast_info"" does not exist
LINE 4: FROM cast_info AS ci,
             ^
",
q773,no_hashjoin,1,,,,,,,,,,,,,,error,"relation ""cast_info"" does not exist
LINE 4: FROM cast_info AS ci,
             ^
",
q773,no_mergejoin,1,,,,,,,,,,,,,,error,"relation ""cast_info"" does not exist
LINE 4: FROM cast_info AS ci,
             ^
",
q773,no_nestloop,1,,,,,,,,,,,,,,error,"relation ""cast_info"" does not exist
LINE 4: FROM cast_info AS ci,
             ^
",
q774,default,1,,,,,,,,,,,,,,error,"relation ""cast_info"" does not exist
LINE 4: FROM cast_info AS ci,
             ^
",
q774,no_hashjoin,1,,,,,,,,,,,,,,error,"relation ""cast_info"" does not exist
LINE 4: FROM cast_info AS ci,
             ^
",
q774,no_mergejoin,1,,,,,,,,,,,,,,error,"relation ""cast_info"" does not exist
LINE 4: FROM cast_info AS ci,
             ^
",
q774,no_nestloop,1,,,,,,,,,,,,,,error,"relation ""cast_info"" does not exist
LINE 4: FROM cast_info AS ci,
             ^
",
q775,default,1,,,,,,,,,,,,,,error,"relation ""cast_info"" does not exist
LINE 4: FROM cast_info AS ci,
             ^
",
q775,no_hashjoin,1,,,,,,,,,,,,,,error,"relation ""cast_info"" does not exist
LINE 4: FROM cast_info AS ci,
             ^
",
q775,no_mergejoin,1,,,,,,,,,,,,,,error,"relation ""cast_info"" does not exist
LINE 4: FROM cast_info AS ci,
             ^
",
q775,no_nestloop,1,,,,,,,,,,,,,,error,"relation ""cast_info"" does not exist
LINE 4: FROM cast_info AS ci,
             ^
",
q776,default,1,,,,,,,,,,,,,,error,"relation ""cast_info"" does not exist
LINE 4: FROM cast_info AS ci,
             ^
",
q776,no_hashjoin,1,,,,,,,,,,,,,,error,"relation ""cast_info"" does not exist
LINE 4: FROM cast_info AS ci,
             ^
",
q776,no_mergejoin,1,,,,,,,,,,,,,,error,"relation ""cast_info"" does not exist
LINE 4: FROM cast_info AS ci,
             ^
",
q776,no_nestloop,1,,,,,,,,,,,,,,error,"relation ""cast_info"" does not exist
LINE 4: FROM cast_info AS ci,
             ^
",
q777,default,1,,,,,,,,,,,,,,error,"relation ""cast_info"" does not exist
LINE 4: FROM cast_info AS ci,
             ^
",
q777,no_hashjoin,1,,,,,,,,,,,,,,error,"relation ""cast_info"" does not exist
LINE 4: FROM cast_info AS ci,
             ^
",
q777,no_mergejoin,1,,,,,,,,,,,,,,error,"relation ""cast_info"" does not exist
LINE 4: FROM cast_info AS ci,
             ^
",
q777,no_nestloop,1,,,,,,,,,,,,,,error,"relation ""cast_info"" does not exist
LINE 4: FROM cast_info AS ci,
             ^
",
q778,default,1,,,,,,,,,,,,,,error,"relation ""cast_info"" does not exist
LINE 4: FROM cast_info AS ci,
             ^
",
q778,no_hashjoin,1,,,,,,,,,,,,,,error,"relation ""cast_info"" does not exist
LINE 4: FROM cast_info AS ci,
             ^
",
q778,no_mergejoin,1,,,,,,,,,,,,,,error,"relation ""cast_info"" does not exist
LINE 4: FROM cast_info AS ci,
             ^
",
q778,no_nestloop,1,,,,,,,,,,,,,,error,"relation ""cast_info"" does not exist
LINE 4: FROM cast_info AS ci,
             ^
",
q779,default,1,,,,,,,,,,,,,,error,"relation ""cast_info"" does not exist
LINE 4: FROM cast_info AS ci,
             ^
",
q779,no_hashjoin,1,,,,,,,,,,,,,,error,"relation ""cast_info"" does not exist
LINE 4: FROM cast_info AS ci,
             ^
",
q779,no_mergejoin,1,,,,,,,,,,,,,,error,"relation ""cast_info"" does not exist
LINE 4: FROM cast_info AS ci,
             ^
",
q779,no_nestloop,1,,,,,,,,,,,,,,error,"relation ""cast_info"" does not exist
LINE 4: FROM cast_info AS ci,
             ^
",
q78,default,1,,,,,,,,,,,,,,error,"relation ""company_name"" does not exist
LINE 4: FROM company_name AS cn,
             ^
",
q78,no_hashjoin,1,,,,,,,,,,,,,,error,"relation ""company_name"" does not exist
LINE 4: FROM company_name AS cn,
             ^
",
q78,no_mergejoin,1,,,,,,,,,,,,,,error,"relation ""company_name"" does not exist
LINE 4: FROM company_name AS cn,
             ^
",
q78,no_nestloop,1,,,,,,,,,,,,,,error,"relation ""company_name"" does not exist
LINE 4: FROM company_name AS cn,
             ^
",
q780,default,1,,,,,,,,,,,,,,error,"relation ""cast_info"" does not exist
LINE 4: FROM cast_info AS ci,
             ^
",
q780,no_hashjoin,1,,,,,,,,,,,,,,error,"relation ""cast_info"" does not exist
LINE 4: FROM cast_info AS ci,
             ^
",
q780,no_mergejoin,1,,,,,,,,,,,,,,error,"relation ""cast_info"" does not exist
LINE 4: FROM cast_info AS ci,
             ^
",
q780,no_nestloop,1,,,,,,,,,,,,,,error,"relation ""cast_info"" does not exist
LINE 4: FROM cast_info AS ci,
             ^
",
q781,default,1,,,,,,,,,,,,,,error,"relation ""cast_info"" does not exist
LINE 4: FROM cast_info AS ci,
             ^
",
q781,no_hashjoin,1,,,,,,,,,,,,,,error,"relation ""cast_info"" does not exist
LINE 4: FROM cast_info AS ci,
             ^
",
q781,no_mergejoin,1,,,,,,,,,,,,,,error,"relation ""cast_info"" does not exist
LINE 4: FROM cast_info AS ci,
             ^
",
q781,no_nestloop,1,,,,,,,,,,,,,,error,"relation ""cast_info"" does not exist
LINE 4: FROM cast_info AS ci,
             ^
",
q782,default,1,,,,,,,,,,,,,,error,"relation ""cast_info"" does not exist
LINE 4: FROM cast_info AS ci,
             ^
",
q782,no_hashjoin,1,,,,,,,,,,,,,,error,"relation ""cast_info"" does not exist
LINE 4: FROM cast_info AS ci,
             ^
",
q782,no_mergejoin,1,,,,,,,,,,,,,,error,"relation ""cast_info"" does not exist
LINE 4: FROM cast_info AS ci,
             ^
",
q782,no_nestloop,1,,,,,,,,,,,,,,error,"relation ""cast_info"" does not exist
LINE 4: FROM cast_info AS ci,
             ^
",
q783,default,1,,,,,,,,,,,,,,error,"relation ""cast_info"" does not exist
LINE 4: FROM cast_info AS ci,
             ^
",
q783,no_hashjoin,1,,,,,,,,,,,,,,error,"relation ""cast_info"" does not exist
LINE 4: FROM cast_info AS ci,
             ^
",
q783,no_mergejoin,1,,,,,,,,,,,,,,error,"relation ""cast_info"" does not exist
LINE 4: FROM cast_info AS ci,
             ^
",
q783,no_nestloop,1,,,,,,,,,,,,,,error,"relation ""cast_info"" does not exist
LINE 4: FROM cast_info AS ci,
             ^
",
q784,default,1,,,,,,,,,,,,,,error,"relation ""cast_info"" does not exist
LINE 4: FROM cast_info AS ci,
             ^
",
q784,no_hashjoin,1,,,,,,,,,,,,,,error,"relation ""cast_info"" does not exist
LINE 4: FROM cast_info AS ci,
             ^
",
q784,no_mergejoin,1,,,,,,,,,,,,,,error,"relation ""cast_info"" does not exist
LINE 4: FROM cast_info AS ci,
             ^
",
q784,no_nestloop,1,,,,,,,,,,,,,,error,"relation ""cast_info"" does not exist
LINE 4: FROM cast_info AS ci,
             ^
",
q785,default,1,,,,,,,,,,,,,,error,"relation ""cast_info"" does not exist
LINE 4: FROM cast_info AS ci,
             ^
",
q785,no_hashjoin,1,,,,,,,,,,,,,,error,"relation ""cast_info"" does not exist
LINE 4: FROM cast_info AS ci,
             ^
",
q785,no_mergejoin,1,,,,,,,,,,,,,,error,"relation ""cast_info"" does not exist
LINE 4: FROM cast_info AS ci,
             ^
",
q785,no_nestloop,1,,,,,,,,,,,,,,error,"relation ""cast_info"" does not exist
LINE 4: FROM cast_info AS ci,
             ^
",
q786,default,1,,,,,,,,,,,,,,error,"relation ""cast_info"" does not exist
LINE 4: FROM cast_info AS ci,
             ^
",
q786,no_hashjoin,1,,,,,,,,,,,,,,error,"relation ""cast_info"" does not exist
LINE 4: FROM cast_info AS ci,
             ^
",
q786,no_mergejoin,1,,,,,,,,,,,,,,error,"relation ""cast_info"" does not exist
LINE 4: FROM cast_info AS ci,
             ^
",
q786,no_nestloop,1,,,,,,,,,,,,,,error,"relation ""cast_info"" does not exist
LINE 4: FROM cast_info AS ci,
             ^
",
q787,default,1,,,,,,,,,,,,,,error,"relation ""cast_info"" does not exist
LINE 4: FROM cast_info AS ci,
             ^
",
q787,no_hashjoin,1,,,,,,,,,,,,,,error,"relation ""cast_info"" does not exist
LINE 4: FROM cast_info AS ci,
             ^
",
q787,no_mergejoin,1,,,,,,,,,,,,,,error,"relation ""cast_info"" does not exist
LINE 4: FROM cast_info AS ci,
             ^
",
q787,no_nestloop,1,,,,,,,,,,,,,,error,"relation ""cast_info"" does not exist
LINE 4: FROM cast_info AS ci,
             ^
",
q788,default,1,,,,,,,,,,,,,,error,"relation ""cast_info"" does not exist
LINE 4: FROM cast_info AS ci,
             ^
",
q788,no_hashjoin,1,,,,,,,,,,,,,,error,"relation ""cast_info"" does not exist
LINE 4: FROM cast_info AS ci,
             ^
",
q788,no_mergejoin,1,,,,,,,,,,,,,,error,"relation ""cast_info"" does not exist
LINE 4: FROM cast_info AS ci,
             ^
",
q788,no_nestloop,1,,,,,,,,,,,,,,error,"relation ""cast_info"" does not exist
LINE 4: FROM cast_info AS ci,
             ^
",
q789,default,1,,,,,,,,,,,,,,error,"relation ""cast_info"" does not exist
LINE 4: FROM cast_info AS ci,
             ^
",
q789,no_hashjoin,1,,,,,,,,,,,,,,error,"relation ""cast_info"" does not exist
LINE 4: FROM cast_info AS ci,
             ^
",
q789,no_mergejoin,1,,,,,,,,,,,,,,error,"relation ""cast_info"" does not exist
LINE 4: FROM cast_info AS ci,
             ^
",
q789,no_nestloop,1,,,,,,,,,,,,,,error,"relation ""cast_info"" does not exist
LINE 4: FROM cast_info AS ci,
             ^
",
q79,default,1,,,,,,,,,,,,,,error,"relation ""company_name"" does not exist
LINE 4: FROM company_name AS cn,
             ^
",
q79,no_hashjoin,1,,,,,,,,,,,,,,error,"relation ""company_name"" does not exist
LINE 4: FROM company_name AS cn,
             ^
",
q79,no_mergejoin,1,,,,,,,,,,,,,,error,"relation ""company_name"" does not exist
LINE 4: FROM company_name AS cn,
             ^
",
q79,no_nestloop,1,,,,,,,,,,,,,,error,"relation ""company_name"" does not exist
LINE 4: FROM company_name AS cn,
             ^
",
q790,default,1,,,,,,,,,,,,,,error,"relation ""cast_info"" does not exist
LINE 4: FROM cast_info AS ci,
             ^
",
q790,no_hashjoin,1,,,,,,,,,,,,,,error,"relation ""cast_info"" does not exist
LINE 4: FROM cast_info AS ci,
             ^
",
q790,no_mergejoin,1,,,,,,,,,,,,,,error,"relation ""cast_info"" does not exist
LINE 4: FROM cast_info AS ci,
             ^
",
q790,no_nestloop,1,,,,,,,,,,,,,,error,"relation ""cast_info"" does not exist
LINE 4: FROM cast_info AS ci,
             ^
",
q791,default,1,,,,,,,,,,,,,,error,"relation ""cast_info"" does not exist
LINE 4: FROM cast_info AS ci,
             ^
",
q791,no_hashjoin,1,,,,,,,,,,,,,,error,"relation ""cast_info"" does not exist
LINE 4: FROM cast_info AS ci,
             ^
",
q791,no_mergejoin,1,,,,,,,,,,,,,,error,"relation ""cast_info"" does not exist
LINE 4: FROM cast_info AS ci,
             ^
",
q791,no_nestloop,1,,,,,,,,,,,,,,error,"relation ""cast_info"" does not exist
LINE 4: FROM cast_info AS ci,
             ^
",
q792,default,1,,,,,,,,,,,,,,error,"relation ""cast_info"" does not exist
LINE 4: FROM cast_info AS ci,
             ^
",
q792,no_hashjoin,1,,,,,,,,,,,,,,error,"relation ""cast_info"" does not exist
LINE 4: FROM cast_info AS ci,
             ^
",
q792,no_mergejoin,1,,,,,,,,,,,,,,error,"relation ""cast_info"" does not exist
LINE 4: FROM cast_info AS ci,
             ^
",
q792,no_nestloop,1,,,,,,,,,,,,,,error,"relation ""cast_info"" does not exist
LINE 4: FROM cast_info AS ci,
             ^
",
q793,default,1,,,,,,,,,,,,,,error,"relation ""cast_info"" does not exist
LINE 4: FROM cast_info AS ci,
             ^
",
q793,no_hashjoin,1,,,,,,,,,,,,,,error,"relation ""cast_info"" does not exist
LINE 4: FROM cast_info AS ci,
             ^
",
q793,no_mergejoin,1,,,,,,,,,,,,,,error,"relation ""cast_info"" does not exist
LINE 4: FROM cast_info AS ci,
             ^
",
q793,no_nestloop,1,,,,,,,,,,,,,,error,"relation ""cast_info"" does not exist
LINE 4: FROM cast_info AS ci,
             ^
",
q794,default,1,,,,,,,,,,,,,,error,"relation ""cast_info"" does not exist
LINE 4: FROM cast_info AS ci,
             ^
",
q794,no_hashjoin,1,,,,,,,,,,,,,,error,"relation ""cast_info"" does not exist
LINE 4: FROM cast_info AS ci,
             ^
",
q794,no_mergejoin,1,,,,,,,,,,,,,,error,"relation ""cast_info"" does not exist
LINE 4: FROM cast_info AS ci,
             ^
",
q794,no_nestloop,1,,,,,,,,,,,,,,error,"relation ""cast_info"" does not exist
LINE 4: FROM cast_info AS ci,
             ^
",
q795,default,1,,,,,,,,,,,,,,error,"relation ""cast_info"" does not exist
LINE 4: FROM cast_info AS ci,
             ^
",
q795,no_hashjoin,1,,,,,,,,,,,,,,error,"relation ""cast_info"" does not exist
LINE 4: FROM cast_info AS ci,
             ^
",
q795,no_mergejoin,1,,,,,,,,,,,,,,error,"relation ""cast_info"" does not exist
LINE 4: FROM cast_info AS ci,
             ^
",
q795,no_nestloop,1,,,,,,,,,,,,,,error,"relation ""cast_info"" does not exist
LINE 4: FROM cast_info AS ci,
             ^
",
q796,default,1,,,,,,,,,,,,,,error,"relation ""cast_info"" does not exist
LINE 4: FROM cast_info AS ci,
             ^
",
q796,no_hashjoin,1,,,,,,,,,,,,,,error,"relation ""cast_info"" does not exist
LINE 4: FROM cast_info AS ci,
             ^
",
q796,no_mergejoin,1,,,,,,,,,,,,,,error,"relation ""cast_info"" does not exist
LINE 4: FROM cast_info AS ci,
             ^
",
q796,no_nestloop,1,,,,,,,,,,,,,,error,"relation ""cast_info"" does not exist
LINE 4: FROM cast_info AS ci,
             ^
",
q797,default,1,,,,,,,,,,,,,,error,"relation ""cast_info"" does not exist
LINE 4: FROM cast_info AS ci,
             ^
",
q797,no_hashjoin,1,,,,,,,,,,,,,,error,"relation ""cast_info"" does not exist
LINE 4: FROM cast_info AS ci,
             ^
",
q797,no_mergejoin,1,,,,,,,,,,,,,,error,"relation ""cast_info"" does not exist
LINE 4: FROM cast_info AS ci,
             ^
",
q797,no_nestloop,1,,,,,,,,,,,,,,error,"relation ""cast_info"" does not exist
LINE 4: FROM cast_info AS ci,
             ^
",
q798,default,1,,,,,,,,,,,,,,error,"relation ""cast_info"" does not exist
LINE 4: FROM cast_info AS ci,
             ^
",
q798,no_hashjoin,1,,,,,,,,,,,,,,error,"relation ""cast_info"" does not exist
LINE 4: FROM cast_info AS ci,
             ^
",
q798,no_mergejoin,1,,,,,,,,,,,,,,error,"relation ""cast_info"" does not exist
LINE 4: FROM cast_info AS ci,
             ^
",
q798,no_nestloop,1,,,,,,,,,,,,,,error,"relation ""cast_info"" does not exist
LINE 4: FROM cast_info AS ci,
             ^
",
q799,default,1,,,,,,,,,,,,,,error,"relation ""cast_info"" does not exist
LINE 4: FROM cast_info AS ci,
             ^
",
q799,no_hashjoin,1,,,,,,,,,,,,,,error,"relation ""cast_info"" does not exist
LINE 4: FROM cast_info AS ci,
             ^
",
q799,no_mergejoin,1,,,,,,,,,,,,,,error,"relation ""cast_info"" does not exist
LINE 4: FROM cast_info AS ci,
             ^
",
q799,no_nestloop,1,,,,,,,,,,,,,,error,"relation ""cast_info"" does not exist
LINE 4: FROM cast_info AS ci,
             ^
",
q8,default,1,,,,,,,,,,,,,,error,"relation ""char_name"" does not exist
LINE 3: FROM char_name AS chn,
             ^
",
q8,no_hashjoin,1,,,,,,,,,,,,,,error,"relation ""char_name"" does not exist
LINE 3: FROM char_name AS chn,
             ^
",
q8,no_mergejoin,1,,,,,,,,,,,,,,error,"relation ""char_name"" does not exist
LINE 3: FROM char_name AS chn,
             ^
",
q8,no_nestloop,1,,,,,,,,,,,,,,error,"relation ""char_name"" does not exist
LINE 3: FROM char_name AS chn,
             ^
",
q80,default,1,,,,,,,,,,,,,,error,"relation ""company_name"" does not exist
LINE 4: FROM company_name AS cn,
             ^
",
q80,no_hashjoin,1,,,,,,,,,,,,,,error,"relation ""company_name"" does not exist
LINE 4: FROM company_name AS cn,
             ^
",
q80,no_mergejoin,1,,,,,,,,,,,,,,error,"relation ""company_name"" does not exist
LINE 4: FROM company_name AS cn,
             ^
",
q80,no_nestloop,1,,,,,,,,,,,,,,error,"relation ""company_name"" does not exist
LINE 4: FROM company_name AS cn,
             ^
",
q800,default,1,,,,,,,,,,,,,,error,"relation ""cast_info"" does not exist
LINE 4: FROM cast_info AS ci,
             ^
",
q800,no_hashjoin,1,,,,,,,,,,,,,,error,"relation ""cast_info"" does not exist
LINE 4: FROM cast_info AS ci,
             ^
",
q800,no_mergejoin,1,,,,,,,,,,,,,,error,"relation ""cast_info"" does not exist
LINE 4: FROM cast_info AS ci,
             ^
",
q800,no_nestloop,1,,,,,,,,,,,,,,error,"relation ""cast_info"" does not exist
LINE 4: FROM cast_info AS ci,
             ^
",
q801,default,1,,,,,,,,,,,,,,error,"relation ""cast_info"" does not exist
LINE 4: FROM cast_info AS ci,
             ^
",
q801,no_hashjoin,1,,,,,,,,,,,,,,error,"relation ""cast_info"" does not exist
LINE 4: FROM cast_info AS ci,
             ^
",
q801,no_mergejoin,1,,,,,,,,,,,,,,error,"relation ""cast_info"" does not exist
LINE 4: FROM cast_info AS ci,
             ^
",
q801,no_nestloop,1,,,,,,,,,,,,,,error,"relation ""cast_info"" does not exist
LINE 4: FROM cast_info AS ci,
             ^
",
q802,default,1,,,,,,,,,,,,,,error,"relation ""cast_info"" does not exist
LINE 4: FROM cast_info AS ci,
             ^
",
q802,no_hashjoin,1,,,,,,,,,,,,,,error,"relation ""cast_info"" does not exist
LINE 4: FROM cast_info AS ci,
             ^
",
q802,no_mergejoin,1,,,,,,,,,,,,,,error,"relation ""cast_info"" does not exist
LINE 4: FROM cast_info AS ci,
             ^
",
q802,no_nestloop,1,,,,,,,,,,,,,,error,"relation ""cast_info"" does not exist
LINE 4: FROM cast_info AS ci,
             ^
",
q803,default,1,,,,,,,,,,,,,,error,"relation ""cast_info"" does not exist
LINE 4: FROM cast_info AS ci,
             ^
",
q803,no_hashjoin,1,,,,,,,,,,,,,,error,"relation ""cast_info"" does not exist
LINE 4: FROM cast_info AS ci,
             ^
",
q803,no_mergejoin,1,,,,,,,,,,,,,,error,"relation ""cast_info"" does not exist
LINE 4: FROM cast_info AS ci,
             ^
",
q803,no_nestloop,1,,,,,,,,,,,,,,error,"relation ""cast_info"" does not exist
LINE 4: FROM cast_info AS ci,
             ^
",
q804,default,1,,,,,,,,,,,,,,error,"relation ""cast_info"" does not exist
LINE 4: FROM cast_info AS ci,
             ^
",
q804,no_hashjoin,1,,,,,,,,,,,,,,error,"relation ""cast_info"" does not exist
LINE 4: FROM cast_info AS ci,
             ^
",
q804,no_mergejoin,1,,,,,,,,,,,,,,error,"relation ""cast_info"" does not exist
LINE 4: FROM cast_info AS ci,
             ^
",
q804,no_nestloop,1,,,,,,,,,,,,,,error,"relation ""cast_info"" does not exist
LINE 4: FROM cast_info AS ci,
             ^
",
q805,default,1,,,,,,,,,,,,,,error,"relation ""cast_info"" does not exist
LINE 4: FROM cast_info AS ci,
             ^
",
q805,no_hashjoin,1,,,,,,,,,,,,,,error,"relation ""cast_info"" does not exist
LINE 4: FROM cast_info AS ci,
             ^
",
q805,no_mergejoin,1,,,,,,,,,,,,,,error,"relation ""cast_info"" does not exist
LINE 4: FROM cast_info AS ci,
             ^
",
q805,no_nestloop,1,,,,,,,,,,,,,,error,"relation ""cast_info"" does not exist
LINE 4: FROM cast_info AS ci,
             ^
",
q806,default,1,,,,,,,,,,,,,,error,"relation ""cast_info"" does not exist
LINE 4: FROM cast_info AS ci,
             ^
",
q806,no_hashjoin,1,,,,,,,,,,,,,,error,"relation ""cast_info"" does not exist
LINE 4: FROM cast_info AS ci,
             ^
",
q806,no_mergejoin,1,,,,,,,,,,,,,,error,"relation ""cast_info"" does not exist
LINE 4: FROM cast_info AS ci,
             ^
",
q806,no_nestloop,1,,,,,,,,,,,,,,error,"relation ""cast_info"" does not exist
LINE 4: FROM cast_info AS ci,
             ^
",
q807,default,1,,,,,,,,,,,,,,error,"relation ""cast_info"" does not exist
LINE 4: FROM cast_info AS ci,
             ^
",
q807,no_hashjoin,1,,,,,,,,,,,,,,error,"relation ""cast_info"" does not exist
LINE 4: FROM cast_info AS ci,
             ^
",
q807,no_mergejoin,1,,,,,,,,,,,,,,error,"relation ""cast_info"" does not exist
LINE 4: FROM cast_info AS ci,
             ^
",
q807,no_nestloop,1,,,,,,,,,,,,,,error,"relation ""cast_info"" does not exist
LINE 4: FROM cast_info AS ci,
             ^
",
q808,default,1,,,,,,,,,,,,,,error,"relation ""cast_info"" does not exist
LINE 4: FROM cast_info AS ci,
             ^
",
q808,no_hashjoin,1,,,,,,,,,,,,,,error,"relation ""cast_info"" does not exist
LINE 4: FROM cast_info AS ci,
             ^
",
q808,no_mergejoin,1,,,,,,,,,,,,,,error,"relation ""cast_info"" does not exist
LINE 4: FROM cast_info AS ci,
             ^
",
q808,no_nestloop,1,,,,,,,,,,,,,,error,"relation ""cast_info"" does not exist
LINE 4: FROM cast_info AS ci,
             ^
",
q809,default,1,,,,,,,,,,,,,,error,"relation ""cast_info"" does not exist
LINE 4: FROM cast_info AS ci,
             ^
",
q809,no_hashjoin,1,,,,,,,,,,,,,,error,"relation ""cast_info"" does not exist
LINE 4: FROM cast_info AS ci,
             ^
",
q809,no_mergejoin,1,,,,,,,,,,,,,,error,"relation ""cast_info"" does not exist
LINE 4: FROM cast_info AS ci,
             ^
",
q809,no_nestloop,1,,,,,,,,,,,,,,error,"relation ""cast_info"" does not exist
LINE 4: FROM cast_info AS ci,
             ^
",
q81,default,1,,,,,,,,,,,,,,error,"relation ""company_name"" does not exist
LINE 4: FROM company_name AS cn,
             ^
",
q81,no_hashjoin,1,,,,,,,,,,,,,,error,"relation ""company_name"" does not exist
LINE 4: FROM company_name AS cn,
             ^
",
q81,no_mergejoin,1,,,,,,,,,,,,,,error,"relation ""company_name"" does not exist
LINE 4: FROM company_name AS cn,
             ^
",
q81,no_nestloop,1,,,,,,,,,,,,,,error,"relation ""company_name"" does not exist
LINE 4: FROM company_name AS cn,
             ^
",
q810,default,1,,,,,,,,,,,,,,error,"relation ""cast_info"" does not exist
LINE 4: FROM cast_info AS ci,
             ^
",
q810,no_hashjoin,1,,,,,,,,,,,,,,error,"relation ""cast_info"" does not exist
LINE 4: FROM cast_info AS ci,
             ^
",
q810,no_mergejoin,1,,,,,,,,,,,,,,error,"relation ""cast_info"" does not exist
LINE 4: FROM cast_info AS ci,
             ^
",
q810,no_nestloop,1,,,,,,,,,,,,,,error,"relation ""cast_info"" does not exist
LINE 4: FROM cast_info AS ci,
             ^
",
q811,default,1,,,,,,,,,,,,,,error,"relation ""cast_info"" does not exist
LINE 4: FROM cast_info AS ci,
             ^
",
q811,no_hashjoin,1,,,,,,,,,,,,,,error,"relation ""cast_info"" does not exist
LINE 4: FROM cast_info AS ci,
             ^
",
q811,no_mergejoin,1,,,,,,,,,,,,,,error,"relation ""cast_info"" does not exist
LINE 4: FROM cast_info AS ci,
             ^
",
q811,no_nestloop,1,,,,,,,,,,,,,,error,"relation ""cast_info"" does not exist
LINE 4: FROM cast_info AS ci,
             ^
",
q812,default,1,,,,,,,,,,,,,,error,"relation ""cast_info"" does not exist
LINE 4: FROM cast_info AS ci,
             ^
",
q812,no_hashjoin,1,,,,,,,,,,,,,,error,"relation ""cast_info"" does not exist
LINE 4: FROM cast_info AS ci,
             ^
",
q812,no_mergejoin,1,,,,,,,,,,,,,,error,"relation ""cast_info"" does not exist
LINE 4: FROM cast_info AS ci,
             ^
",
q812,no_nestloop,1,,,,,,,,,,,,,,error,"relation ""cast_info"" does not exist
LINE 4: FROM cast_info AS ci,
             ^
",
q813,default,1,,,,,,,,,,,,,,error,"relation ""cast_info"" does not exist
LINE 4: FROM cast_info AS ci,
             ^
",
q813,no_hashjoin,1,,,,,,,,,,,,,,error,"relation ""cast_info"" does not exist
LINE 4: FROM cast_info AS ci,
             ^
",
q813,no_mergejoin,1,,,,,,,,,,,,,,error,"relation ""cast_info"" does not exist
LINE 4: FROM cast_info AS ci,
             ^
",
q813,no_nestloop,1,,,,,,,,,,,,,,error,"relation ""cast_info"" does not exist
LINE 4: FROM cast_info AS ci,
             ^
",
q814,default,1,,,,,,,,,,,,,,error,"relation ""cast_info"" does not exist
LINE 4: FROM cast_info AS ci,
             ^
",
q814,no_hashjoin,1,,,,,,,,,,,,,,error,"relation ""cast_info"" does not exist
LINE 4: FROM cast_info AS ci,
             ^
",
q814,no_mergejoin,1,,,,,,,,,,,,,,error,"relation ""cast_info"" does not exist
LINE 4: FROM cast_info AS ci,
             ^
",
q814,no_nestloop,1,,,,,,,,,,,,,,error,"relation ""cast_info"" does not exist
LINE 4: FROM cast_info AS ci,
             ^
",
q815,default,1,,,,,,,,,,,,,,error,"relation ""cast_info"" does not exist
LINE 4: FROM cast_info AS ci,
             ^
",
q815,no_hashjoin,1,,,,,,,,,,,,,,error,"relation ""cast_info"" does not exist
LINE 4: FROM cast_info AS ci,
             ^
",
q815,no_mergejoin,1,,,,,,,,,,,,,,error,"relation ""cast_info"" does not exist
LINE 4: FROM cast_info AS ci,
             ^
",
q815,no_nestloop,1,,,,,,,,,,,,,,error,"relation ""cast_info"" does not exist
LINE 4: FROM cast_info AS ci,
             ^
",
q816,default,1,,,,,,,,,,,,,,error,"relation ""aka_name"" does not exist
LINE 3: FROM aka_name AS an,
             ^
",
q816,no_hashjoin,1,,,,,,,,,,,,,,error,"relation ""aka_name"" does not exist
LINE 3: FROM aka_name AS an,
             ^
",
q816,no_mergejoin,1,,,,,,,,,,,,,,error,"relation ""aka_name"" does not exist
LINE 3: FROM aka_name AS an,
             ^
",
q816,no_nestloop,1,,,,,,,,,,,,,,error,"relation ""aka_name"" does not exist
LINE 3: FROM aka_name AS an,
             ^
",
q817,default,1,,,,,,,,,,,,,,error,"relation ""aka_name"" does not exist
LINE 3: FROM aka_name AS an,
             ^
",
q817,no_hashjoin,1,,,,,,,,,,,,,,error,"relation ""aka_name"" does not exist
LINE 3: FROM aka_name AS an,
             ^
",
q817,no_mergejoin,1,,,,,,,,,,,,,,error,"relation ""aka_name"" does not exist
LINE 3: FROM aka_name AS an,
             ^
",
q817,no_nestloop,1,,,,,,,,,,,,,,error,"relation ""aka_name"" does not exist
LINE 3: FROM aka_name AS an,
             ^
",
q818,default,1,,,,,,,,,,,,,,error,"relation ""aka_name"" does not exist
LINE 3: FROM aka_name AS an,
             ^
",
q818,no_hashjoin,1,,,,,,,,,,,,,,error,"relation ""aka_name"" does not exist
LINE 3: FROM aka_name AS an,
             ^
",
q818,no_mergejoin,1,,,,,,,,,,,,,,error,"relation ""aka_name"" does not exist
LINE 3: FROM aka_name AS an,
             ^
",
q818,no_nestloop,1,,,,,,,,,,,,,,error,"relation ""aka_name"" does not exist
LINE 3: FROM aka_name AS an,
             ^
",
q819,default,1,,,,,,,,,,,,,,error,"relation ""aka_name"" does not exist
LINE 3: FROM aka_name AS an,
             ^
",
q819,no_hashjoin,1,,,,,,,,,,,,,,error,"relation ""aka_name"" does not exist
LINE 3: FROM aka_name AS an,
             ^
",
q819,no_mergejoin,1,,,,,,,,,,,,,,error,"relation ""aka_name"" does not exist
LINE 3: FROM aka_name AS an,
             ^
",
q819,no_nestloop,1,,,,,,,,,,,,,,error,"relation ""aka_name"" does not exist
LINE 3: FROM aka_name AS an,
             ^
",
q82,default,1,,,,,,,,,,,,,,error,"relation ""company_name"" does not exist
LINE 4: FROM company_name AS cn,
             ^
",
q82,no_hashjoin,1,,,,,,,,,,,,,,error,"relation ""company_name"" does not exist
LINE 4: FROM company_name AS cn,
             ^
",
q82,no_mergejoin,1,,,,,,,,,,,,,,error,"relation ""company_name"" does not exist
LINE 4: FROM company_name AS cn,
             ^
",
q82,no_nestloop,1,,,,,,,,,,,,,,error,"relation ""company_name"" does not exist
LINE 4: FROM company_name AS cn,
             ^
",
q820,default,1,,,,,,,,,,,,,,error,"relation ""aka_name"" does not exist
LINE 3: FROM aka_name AS an,
             ^
",
q820,no_hashjoin,1,,,,,,,,,,,,,,error,"relation ""aka_name"" does not exist
LINE 3: FROM aka_name AS an,
             ^
",
q820,no_mergejoin,1,,,,,,,,,,,,,,error,"relation ""aka_name"" does not exist
LINE 3: FROM aka_name AS an,
             ^
",
q820,no_nestloop,1,,,,,,,,,,,,,,error,"relation ""aka_name"" does not exist
LINE 3: FROM aka_name AS an,
             ^
",
q821,default,1,,,,,,,,,,,,,,error,"relation ""aka_name"" does not exist
LINE 3: FROM aka_name AS an,
             ^
",
q821,no_hashjoin,1,,,,,,,,,,,,,,error,"relation ""aka_name"" does not exist
LINE 3: FROM aka_name AS an,
             ^
",
q821,no_mergejoin,1,,,,,,,,,,,,,,error,"relation ""aka_name"" does not exist
LINE 3: FROM aka_name AS an,
             ^
",
q821,no_nestloop,1,,,,,,,,,,,,,,error,"relation ""aka_name"" does not exist
LINE 3: FROM aka_name AS an,
             ^
",
q822,default,1,,,,,,,,,,,,,,error,"relation ""aka_name"" does not exist
LINE 3: FROM aka_name AS an,
             ^
",
q822,no_hashjoin,1,,,,,,,,,,,,,,error,"relation ""aka_name"" does not exist
LINE 3: FROM aka_name AS an,
             ^
",
q822,no_mergejoin,1,,,,,,,,,,,,,,error,"relation ""aka_name"" does not exist
LINE 3: FROM aka_name AS an,
             ^
",
q822,no_nestloop,1,,,,,,,,,,,,,,error,"relation ""aka_name"" does not exist
LINE 3: FROM aka_name AS an,
             ^
",
q823,default,1,,,,,,,,,,,,,,error,"relation ""aka_name"" does not exist
LINE 3: FROM aka_name AS an,
             ^
",
q823,no_hashjoin,1,,,,,,,,,,,,,,error,"relation ""aka_name"" does not exist
LINE 3: FROM aka_name AS an,
             ^
",
q823,no_mergejoin,1,,,,,,,,,,,,,,error,"relation ""aka_name"" does not exist
LINE 3: FROM aka_name AS an,
             ^
",
q823,no_nestloop,1,,,,,,,,,,,,,,error,"relation ""aka_name"" does not exist
LINE 3: FROM aka_name AS an,
             ^
",
q824,default,1,,,,,,,,,,,,,,error,"relation ""aka_name"" does not exist
LINE 3: FROM aka_name AS an,
             ^
",
q824,no_hashjoin,1,,,,,,,,,,,,,,error,"relation ""aka_name"" does not exist
LINE 3: FROM aka_name AS an,
             ^
",
q824,no_mergejoin,1,,,,,,,,,,,,,,error,"relation ""aka_name"" does not exist
LINE 3: FROM aka_name AS an,
             ^
",
q824,no_nestloop,1,,,,,,,,,,,,,,error,"relation ""aka_name"" does not exist
LINE 3: FROM aka_name AS an,
             ^
",
q825,default,1,,,,,,,,,,,,,,error,"relation ""aka_name"" does not exist
LINE 3: FROM aka_name AS an,
             ^
",
q825,no_hashjoin,1,,,,,,,,,,,,,,error,"relation ""aka_name"" does not exist
LINE 3: FROM aka_name AS an,
             ^
",
q825,no_mergejoin,1,,,,,,,,,,,,,,error,"relation ""aka_name"" does not exist
LINE 3: FROM aka_name AS an,
             ^
",
q825,no_nestloop,1,,,,,,,,,,,,,,error,"relation ""aka_name"" does not exist
LINE 3: FROM aka_name AS an,
             ^
",
q826,default,1,,,,,,,,,,,,,,error,"relation ""aka_name"" does not exist
LINE 3: FROM aka_name AS an,
             ^
",
q826,no_hashjoin,1,,,,,,,,,,,,,,error,"relation ""aka_name"" does not exist
LINE 3: FROM aka_name AS an,
             ^
",
q826,no_mergejoin,1,,,,,,,,,,,,,,error,"relation ""aka_name"" does not exist
LINE 3: FROM aka_name AS an,
             ^
",
q826,no_nestloop,1,,,,,,,,,,,,,,error,"relation ""aka_name"" does not exist
LINE 3: FROM aka_name AS an,
             ^
",
q827,default,1,,,,,,,,,,,,,,error,"relation ""aka_name"" does not exist
LINE 3: FROM aka_name AS an,
             ^
",
q827,no_hashjoin,1,,,,,,,,,,,,,,error,"relation ""aka_name"" does not exist
LINE 3: FROM aka_name AS an,
             ^
",
q827,no_mergejoin,1,,,,,,,,,,,,,,error,"relation ""aka_name"" does not exist
LINE 3: FROM aka_name AS an,
             ^
",
q827,no_nestloop,1,,,,,,,,,,,,,,error,"relation ""aka_name"" does not exist
LINE 3: FROM aka_name AS an,
             ^
",
q828,default,1,,,,,,,,,,,,,,error,"relation ""aka_name"" does not exist
LINE 3: FROM aka_name AS an,
             ^
",
q828,no_hashjoin,1,,,,,,,,,,,,,,error,"relation ""aka_name"" does not exist
LINE 3: FROM aka_name AS an,
             ^
",
q828,no_mergejoin,1,,,,,,,,,,,,,,error,"relation ""aka_name"" does not exist
LINE 3: FROM aka_name AS an,
             ^
",
q828,no_nestloop,1,,,,,,,,,,,,,,error,"relation ""aka_name"" does not exist
LINE 3: FROM aka_name AS an,
             ^
",
q829,default,1,,,,,,,,,,,,,,error,"relation ""aka_name"" does not exist
LINE 3: FROM aka_name AS an,
             ^
",
q829,no_hashjoin,1,,,,,,,,,,,,,,error,"relation ""aka_name"" does not exist
LINE 3: FROM aka_name AS an,
             ^
",
q829,no_mergejoin,1,,,,,,,,,,,,,,error,"relation ""aka_name"" does not exist
LINE 3: FROM aka_name AS an,
             ^
",
q829,no_nestloop,1,,,,,,,,,,,,,,error,"relation ""aka_name"" does not exist
LINE 3: FROM aka_name AS an,
             ^
",
q83,default,1,,,,,,,,,,,,,,error,"relation ""company_name"" does not exist
LINE 4: FROM company_name AS cn,
             ^
",
q83,no_hashjoin,1,,,,,,,,,,,,,,error,"relation ""company_name"" does not exist
LINE 4: FROM company_name AS cn,
             ^
",
q83,no_mergejoin,1,,,,,,,,,,,,,,error,"relation ""company_name"" does not exist
LINE 4: FROM company_name AS cn,
             ^
",
q83,no_nestloop,1,,,,,,,,,,,,,,error,"relation ""company_name"" does not exist
LINE 4: FROM company_name AS cn,
             ^
",
q830,default,1,,,,,,,,,,,,,,error,"relation ""aka_name"" does not exist
LINE 3: FROM aka_name AS an,
             ^
",
q830,no_hashjoin,1,,,,,,,,,,,,,,error,"relation ""aka_name"" does not exist
LINE 3: FROM aka_name AS an,
             ^
",
q830,no_mergejoin,1,,,,,,,,,,,,,,error,"relation ""aka_name"" does not exist
LINE 3: FROM aka_name AS an,
             ^
",
q830,no_nestloop,1,,,,,,,,,,,,,,error,"relation ""aka_name"" does not exist
LINE 3: FROM aka_name AS an,
             ^
",
q831,default,1,,,,,,,,,,,,,,error,"relation ""aka_name"" does not exist
LINE 3: FROM aka_name AS an,
             ^
",
q831,no_hashjoin,1,,,,,,,,,,,,,,error,"relation ""aka_name"" does not exist
LINE 3: FROM aka_name AS an,
             ^
",
q831,no_mergejoin,1,,,,,,,,,,,,,,error,"relation ""aka_name"" does not exist
LINE 3: FROM aka_name AS an,
             ^
",
q831,no_nestloop,1,,,,,,,,,,,,,,error,"relation ""aka_name"" does not exist
LINE 3: FROM aka_name AS an,
             ^
",
q832,default,1,,,,,,,,,,,,,,error,"relation ""aka_name"" does not exist
LINE 3: FROM aka_name AS an,
             ^
",
q832,no_hashjoin,1,,,,,,,,,,,,,,error,"relation ""aka_name"" does not exist
LINE 3: FROM aka_name AS an,
             ^
",
q832,no_mergejoin,1,,,,,,,,,,,,,,error,"relation ""aka_name"" does not exist
LINE 3: FROM aka_name AS an,
             ^
",
q832,no_nestloop,1,,,,,,,,,,,,,,error,"relation ""aka_name"" does not exist
LINE 3: FROM aka_name AS an,
             ^
",
q833,default,1,,,,,,,,,,,,,,error,"relation ""aka_name"" does not exist
LINE 3: FROM aka_name AS an,
             ^
",
q833,no_hashjoin,1,,,,,,,,,,,,,,error,"relation ""aka_name"" does not exist
LINE 3: FROM aka_name AS an,
             ^
",
q833,no_mergejoin,1,,,,,,,,,,,,,,error,"relation ""aka_name"" does not exist
LINE 3: FROM aka_name AS an,
             ^
",
q833,no_nestloop,1,,,,,,,,,,,,,,error,"relation ""aka_name"" does not exist
LINE 3: FROM aka_name AS an,
             ^
",
q834,default,1,,,,,,,,,,,,,,error,"relation ""aka_name"" does not exist
LINE 3: FROM aka_name AS an,
             ^
",
q834,no_hashjoin,1,,,,,,,,,,,,,,error,"relation ""aka_name"" does not exist
LINE 3: FROM aka_name AS an,
             ^
",
q834,no_mergejoin,1,,,,,,,,,,,,,,error,"relation ""aka_name"" does not exist
LINE 3: FROM aka_name AS an,
             ^
",
q834,no_nestloop,1,,,,,,,,,,,,,,error,"relation ""aka_name"" does not exist
LINE 3: FROM aka_name AS an,
             ^
",
q835,default,1,,,,,,,,,,,,,,error,"relation ""aka_name"" does not exist
LINE 3: FROM aka_name AS an,
             ^
",
q835,no_hashjoin,1,,,,,,,,,,,,,,error,"relation ""aka_name"" does not exist
LINE 3: FROM aka_name AS an,
             ^
",
q835,no_mergejoin,1,,,,,,,,,,,,,,error,"relation ""aka_name"" does not exist
LINE 3: FROM aka_name AS an,
             ^
",
q835,no_nestloop,1,,,,,,,,,,,,,,error,"relation ""aka_name"" does not exist
LINE 3: FROM aka_name AS an,
             ^
",
q836,default,1,,,,,,,,,,,,,,error,"relation ""aka_name"" does not exist
LINE 3: FROM aka_name AS an,
             ^
",
q836,no_hashjoin,1,,,,,,,,,,,,,,error,"relation ""aka_name"" does not exist
LINE 3: FROM aka_name AS an,
             ^
",
q836,no_mergejoin,1,,,,,,,,,,,,,,error,"relation ""aka_name"" does not exist
LINE 3: FROM aka_name AS an,
             ^
",
q836,no_nestloop,1,,,,,,,,,,,,,,error,"relation ""aka_name"" does not exist
LINE 3: FROM aka_name AS an,
             ^
",
q837,default,1,,,,,,,,,,,,,,error,"relation ""aka_name"" does not exist
LINE 3: FROM aka_name AS an,
             ^
",
q837,no_hashjoin,1,,,,,,,,,,,,,,error,"relation ""aka_name"" does not exist
LINE 3: FROM aka_name AS an,
             ^
",
q837,no_mergejoin,1,,,,,,,,,,,,,,error,"relation ""aka_name"" does not exist
LINE 3: FROM aka_name AS an,
             ^
",
q837,no_nestloop,1,,,,,,,,,,,,,,error,"relation ""aka_name"" does not exist
LINE 3: FROM aka_name AS an,
             ^
",
q838,default,1,,,,,,,,,,,,,,error,"relation ""aka_name"" does not exist
LINE 3: FROM aka_name AS an,
             ^
",
q838,no_hashjoin,1,,,,,,,,,,,,,,error,"relation ""aka_name"" does not exist
LINE 3: FROM aka_name AS an,
             ^
",
q838,no_mergejoin,1,,,,,,,,,,,,,,error,"relation ""aka_name"" does not exist
LINE 3: FROM aka_name AS an,
             ^
",
q838,no_nestloop,1,,,,,,,,,,,,,,error,"relation ""aka_name"" does not exist
LINE 3: FROM aka_name AS an,
             ^
",
q839,default,1,,,,,,,,,,,,,,error,"relation ""aka_name"" does not exist
LINE 3: FROM aka_name AS an,
             ^
",
q839,no_hashjoin,1,,,,,,,,,,,,,,error,"relation ""aka_name"" does not exist
LINE 3: FROM aka_name AS an,
             ^
",
q839,no_mergejoin,1,,,,,,,,,,,,,,error,"relation ""aka_name"" does not exist
LINE 3: FROM aka_name AS an,
             ^
",
q839,no_nestloop,1,,,,,,,,,,,,,,error,"relation ""aka_name"" does not exist
LINE 3: FROM aka_name AS an,
             ^
",
q84,default,1,,,,,,,,,,,,,,error,"relation ""company_name"" does not exist
LINE 4: FROM company_name AS cn,
             ^
",
q84,no_hashjoin,1,,,,,,,,,,,,,,error,"relation ""company_name"" does not exist
LINE 4: FROM company_name AS cn,
             ^
",
q84,no_mergejoin,1,,,,,,,,,,,,,,error,"relation ""company_name"" does not exist
LINE 4: FROM company_name AS cn,
             ^
",
q84,no_nestloop,1,,,,,,,,,,,,,,error,"relation ""company_name"" does not exist
LINE 4: FROM company_name AS cn,
             ^
",
q840,default,1,,,,,,,,,,,,,,error,"relation ""aka_name"" does not exist
LINE 3: FROM aka_name AS an1,
             ^
",
q840,no_hashjoin,1,,,,,,,,,,,,,,error,"relation ""aka_name"" does not exist
LINE 3: FROM aka_name AS an1,
             ^
",
q840,no_mergejoin,1,,,,,,,,,,,,,,error,"relation ""aka_name"" does not exist
LINE 3: FROM aka_name AS an1,
             ^
",
q840,no_nestloop,1,,,,,,,,,,,,,,error,"relation ""aka_name"" does not exist
LINE 3: FROM aka_name AS an1,
             ^
",
q841,default,1,,,,,,,,,,,,,,error,"relation ""aka_name"" does not exist
LINE 3: FROM aka_name AS an1,
             ^
",
q841,no_hashjoin,1,,,,,,,,,,,,,,error,"relation ""aka_name"" does not exist
LINE 3: FROM aka_name AS an1,
             ^
",
q841,no_mergejoin,1,,,,,,,,,,,,,,error,"relation ""aka_name"" does not exist
LINE 3: FROM aka_name AS an1,
             ^
",
q841,no_nestloop,1,,,,,,,,,,,,,,error,"relation ""aka_name"" does not exist
LINE 3: FROM aka_name AS an1,
             ^
",
q842,default,1,,,,,,,,,,,,,,error,"relation ""aka_name"" does not exist
LINE 3: FROM aka_name AS an1,
             ^
",
q842,no_hashjoin,1,,,,,,,,,,,,,,error,"relation ""aka_name"" does not exist
LINE 3: FROM aka_name AS an1,
             ^
",
q842,no_mergejoin,1,,,,,,,,,,,,,,error,"relation ""aka_name"" does not exist
LINE 3: FROM aka_name AS an1,
             ^
",
q842,no_nestloop,1,,,,,,,,,,,,,,error,"relation ""aka_name"" does not exist
LINE 3: FROM aka_name AS an1,
             ^
",
q843,default,1,,,,,,,,,,,,,,error,"relation ""aka_name"" does not exist
LINE 3: FROM aka_name AS an1,
             ^
",
q843,no_hashjoin,1,,,,,,,,,,,,,,error,"relation ""aka_name"" does not exist
LINE 3: FROM aka_name AS an1,
             ^
",
q843,no_mergejoin,1,,,,,,,,,,,,,,error,"relation ""aka_name"" does not exist
LINE 3: FROM aka_name AS an1,
             ^
",
q843,no_nestloop,1,,,,,,,,,,,,,,error,"relation ""aka_name"" does not exist
LINE 3: FROM aka_name AS an1,
             ^
",
q844,default,1,,,,,,,,,,,,,,error,"relation ""aka_name"" does not exist
LINE 3: FROM aka_name AS an1,
             ^
",
q844,no_hashjoin,1,,,,,,,,,,,,,,error,"relation ""aka_name"" does not exist
LINE 3: FROM aka_name AS an1,
             ^
",
q844,no_mergejoin,1,,,,,,,,,,,,,,error,"relation ""aka_name"" does not exist
LINE 3: FROM aka_name AS an1,
             ^
",
q844,no_nestloop,1,,,,,,,,,,,,,,error,"relation ""aka_name"" does not exist
LINE 3: FROM aka_name AS an1,
             ^
",
q845,default,1,,,,,,,,,,,,,,error,"relation ""aka_name"" does not exist
LINE 3: FROM aka_name AS an1,
             ^
",
q845,no_hashjoin,1,,,,,,,,,,,,,,error,"relation ""aka_name"" does not exist
LINE 3: FROM aka_name AS an1,
             ^
",
q845,no_mergejoin,1,,,,,,,,,,,,,,error,"relation ""aka_name"" does not exist
LINE 3: FROM aka_name AS an1,
             ^
",
q845,no_nestloop,1,,,,,,,,,,,,,,error,"relation ""aka_name"" does not exist
LINE 3: FROM aka_name AS an1,
             ^
",
q846,default,1,,,,,,,,,,,,,,error,"relation ""aka_name"" does not exist
LINE 3: FROM aka_name AS an1,
             ^
",
q846,no_hashjoin,1,,,,,,,,,,,,,,error,"relation ""aka_name"" does not exist
LINE 3: FROM aka_name AS an1,
             ^
",
q846,no_mergejoin,1,,,,,,,,,,,,,,error,"relation ""aka_name"" does not exist
LINE 3: FROM aka_name AS an1,
             ^
",
q846,no_nestloop,1,,,,,,,,,,,,,,error,"relation ""aka_name"" does not exist
LINE 3: FROM aka_name AS an1,
             ^
",
q847,default,1,,,,,,,,,,,,,,error,"relation ""aka_name"" does not exist
LINE 3: FROM aka_name AS an1,
             ^
",
q847,no_hashjoin,1,,,,,,,,,,,,,,error,"relation ""aka_name"" does not exist
LINE 3: FROM aka_name AS an1,
             ^
",
q847,no_mergejoin,1,,,,,,,,,,,,,,error,"relation ""aka_name"" does not exist
LINE 3: FROM aka_name AS an1,
             ^
",
q847,no_nestloop,1,,,,,,,,,,,,,,error,"relation ""aka_name"" does not exist
LINE 3: FROM aka_name AS an1,
             ^
",
q848,default,1,,,,,,,,,,,,,,error,"relation ""aka_name"" does not exist
LINE 3: FROM aka_name AS an,
             ^
",
q848,no_hashjoin,1,,,,,,,,,,,,,,error,"relation ""aka_name"" does not exist
LINE 3: FROM aka_name AS an,
             ^
",
q848,no_mergejoin,1,,,,,,,,,,,,,,error,"relation ""aka_name"" does not exist
LINE 3: FROM aka_name AS an,
             ^
",
q848,no_nestloop,1,,,,,,,,,,,,,,error,"relation ""aka_name"" does not exist
LINE 3: FROM aka_name AS an,
             ^
",
q849,default,1,,,,,,,,,,,,,,error,"relation ""aka_name"" does not exist
LINE 3: FROM aka_name AS an,
             ^
",
q849,no_hashjoin,1,,,,,,,,,,,,,,error,"relation ""aka_name"" does not exist
LINE 3: FROM aka_name AS an,
             ^
",
q849,no_mergejoin,1,,,,,,,,,,,,,,error,"relation ""aka_name"" does not exist
LINE 3: FROM aka_name AS an,
             ^
",
q849,no_nestloop,1,,,,,,,,,,,,,,error,"relation ""aka_name"" does not exist
LINE 3: FROM aka_name AS an,
             ^
",
q85,default,1,,,,,,,,,,,,,,error,"relation ""company_name"" does not exist
LINE 4: FROM company_name AS cn,
             ^
",
q85,no_hashjoin,1,,,,,,,,,,,,,,error,"relation ""company_name"" does not exist
LINE 4: FROM company_name AS cn,
             ^
",
q85,no_mergejoin,1,,,,,,,,,,,,,,error,"relation ""company_name"" does not exist
LINE 4: FROM company_name AS cn,
             ^
",
q85,no_nestloop,1,,,,,,,,,,,,,,error,"relation ""company_name"" does not exist
LINE 4: FROM company_name AS cn,
             ^
",
q850,default,1,,,,,,,,,,,,,,error,"relation ""aka_name"" does not exist
LINE 3: FROM aka_name AS an,
             ^
",
q850,no_hashjoin,1,,,,,,,,,,,,,,error,"relation ""aka_name"" does not exist
LINE 3: FROM aka_name AS an,
             ^
",
q850,no_mergejoin,1,,,,,,,,,,,,,,error,"relation ""aka_name"" does not exist
LINE 3: FROM aka_name AS an,
             ^
",
q850,no_nestloop,1,,,,,,,,,,,,,,error,"relation ""aka_name"" does not exist
LINE 3: FROM aka_name AS an,
             ^
",
q851,default,1,,,,,,,,,,,,,,error,"relation ""aka_name"" does not exist
LINE 3: FROM aka_name AS an,
             ^
",
q851,no_hashjoin,1,,,,,,,,,,,,,,error,"relation ""aka_name"" does not exist
LINE 3: FROM aka_name AS an,
             ^
",
q851,no_mergejoin,1,,,,,,,,,,,,,,error,"relation ""aka_name"" does not exist
LINE 3: FROM aka_name AS an,
             ^
",
q851,no_nestloop,1,,,,,,,,,,,,,,error,"relation ""aka_name"" does not exist
LINE 3: FROM aka_name AS an,
             ^
",
q852,default,1,,,,,,,,,,,,,,error,"relation ""aka_name"" does not exist
LINE 3: FROM aka_name AS an,
             ^
",
q852,no_hashjoin,1,,,,,,,,,,,,,,error,"relation ""aka_name"" does not exist
LINE 3: FROM aka_name AS an,
             ^
",
q852,no_mergejoin,1,,,,,,,,,,,,,,error,"relation ""aka_name"" does not exist
LINE 3: FROM aka_name AS an,
             ^
",
q852,no_nestloop,1,,,,,,,,,,,,,,error,"relation ""aka_name"" does not exist
LINE 3: FROM aka_name AS an,
             ^
",
q853,default,1,,,,,,,,,,,,,,error,"relation ""aka_name"" does not exist
LINE 3: FROM aka_name AS an,
             ^
",
q853,no_hashjoin,1,,,,,,,,,,,,,,error,"relation ""aka_name"" does not exist
LINE 3: FROM aka_name AS an,
             ^
",
q853,no_mergejoin,1,,,,,,,,,,,,,,error,"relation ""aka_name"" does not exist
LINE 3: FROM aka_name AS an,
             ^
",
q853,no_nestloop,1,,,,,,,,,,,,,,error,"relation ""aka_name"" does not exist
LINE 3: FROM aka_name AS an,
             ^
",
q854,default,1,,,,,,,,,,,,,,error,"relation ""aka_name"" does not exist
LINE 3: FROM aka_name AS an,
             ^
",
q854,no_hashjoin,1,,,,,,,,,,,,,,error,"relation ""aka_name"" does not exist
LINE 3: FROM aka_name AS an,
             ^
",
q854,no_mergejoin,1,,,,,,,,,,,,,,error,"relation ""aka_name"" does not exist
LINE 3: FROM aka_name AS an,
             ^
",
q854,no_nestloop,1,,,,,,,,,,,,,,error,"relation ""aka_name"" does not exist
LINE 3: FROM aka_name AS an,
             ^
",
q855,default,1,,,,,,,,,,,,,,error,"relation ""aka_name"" does not exist
LINE 3: FROM aka_name AS an,
             ^
",
q855,no_hashjoin,1,,,,,,,,,,,,,,error,"relation ""aka_name"" does not exist
LINE 3: FROM aka_name AS an,
             ^
",
q855,no_mergejoin,1,,,,,,,,,,,,,,error,"relation ""aka_name"" does not exist
LINE 3: FROM aka_name AS an,
             ^
",
q855,no_nestloop,1,,,,,,,,,,,,,,error,"relation ""aka_name"" does not exist
LINE 3: FROM aka_name AS an,
             ^
",
q856,default,1,,,,,,,,,,,,,,error,"relation ""aka_name"" does not exist
LINE 3: FROM aka_name AS a1,
             ^
",
q856,no_hashjoin,1,,,,,,,,,,,,,,error,"relation ""aka_name"" does not exist
LINE 3: FROM aka_name AS a1,
             ^
",
q856,no_mergejoin,1,,,,,,,,,,,,,,error,"relation ""aka_name"" does not exist
LINE 3: FROM aka_name AS a1,
             ^
",
q856,no_nestloop,1,,,,,,,,,,,,,,error,"relation ""aka_name"" does not exist
LINE 3: FROM aka_name AS a1,
             ^
",
q857,default,1,,,,,,,,,,,,,,error,"relation ""aka_name"" does not exist
LINE 3: FROM aka_name AS a1,
             ^
",
q857,no_hashjoin,1,,,,,,,,,,,,,,error,"relation ""aka_name"" does not exist
LINE 3: FROM aka_name AS a1,
             ^
",
q857,no_mergejoin,1,,,,,,,,,,,,,,error,"relation ""aka_name"" does not exist
LINE 3: FROM aka_name AS a1,
             ^
",
q857,no_nestloop,1,,,,,,,,,,,,,,error,"relation ""aka_name"" does not exist
LINE 3: FROM aka_name AS a1,
             ^
",
q858,default,1,,,,,,,,,,,,,,error,"relation ""aka_name"" does not exist
LINE 3: FROM aka_name AS a1,
             ^
",
q858,no_hashjoin,1,,,,,,,,,,,,,,error,"relation ""aka_name"" does not exist
LINE 3: FROM aka_name AS a1,
             ^
",
q858,no_mergejoin,1,,,,,,,,,,,,,,error,"relation ""aka_name"" does not exist
LINE 3: FROM aka_name AS a1,
             ^
",
q858,no_nestloop,1,,,,,,,,,,,,,,error,"relation ""aka_name"" does not exist
LINE 3: FROM aka_name AS a1,
             ^
",
q859,default,1,,,,,,,,,,,,,,error,"relation ""aka_name"" does not exist
LINE 3: FROM aka_name AS a1,
             ^
",
q859,no_hashjoin,1,,,,,,,,,,,,,,error,"relation ""aka_name"" does not exist
LINE 3: FROM aka_name AS a1,
             ^
",
q859,no_mergejoin,1,,,,,,,,,,,,,,error,"relation ""aka_name"" does not exist
LINE 3: FROM aka_name AS a1,
             ^
",
q859,no_nestloop,1,,,,,,,,,,,,,,error,"relation ""aka_name"" does not exist
LINE 3: FROM aka_name AS a1,
             ^
",
q86,default,1,,,,,,,,,,,,,,error,"relation ""company_name"" does not exist
LINE 4: FROM company_name AS cn,
             ^
",
q86,no_hashjoin,1,,,,,,,,,,,,,,error,"relation ""company_name"" does not exist
LINE 4: FROM company_name AS cn,
             ^
",
q86,no_mergejoin,1,,,,,,,,,,,,,,error,"relation ""company_name"" does not exist
LINE 4: FROM company_name AS cn,
             ^
",
q86,no_nestloop,1,,,,,,,,,,,,,,error,"relation ""company_name"" does not exist
LINE 4: FROM company_name AS cn,
             ^
",
q860,default,1,,,,,,,,,,,,,,error,"relation ""aka_name"" does not exist
LINE 3: FROM aka_name AS a1,
             ^
",
q860,no_hashjoin,1,,,,,,,,,,,,,,error,"relation ""aka_name"" does not exist
LINE 3: FROM aka_name AS a1,
             ^
",
q860,no_mergejoin,1,,,,,,,,,,,,,,error,"relation ""aka_name"" does not exist
LINE 3: FROM aka_name AS a1,
             ^
",
q860,no_nestloop,1,,,,,,,,,,,,,,error,"relation ""aka_name"" does not exist
LINE 3: FROM aka_name AS a1,
             ^
",
q861,default,1,,,,,,,,,,,,,,error,"relation ""aka_name"" does not exist
LINE 3: FROM aka_name AS a1,
             ^
",
q861,no_hashjoin,1,,,,,,,,,,,,,,error,"relation ""aka_name"" does not exist
LINE 3: FROM aka_name AS a1,
             ^
",
q861,no_mergejoin,1,,,,,,,,,,,,,,error,"relation ""aka_name"" does not exist
LINE 3: FROM aka_name AS a1,
             ^
",
q861,no_nestloop,1,,,,,,,,,,,,,,error,"relation ""aka_name"" does not exist
LINE 3: FROM aka_name AS a1,
             ^
",
q862,default,1,,,,,,,,,,,,,,error,"relation ""aka_name"" does not exist
LINE 3: FROM aka_name AS a1,
             ^
",
q862,no_hashjoin,1,,,,,,,,,,,,,,error,"relation ""aka_name"" does not exist
LINE 3: FROM aka_name AS a1,
             ^
",
q862,no_mergejoin,1,,,,,,,,,,,,,,error,"relation ""aka_name"" does not exist
LINE 3: FROM aka_name AS a1,
             ^
",
q862,no_nestloop,1,,,,,,,,,,,,,,error,"relation ""aka_name"" does not exist
LINE 3: FROM aka_name AS a1,
             ^
",
q863,default,1,,,,,,,,,,,,,,error,"relation ""aka_name"" does not exist
LINE 3: FROM aka_name AS a1,
             ^
",
q863,no_hashjoin,1,,,,,,,,,,,,,,error,"relation ""aka_name"" does not exist
LINE 3: FROM aka_name AS a1,
             ^
",
q863,no_mergejoin,1,,,,,,,,,,,,,,error,"relation ""aka_name"" does not exist
LINE 3: FROM aka_name AS a1,
             ^
",
q863,no_nestloop,1,,,,,,,,,,,,,,error,"relation ""aka_name"" does not exist
LINE 3: FROM aka_name AS a1,
             ^
",
q864,default,1,,,,,,,,,,,,,,error,"relation ""aka_name"" does not exist
LINE 3: FROM aka_name AS an1,
             ^
",
q864,no_hashjoin,1,,,,,,,,,,,,,,error,"relation ""aka_name"" does not exist
LINE 3: FROM aka_name AS an1,
             ^
",
q864,no_mergejoin,1,,,,,,,,,,,,,,error,"relation ""aka_name"" does not exist
LINE 3: FROM aka_name AS an1,
             ^
",
q864,no_nestloop,1,,,,,,,,,,,,,,error,"relation ""aka_name"" does not exist
LINE 3: FROM aka_name AS an1,
             ^
",
q865,default,1,,,,,,,,,,,,,,error,"relation ""aka_name"" does not exist
LINE 3: FROM aka_name AS an1,
             ^
",
q865,no_hashjoin,1,,,,,,,,,,,,,,error,"relation ""aka_name"" does not exist
LINE 3: FROM aka_name AS an1,
             ^
",
q865,no_mergejoin,1,,,,,,,,,,,,,,error,"relation ""aka_name"" does not exist
LINE 3: FROM aka_name AS an1,
             ^
",
q865,no_nestloop,1,,,,,,,,,,,,,,error,"relation ""aka_name"" does not exist
LINE 3: FROM aka_name AS an1,
             ^
",
q866,default,1,,,,,,,,,,,,,,error,"relation ""aka_name"" does not exist
LINE 3: FROM aka_name AS an1,
             ^
",
q866,no_hashjoin,1,,,,,,,,,,,,,,error,"relation ""aka_name"" does not exist
LINE 3: FROM aka_name AS an1,
             ^
",
q866,no_mergejoin,1,,,,,,,,,,,,,,error,"relation ""aka_name"" does not exist
LINE 3: FROM aka_name AS an1,
             ^
",
q866,no_nestloop,1,,,,,,,,,,,,,,error,"relation ""aka_name"" does not exist
LINE 3: FROM aka_name AS an1,
             ^
",
q867,default,1,,,,,,,,,,,,,,error,"relation ""aka_name"" does not exist
LINE 3: FROM aka_name AS an1,
             ^
",
q867,no_hashjoin,1,,,,,,,,,,,,,,error,"relation ""aka_name"" does not exist
LINE 3: FROM aka_name AS an1,
             ^
",
q867,no_mergejoin,1,,,,,,,,,,,,,,error,"relation ""aka_name"" does not exist
LINE 3: FROM aka_name AS an1,
             ^
",
q867,no_nestloop,1,,,,,,,,,,,,,,error,"relation ""aka_name"" does not exist
LINE 3: FROM aka_name AS an1,
             ^
",
q868,default,1,,,,,,,,,,,,,,error,"relation ""aka_name"" does not exist
LINE 3: FROM aka_name AS an1,
             ^
",
q868,no_hashjoin,1,,,,,,,,,,,,,,error,"relation ""aka_name"" does not exist
LINE 3: FROM aka_name AS an1,
             ^
",
q868,no_mergejoin,1,,,,,,,,,,,,,,error,"relation ""aka_name"" does not exist
LINE 3: FROM aka_name AS an1,
             ^
",
q868,no_nestloop,1,,,,,,,,,,,,,,error,"relation ""aka_name"" does not exist
LINE 3: FROM aka_name AS an1,
             ^
",
q869,default,1,,,,,,,,,,,,,,error,"relation ""aka_name"" does not exist
LINE 3: FROM aka_name AS an1,
             ^
",
q869,no_hashjoin,1,,,,,,,,,,,,,,error,"relation ""aka_name"" does not exist
LINE 3: FROM aka_name AS an1,
             ^
",
q869,no_mergejoin,1,,,,,,,,,,,,,,error,"relation ""aka_name"" does not exist
LINE 3: FROM aka_name AS an1,
             ^
",
q869,no_nestloop,1,,,,,,,,,,,,,,error,"relation ""aka_name"" does not exist
LINE 3: FROM aka_name AS an1,
             ^
",
q87,default,1,,,,,,,,,,,,,,error,"relation ""company_name"" does not exist
LINE 4: FROM company_name AS cn,
             ^
",
q87,no_hashjoin,1,,,,,,,,,,,,,,error,"relation ""company_name"" does not exist
LINE 4: FROM company_name AS cn,
             ^
",
q87,no_mergejoin,1,,,,,,,,,,,,,,error,"relation ""company_name"" does not exist
LINE 4: FROM company_name AS cn,
             ^
",
q87,no_nestloop,1,,,,,,,,,,,,,,error,"relation ""company_name"" does not exist
LINE 4: FROM company_name AS cn,
             ^
",
q870,default,1,,,,,,,,,,,,,,error,"relation ""aka_name"" does not exist
LINE 3: FROM aka_name AS an1,
             ^
",
q870,no_hashjoin,1,,,,,,,,,,,,,,error,"relation ""aka_name"" does not exist
LINE 3: FROM aka_name AS an1,
             ^
",
q870,no_mergejoin,1,,,,,,,,,,,,,,error,"relation ""aka_name"" does not exist
LINE 3: FROM aka_name AS an1,
             ^
",
q870,no_nestloop,1,,,,,,,,,,,,,,error,"relation ""aka_name"" does not exist
LINE 3: FROM aka_name AS an1,
             ^
",
q871,default,1,,,,,,,,,,,,,,error,"relation ""aka_name"" does not exist
LINE 3: FROM aka_name AS an1,
             ^
",
q871,no_hashjoin,1,,,,,,,,,,,,,,error,"relation ""aka_name"" does not exist
LINE 3: FROM aka_name AS an1,
             ^
",
q871,no_mergejoin,1,,,,,,,,,,,,,,error,"relation ""aka_name"" does not exist
LINE 3: FROM aka_name AS an1,
             ^
",
q871,no_nestloop,1,,,,,,,,,,,,,,error,"relation ""aka_name"" does not exist
LINE 3: FROM aka_name AS an1,
             ^
",
q872,default,1,,,,,,,,,,,,,,error,"relation ""aka_name"" does not exist
LINE 4: FROM aka_name AS an,
             ^
",
q872,no_hashjoin,1,,,,,,,,,,,,,,error,"relation ""aka_name"" does not exist
LINE 4: FROM aka_name AS an,
             ^
",
q872,no_mergejoin,1,,,,,,,,,,,,,,error,"relation ""aka_name"" does not exist
LINE 4: FROM aka_name AS an,
             ^
",
q872,no_nestloop,1,,,,,,,,,,,,,,error,"relation ""aka_name"" does not exist
LINE 4: FROM aka_name AS an,
             ^
",
q873,default,1,,,,,,,,,,,,,,error,"relation ""aka_name"" does not exist
LINE 4: FROM aka_name AS an,
             ^
",
q873,no_hashjoin,1,,,,,,,,,,,,,,error,"relation ""aka_name"" does not exist
LINE 4: FROM aka_name AS an,
             ^
",
q873,no_mergejoin,1,,,,,,,,,,,,,,error,"relation ""aka_name"" does not exist
LINE 4: FROM aka_name AS an,
             ^
",
q873,no_nestloop,1,,,,,,,,,,,,,,error,"relation ""aka_name"" does not exist
LINE 4: FROM aka_name AS an,
             ^
",
q874,default,1,,,,,,,,,,,,,,error,"relation ""aka_name"" does not exist
LINE 4: FROM aka_name AS an,
             ^
",
q874,no_hashjoin,1,,,,,,,,,,,,,,error,"relation ""aka_name"" does not exist
LINE 4: FROM aka_name AS an,
             ^
",
q874,no_mergejoin,1,,,,,,,,,,,,,,error,"relation ""aka_name"" does not exist
LINE 4: FROM aka_name AS an,
             ^
",
q874,no_nestloop,1,,,,,,,,,,,,,,error,"relation ""aka_name"" does not exist
LINE 4: FROM aka_name AS an,
             ^
",
q875,default,1,,,,,,,,,,,,,,error,"relation ""aka_name"" does not exist
LINE 4: FROM aka_name AS an,
             ^
",
q875,no_hashjoin,1,,,,,,,,,,,,,,error,"relation ""aka_name"" does not exist
LINE 4: FROM aka_name AS an,
             ^
",
q875,no_mergejoin,1,,,,,,,,,,,,,,error,"relation ""aka_name"" does not exist
LINE 4: FROM aka_name AS an,
             ^
",
q875,no_nestloop,1,,,,,,,,,,,,,,error,"relation ""aka_name"" does not exist
LINE 4: FROM aka_name AS an,
             ^
",
q876,default,1,,,,,,,,,,,,,,error,"relation ""aka_name"" does not exist
LINE 4: FROM aka_name AS an,
             ^
",
q876,no_hashjoin,1,,,,,,,,,,,,,,error,"relation ""aka_name"" does not exist
LINE 4: FROM aka_name AS an,
             ^
",
q876,no_mergejoin,1,,,,,,,,,,,,,,error,"relation ""aka_name"" does not exist
LINE 4: FROM aka_name AS an,
             ^
",
q876,no_nestloop,1,,,,,,,,,,,,,,error,"relation ""aka_name"" does not exist
LINE 4: FROM aka_name AS an,
             ^
",
q877,default,1,,,,,,,,,,,,,,error,"relation ""aka_name"" does not exist
LINE 4: FROM aka_name AS an,
             ^
",
q877,no_hashjoin,1,,,,,,,,,,,,,,error,"relation ""aka_name"" does not exist
LINE 4: FROM aka_name AS an,
             ^
",
q877,no_mergejoin,1,,,,,,,,,,,,,,error,"relation ""aka_name"" does not exist
LINE 4: FROM aka_name AS an,
             ^
",
q877,no_nestloop,1,,,,,,,,,,,,,,error,"relation ""aka_name"" does not exist
LINE 4: FROM aka_name AS an,
             ^
",
q878,default,1,,,,,,,,,,,,,,error,"relation ""aka_name"" does not exist
LINE 4: FROM aka_name AS an,
             ^
",
q878,no_hashjoin,1,,,,,,,,,,,,,,error,"relation ""aka_name"" does not exist
LINE 4: FROM aka_name AS an,
             ^
",
q878,no_mergejoin,1,,,,,,,,,,,,,,error,"relation ""aka_name"" does not exist
LINE 4: FROM aka_name AS an,
             ^
",
q878,no_nestloop,1,,,,,,,,,,,,,,error,"relation ""aka_name"" does not exist
LINE 4: FROM aka_name AS an,
             ^
",
q879,default,1,,,,,,,,,,,,,,error,"relation ""aka_name"" does not exist
LINE 4: FROM aka_name AS an,
             ^
",
q879,no_hashjoin,1,,,,,,,,,,,,,,error,"relation ""aka_name"" does not exist
LINE 4: FROM aka_name AS an,
             ^
",
q879,no_mergejoin,1,,,,,,,,,,,,,,error,"relation ""aka_name"" does not exist
LINE 4: FROM aka_name AS an,
             ^
",
q879,no_nestloop,1,,,,,,,,,,,,,,error,"relation ""aka_name"" does not exist
LINE 4: FROM aka_name AS an,
             ^
",
q88,default,1,,,,,,,,,,,,,,error,"relation ""company_name"" does not exist
LINE 4: FROM company_name AS cn,
             ^
",
q88,no_hashjoin,1,,,,,,,,,,,,,,error,"relation ""company_name"" does not exist
LINE 4: FROM company_name AS cn,
             ^
",
q88,no_mergejoin,1,,,,,,,,,,,,,,error,"relation ""company_name"" does not exist
LINE 4: FROM company_name AS cn,
             ^
",
q88,no_nestloop,1,,,,,,,,,,,,,,error,"relation ""company_name"" does not exist
LINE 4: FROM company_name AS cn,
             ^
",
q880,default,1,,,,,,,,,,,,,,error,"relation ""aka_name"" does not exist
LINE 5: FROM aka_name AS an,
             ^
",
q880,no_hashjoin,1,,,,,,,,,,,,,,error,"relation ""aka_name"" does not exist
LINE 5: FROM aka_name AS an,
             ^
",
q880,no_mergejoin,1,,,,,,,,,,,,,,error,"relation ""aka_name"" does not exist
LINE 5: FROM aka_name AS an,
             ^
",
q880,no_nestloop,1,,,,,,,,,,,,,,error,"relation ""aka_name"" does not exist
LINE 5: FROM aka_name AS an,
             ^
",
q881,default,1,,,,,,,,,,,,,,error,"relation ""aka_name"" does not exist
LINE 5: FROM aka_name AS an,
             ^
",
q881,no_hashjoin,1,,,,,,,,,,,,,,error,"relation ""aka_name"" does not exist
LINE 5: FROM aka_name AS an,
             ^
",
q881,no_mergejoin,1,,,,,,,,,,,,,,error,"relation ""aka_name"" does not exist
LINE 5: FROM aka_name AS an,
             ^
",
q881,no_nestloop,1,,,,,,,,,,,,,,error,"relation ""aka_name"" does not exist
LINE 5: FROM aka_name AS an,
             ^
",
q882,default,1,,,,,,,,,,,,,,error,"relation ""aka_name"" does not exist
LINE 5: FROM aka_name AS an,
             ^
",
q882,no_hashjoin,1,,,,,,,,,,,,,,error,"relation ""aka_name"" does not exist
LINE 5: FROM aka_name AS an,
             ^
",
q882,no_mergejoin,1,,,,,,,,,,,,,,error,"relation ""aka_name"" does not exist
LINE 5: FROM aka_name AS an,
             ^
",
q882,no_nestloop,1,,,,,,,,,,,,,,error,"relation ""aka_name"" does not exist
LINE 5: FROM aka_name AS an,
             ^
",
q883,default,1,,,,,,,,,,,,,,error,"relation ""aka_name"" does not exist
LINE 5: FROM aka_name AS an,
             ^
",
q883,no_hashjoin,1,,,,,,,,,,,,,,error,"relation ""aka_name"" does not exist
LINE 5: FROM aka_name AS an,
             ^
",
q883,no_mergejoin,1,,,,,,,,,,,,,,error,"relation ""aka_name"" does not exist
LINE 5: FROM aka_name AS an,
             ^
",
q883,no_nestloop,1,,,,,,,,,,,,,,error,"relation ""aka_name"" does not exist
LINE 5: FROM aka_name AS an,
             ^
",
q884,default,1,,,,,,,,,,,,,,error,"relation ""aka_name"" does not exist
LINE 5: FROM aka_name AS an,
             ^
",
q884,no_hashjoin,1,,,,,,,,,,,,,,error,"relation ""aka_name"" does not exist
LINE 5: FROM aka_name AS an,
             ^
",
q884,no_mergejoin,1,,,,,,,,,,,,,,error,"relation ""aka_name"" does not exist
LINE 5: FROM aka_name AS an,
             ^
",
q884,no_nestloop,1,,,,,,,,,,,,,,error,"relation ""aka_name"" does not exist
LINE 5: FROM aka_name AS an,
             ^
",
q885,default,1,,,,,,,,,,,,,,error,"relation ""aka_name"" does not exist
LINE 5: FROM aka_name AS an,
             ^
",
q885,no_hashjoin,1,,,,,,,,,,,,,,error,"relation ""aka_name"" does not exist
LINE 5: FROM aka_name AS an,
             ^
",
q885,no_mergejoin,1,,,,,,,,,,,,,,error,"relation ""aka_name"" does not exist
LINE 5: FROM aka_name AS an,
             ^
",
q885,no_nestloop,1,,,,,,,,,,,,,,error,"relation ""aka_name"" does not exist
LINE 5: FROM aka_name AS an,
             ^
",
q886,default,1,,,,,,,,,,,,,,error,"relation ""aka_name"" does not exist
LINE 5: FROM aka_name AS an,
             ^
",
q886,no_hashjoin,1,,,,,,,,,,,,,,error,"relation ""aka_name"" does not exist
LINE 5: FROM aka_name AS an,
             ^
",
q886,no_mergejoin,1,,,,,,,,,,,,,,error,"relation ""aka_name"" does not exist
LINE 5: FROM aka_name AS an,
             ^
",
q886,no_nestloop,1,,,,,,,,,,,,,,error,"relation ""aka_name"" does not exist
LINE 5: FROM aka_name AS an,
             ^
",
q887,default,1,,,,,,,,,,,,,,error,"relation ""aka_name"" does not exist
LINE 5: FROM aka_name AS an,
             ^
",
q887,no_hashjoin,1,,,,,,,,,,,,,,error,"relation ""aka_name"" does not exist
LINE 5: FROM aka_name AS an,
             ^
",
q887,no_mergejoin,1,,,,,,,,,,,,,,error,"relation ""aka_name"" does not exist
LINE 5: FROM aka_name AS an,
             ^
",
q887,no_nestloop,1,,,,,,,,,,,,,,error,"relation ""aka_name"" does not exist
LINE 5: FROM aka_name AS an,
             ^
",
q888,default,1,,,,,,,,,,,,,,error,"relation ""aka_name"" does not exist
LINE 5: FROM aka_name AS an,
             ^
",
q888,no_hashjoin,1,,,,,,,,,,,,,,error,"relation ""aka_name"" does not exist
LINE 5: FROM aka_name AS an,
             ^
",
q888,no_mergejoin,1,,,,,,,,,,,,,,error,"relation ""aka_name"" does not exist
LINE 5: FROM aka_name AS an,
             ^
",
q888,no_nestloop,1,,,,,,,,,,,,,,error,"relation ""aka_name"" does not exist
LINE 5: FROM aka_name AS an,
             ^
",
q889,default,1,,,,,,,,,,,,,,error,"relation ""aka_name"" does not exist
LINE 5: FROM aka_name AS an,
             ^
",
q889,no_hashjoin,1,,,,,,,,,,,,,,error,"relation ""aka_name"" does not exist
LINE 5: FROM aka_name AS an,
             ^
",
q889,no_mergejoin,1,,,,,,,,,,,,,,error,"relation ""aka_name"" does not exist
LINE 5: FROM aka_name AS an,
             ^
",
q889,no_nestloop,1,,,,,,,,,,,,,,error,"relation ""aka_name"" does not exist
LINE 5: FROM aka_name AS an,
             ^
",
q89,default,1,,,,,,,,,,,,,,error,"relation ""company_name"" does not exist
LINE 4: FROM company_name AS cn,
             ^
",
q89,no_hashjoin,1,,,,,,,,,,,,,,error,"relation ""company_name"" does not exist
LINE 4: FROM company_name AS cn,
             ^
",
q89,no_mergejoin,1,,,,,,,,,,,,,,error,"relation ""company_name"" does not exist
LINE 4: FROM company_name AS cn,
             ^
",
q89,no_nestloop,1,,,,,,,,,,,,,,error,"relation ""company_name"" does not exist
LINE 4: FROM company_name AS cn,
             ^
",
q890,default,1,,,,,,,,,,,,,,error,"relation ""aka_name"" does not exist
LINE 5: FROM aka_name AS an,
             ^
",
q890,no_hashjoin,1,,,,,,,,,,,,,,error,"relation ""aka_name"" does not exist
LINE 5: FROM aka_name AS an,
             ^
",
q890,no_mergejoin,1,,,,,,,,,,,,,,error,"relation ""aka_name"" does not exist
LINE 5: FROM aka_name AS an,
             ^
",
q890,no_nestloop,1,,,,,,,,,,,,,,error,"relation ""aka_name"" does not exist
LINE 5: FROM aka_name AS an,
             ^
",
q891,default,1,,,,,,,,,,,,,,error,"relation ""aka_name"" does not exist
LINE 5: FROM aka_name AS an,
             ^
",
q891,no_hashjoin,1,,,,,,,,,,,,,,error,"relation ""aka_name"" does not exist
LINE 5: FROM aka_name AS an,
             ^
",
q891,no_mergejoin,1,,,,,,,,,,,,,,error,"relation ""aka_name"" does not exist
LINE 5: FROM aka_name AS an,
             ^
",
q891,no_nestloop,1,,,,,,,,,,,,,,error,"relation ""aka_name"" does not exist
LINE 5: FROM aka_name AS an,
             ^
",
q892,default,1,,,,,,,,,,,,,,error,"relation ""aka_name"" does not exist
LINE 5: FROM aka_name AS an,
             ^
",
q892,no_hashjoin,1,,,,,,,,,,,,,,error,"relation ""aka_name"" does not exist
LINE 5: FROM aka_name AS an,
             ^
",
q892,no_mergejoin,1,,,,,,,,,,,,,,error,"relation ""aka_name"" does not exist
LINE 5: FROM aka_name AS an,
             ^
",
q892,no_nestloop,1,,,,,,,,,,,,,,error,"relation ""aka_name"" does not exist
LINE 5: FROM aka_name AS an,
             ^
",
q893,default,1,,,,,,,,,,,,,,error,"relation ""aka_name"" does not exist
LINE 5: FROM aka_name AS an,
             ^
",
q893,no_hashjoin,1,,,,,,,,,,,,,,error,"relation ""aka_name"" does not exist
LINE 5: FROM aka_name AS an,
             ^
",
q893,no_mergejoin,1,,,,,,,,,,,,,,error,"relation ""aka_name"" does not exist
LINE 5: FROM aka_name AS an,
             ^
",
q893,no_nestloop,1,,,,,,,,,,,,,,error,"relation ""aka_name"" does not exist
LINE 5: FROM aka_name AS an,
             ^
",
q894,default,1,,,,,,,,,,,,,,error,"relation ""aka_name"" does not exist
LINE 5: FROM aka_name AS an,
             ^
",
q894,no_hashjoin,1,,,,,,,,,,,,,,error,"relation ""aka_name"" does not exist
LINE 5: FROM aka_name AS an,
             ^
",
q894,no_mergejoin,1,,,,,,,,,,,,,,error,"relation ""aka_name"" does not exist
LINE 5: FROM aka_name AS an,
             ^
",
q894,no_nestloop,1,,,,,,,,,,,,,,error,"relation ""aka_name"" does not exist
LINE 5: FROM aka_name AS an,
             ^
",
q895,default,1,,,,,,,,,,,,,,error,"relation ""aka_name"" does not exist
LINE 5: FROM aka_name AS an,
             ^
",
q895,no_hashjoin,1,,,,,,,,,,,,,,error,"relation ""aka_name"" does not exist
LINE 5: FROM aka_name AS an,
             ^
",
q895,no_mergejoin,1,,,,,,,,,,,,,,error,"relation ""aka_name"" does not exist
LINE 5: FROM aka_name AS an,
             ^
",
q895,no_nestloop,1,,,,,,,,,,,,,,error,"relation ""aka_name"" does not exist
LINE 5: FROM aka_name AS an,
             ^
",
q896,default,1,,,,,,,,,,,,,,error,"relation ""aka_name"" does not exist
LINE 5: FROM aka_name AS an,
             ^
",
q896,no_hashjoin,1,,,,,,,,,,,,,,error,"relation ""aka_name"" does not exist
LINE 5: FROM aka_name AS an,
             ^
",
q896,no_mergejoin,1,,,,,,,,,,,,,,error,"relation ""aka_name"" does not exist
LINE 5: FROM aka_name AS an,
             ^
",
q896,no_nestloop,1,,,,,,,,,,,,,,error,"relation ""aka_name"" does not exist
LINE 5: FROM aka_name AS an,
             ^
",
q897,default,1,,,,,,,,,,,,,,error,"relation ""aka_name"" does not exist
LINE 5: FROM aka_name AS an,
             ^
",
q897,no_hashjoin,1,,,,,,,,,,,,,,error,"relation ""aka_name"" does not exist
LINE 5: FROM aka_name AS an,
             ^
",
q897,no_mergejoin,1,,,,,,,,,,,,,,error,"relation ""aka_name"" does not exist
LINE 5: FROM aka_name AS an,
             ^
",
q897,no_nestloop,1,,,,,,,,,,,,,,error,"relation ""aka_name"" does not exist
LINE 5: FROM aka_name AS an,
             ^
",
q898,default,1,,,,,,,,,,,,,,error,"relation ""aka_name"" does not exist
LINE 5: FROM aka_name AS an,
             ^
",
q898,no_hashjoin,1,,,,,,,,,,,,,,error,"relation ""aka_name"" does not exist
LINE 5: FROM aka_name AS an,
             ^
",
q898,no_mergejoin,1,,,,,,,,,,,,,,error,"relation ""aka_name"" does not exist
LINE 5: FROM aka_name AS an,
             ^
",
q898,no_nestloop,1,,,,,,,,,,,,,,error,"relation ""aka_name"" does not exist
LINE 5: FROM aka_name AS an,
             ^
",
q899,default,1,,,,,,,,,,,,,,error,"relation ""aka_name"" does not exist
LINE 5: FROM aka_name AS an,
             ^
",
q899,no_hashjoin,1,,,,,,,,,,,,,,error,"relation ""aka_name"" does not exist
LINE 5: FROM aka_name AS an,
             ^
",
q899,no_mergejoin,1,,,,,,,,,,,,,,error,"relation ""aka_name"" does not exist
LINE 5: FROM aka_name AS an,
             ^
",
q899,no_nestloop,1,,,,,,,,,,,,,,error,"relation ""aka_name"" does not exist
LINE 5: FROM aka_name AS an,
             ^
",
q9,default,1,,,,,,,,,,,,,,error,"relation ""char_name"" does not exist
LINE 3: FROM char_name AS chn,
             ^
",
q9,no_hashjoin,1,,,,,,,,,,,,,,error,"relation ""char_name"" does not exist
LINE 3: FROM char_name AS chn,
             ^
",
q9,no_mergejoin,1,,,,,,,,,,,,,,error,"relation ""char_name"" does not exist
LINE 3: FROM char_name AS chn,
             ^
",
q9,no_nestloop,1,,,,,,,,,,,,,,error,"relation ""char_name"" does not exist
LINE 3: FROM char_name AS chn,
             ^
",
q90,default,1,,,,,,,,,,,,,,error,"relation ""company_name"" does not exist
LINE 4: FROM company_name AS cn,
             ^
",
q90,no_hashjoin,1,,,,,,,,,,,,,,error,"relation ""company_name"" does not exist
LINE 4: FROM company_name AS cn,
             ^
",
q90,no_mergejoin,1,,,,,,,,,,,,,,error,"relation ""company_name"" does not exist
LINE 4: FROM company_name AS cn,
             ^
",
q90,no_nestloop,1,,,,,,,,,,,,,,error,"relation ""company_name"" does not exist
LINE 4: FROM company_name AS cn,
             ^
",
q900,default,1,,,,,,,,,,,,,,error,"relation ""aka_name"" does not exist
LINE 5: FROM aka_name AS an,
             ^
",
q900,no_hashjoin,1,,,,,,,,,,,,,,error,"relation ""aka_name"" does not exist
LINE 5: FROM aka_name AS an,
             ^
",
q900,no_mergejoin,1,,,,,,,,,,,,,,error,"relation ""aka_name"" does not exist
LINE 5: FROM aka_name AS an,
             ^
",
q900,no_nestloop,1,,,,,,,,,,,,,,error,"relation ""aka_name"" does not exist
LINE 5: FROM aka_name AS an,
             ^
",
q901,default,1,,,,,,,,,,,,,,error,"relation ""aka_name"" does not exist
LINE 5: FROM aka_name AS an,
             ^
",
q901,no_hashjoin,1,,,,,,,,,,,,,,error,"relation ""aka_name"" does not exist
LINE 5: FROM aka_name AS an,
             ^
",
q901,no_mergejoin,1,,,,,,,,,,,,,,error,"relation ""aka_name"" does not exist
LINE 5: FROM aka_name AS an,
             ^
",
q901,no_nestloop,1,,,,,,,,,,,,,,error,"relation ""aka_name"" does not exist
LINE 5: FROM aka_name AS an,
             ^
",
q902,default,1,,,,,,,,,,,,,,error,"relation ""aka_name"" does not exist
LINE 5: FROM aka_name AS an,
             ^
",
q902,no_hashjoin,1,,,,,,,,,,,,,,error,"relation ""aka_name"" does not exist
LINE 5: FROM aka_name AS an,
             ^
",
q902,no_mergejoin,1,,,,,,,,,,,,,,error,"relation ""aka_name"" does not exist
LINE 5: FROM aka_name AS an,
             ^
",
q902,no_nestloop,1,,,,,,,,,,,,,,error,"relation ""aka_name"" does not exist
LINE 5: FROM aka_name AS an,
             ^
",
q903,default,1,,,,,,,,,,,,,,error,"relation ""aka_name"" does not exist
LINE 5: FROM aka_name AS an,
             ^
",
q903,no_hashjoin,1,,,,,,,,,,,,,,error,"relation ""aka_name"" does not exist
LINE 5: FROM aka_name AS an,
             ^
",
q903,no_mergejoin,1,,,,,,,,,,,,,,error,"relation ""aka_name"" does not exist
LINE 5: FROM aka_name AS an,
             ^
",
q903,no_nestloop,1,,,,,,,,,,,,,,error,"relation ""aka_name"" does not exist
LINE 5: FROM aka_name AS an,
             ^
",
q904,default,1,,,,,,,,,,,,,,error,"syntax error at or near ""index""
LINE 1: EXPLAIN (ANALYZE, BUFFERS, FORMAT JSON) create index company...
                                                       ^
",
q904,no_hashjoin,1,,,,,,,,,,,,,,error,"syntax error at or near ""index""
LINE 1: EXPLAIN (ANALYZE, BUFFERS, FORMAT JSON) create index company...
                                                       ^
",
q904,no_mergejoin,1,,,,,,,,,,,,,,error,"syntax error at or near ""index""
LINE 1: EXPLAIN (ANALYZE, BUFFERS, FORMAT JSON) create index company...
                                                       ^
",
q904,no_nestloop,1,,,,,,,,,,,,,,error,"syntax error at or near ""index""
LINE 1: EXPLAIN (ANALYZE, BUFFERS, FORMAT JSON) create index company...
                                                       ^
",
q905,default,1,,,,,,,,,,,,,,error,"syntax error at or near ""index""
LINE 1: EXPLAIN (ANALYZE, BUFFERS, FORMAT JSON) create index company...
                                                       ^
",
q905,no_hashjoin,1,,,,,,,,,,,,,,error,"syntax error at or near ""index""
LINE 1: EXPLAIN (ANALYZE, BUFFERS, FORMAT JSON) create index company...
                                                       ^
",
q905,no_mergejoin,1,,,,,,,,,,,,,,error,"syntax error at or near ""index""
LINE 1: EXPLAIN (ANALYZE, BUFFERS, FORMAT JSON) create index company...
                                                       ^
",
q905,no_nestloop,1,,,,,,,,,,,,,,error,"syntax error at or near ""index""
LINE 1: EXPLAIN (ANALYZE, BUFFERS, FORMAT JSON) create index company...
                                                       ^
",
q906,default,1,,,,,,,,,,,,,,error,"syntax error at or near ""index""
LINE 1: EXPLAIN (ANALYZE, BUFFERS, FORMAT JSON) create index company...
                                                       ^
",
q906,no_hashjoin,1,,,,,,,,,,,,,,error,"syntax error at or near ""index""
LINE 1: EXPLAIN (ANALYZE, BUFFERS, FORMAT JSON) create index company...
                                                       ^
",
q906,no_mergejoin,1,,,,,,,,,,,,,,error,"syntax error at or near ""index""
LINE 1: EXPLAIN (ANALYZE, BUFFERS, FORMAT JSON) create index company...
                                                       ^
",
q906,no_nestloop,1,,,,,,,,,,,,,,error,"syntax error at or near ""index""
LINE 1: EXPLAIN (ANALYZE, BUFFERS, FORMAT JSON) create index company...
                                                       ^
",
q907,default,1,,,,,,,,,,,,,,error,"syntax error at or near ""index""
LINE 1: EXPLAIN (ANALYZE, BUFFERS, FORMAT JSON) create index company...
                                                       ^
",
q907,no_hashjoin,1,,,,,,,,,,,,,,error,"syntax error at or near ""index""
LINE 1: EXPLAIN (ANALYZE, BUFFERS, FORMAT JSON) create index company...
                                                       ^
",
q907,no_mergejoin,1,,,,,,,,,,,,,,error,"syntax error at or near ""index""
LINE 1: EXPLAIN (ANALYZE, BUFFERS, FORMAT JSON) create index company...
                                                       ^
",
q907,no_nestloop,1,,,,,,,,,,,,,,error,"syntax error at or near ""index""
LINE 1: EXPLAIN (ANALYZE, BUFFERS, FORMAT JSON) create index company...
                                                       ^
",
q908,default,1,,,,,,,,,,,,,,error,"syntax error at or near ""index""
LINE 1: EXPLAIN (ANALYZE, BUFFERS, FORMAT JSON) create index company...
                                                       ^
",
q908,no_hashjoin,1,,,,,,,,,,,,,,error,"syntax error at or near ""index""
LINE 1: EXPLAIN (ANALYZE, BUFFERS, FORMAT JSON) create index company...
                                                       ^
",
q908,no_mergejoin,1,,,,,,,,,,,,,,error,"syntax error at or near ""index""
LINE 1: EXPLAIN (ANALYZE, BUFFERS, FORMAT JSON) create index company...
                                                       ^
",
q908,no_nestloop,1,,,,,,,,,,,,,,error,"syntax error at or near ""index""
LINE 1: EXPLAIN (ANALYZE, BUFFERS, FORMAT JSON) create index company...
                                                       ^
",
q909,default,1,,,,,,,,,,,,,,error,"syntax error at or near ""index""
LINE 1: EXPLAIN (ANALYZE, BUFFERS, FORMAT JSON) create index company...
                                                       ^
",
q909,no_hashjoin,1,,,,,,,,,,,,,,error,"syntax error at or near ""index""
LINE 1: EXPLAIN (ANALYZE, BUFFERS, FORMAT JSON) create index company...
                                                       ^
",
q909,no_mergejoin,1,,,,,,,,,,,,,,error,"syntax error at or near ""index""
LINE 1: EXPLAIN (ANALYZE, BUFFERS, FORMAT JSON) create index company...
                                                       ^
",
q909,no_nestloop,1,,,,,,,,,,,,,,error,"syntax error at or near ""index""
LINE 1: EXPLAIN (ANALYZE, BUFFERS, FORMAT JSON) create index company...
                                                       ^
",
q91,default,1,,,,,,,,,,,,,,error,"relation ""company_name"" does not exist
LINE 4: FROM company_name AS cn,
             ^
",
q91,no_hashjoin,1,,,,,,,,,,,,,,error,"relation ""company_name"" does not exist
LINE 4: FROM company_name AS cn,
             ^
",
q91,no_mergejoin,1,,,,,,,,,,,,,,error,"relation ""company_name"" does not exist
LINE 4: FROM company_name AS cn,
             ^
",
q91,no_nestloop,1,,,,,,,,,,,,,,error,"relation ""company_name"" does not exist
LINE 4: FROM company_name AS cn,
             ^
",
q910,default,1,,,,,,,,,,,,,,error,"syntax error at or near ""index""
LINE 1: EXPLAIN (ANALYZE, BUFFERS, FORMAT JSON) create index company...
                                                       ^
",
q910,no_hashjoin,1,,,,,,,,,,,,,,error,"syntax error at or near ""index""
LINE 1: EXPLAIN (ANALYZE, BUFFERS, FORMAT JSON) create index company...
                                                       ^
",
q910,no_mergejoin,1,,,,,,,,,,,,,,error,"syntax error at or near ""index""
LINE 1: EXPLAIN (ANALYZE, BUFFERS, FORMAT JSON) create index company...
                                                       ^
",
q910,no_nestloop,1,,,,,,,,,,,,,,error,"syntax error at or near ""index""
LINE 1: EXPLAIN (ANALYZE, BUFFERS, FORMAT JSON) create index company...
                                                       ^
",
q911,default,1,,,,,,,,,,,,,,error,"syntax error at or near ""index""
LINE 1: EXPLAIN (ANALYZE, BUFFERS, FORMAT JSON) create index company...
                                                       ^
",
q911,no_hashjoin,1,,,,,,,,,,,,,,error,"syntax error at or near ""index""
LINE 1: EXPLAIN (ANALYZE, BUFFERS, FORMAT JSON) create index company...
                                                       ^
",
q911,no_mergejoin,1,,,,,,,,,,,,,,error,"syntax error at or near ""index""
LINE 1: EXPLAIN (ANALYZE, BUFFERS, FORMAT JSON) create index company...
                                                       ^
",
q911,no_nestloop,1,,,,,,,,,,,,,,error,"syntax error at or near ""index""
LINE 1: EXPLAIN (ANALYZE, BUFFERS, FORMAT JSON) create index company...
                                                       ^
",
q912,default,1,,,,,,,,,,,,,,error,"syntax error at or near ""integer""
LINE 2:     id integer NOT NULL PRIMARY KEY,
               ^
",
q912,no_hashjoin,1,,,,,,,,,,,,,,error,"syntax error at or near ""integer""
LINE 2:     id integer NOT NULL PRIMARY KEY,
               ^
",
q912,no_mergejoin,1,,,,,,,,,,,,,,error,"syntax error at or near ""integer""
LINE 2:     id integer NOT NULL PRIMARY KEY,
               ^
",
q912,no_nestloop,1,,,,,,,,,,,,,,error,"syntax error at or near ""integer""
LINE 2:     id integer NOT NULL PRIMARY KEY,
               ^
",
q913,default,1,,,,,,,,,,,,,,error,"syntax error at or near ""integer""
LINE 2:     id integer NOT NULL PRIMARY KEY,
               ^
",
q913,no_hashjoin,1,,,,,,,,,,,,,,error,"syntax error at or near ""integer""
LINE 2:     id integer NOT NULL PRIMARY KEY,
               ^
",
q913,no_mergejoin,1,,,,,,,,,,,,,,error,"syntax error at or near ""integer""
LINE 2:     id integer NOT NULL PRIMARY KEY,
               ^
",
q913,no_nestloop,1,,,,,,,,,,,,,,error,"syntax error at or near ""integer""
LINE 2:     id integer NOT NULL PRIMARY KEY,
               ^
",
q914,default,1,,,,,,,,,,,,,,error,"syntax error at or near ""integer""
LINE 2:     id integer NOT NULL PRIMARY KEY,
               ^
",
q914,no_hashjoin,1,,,,,,,,,,,,,,error,"syntax error at or near ""integer""
LINE 2:     id integer NOT NULL PRIMARY KEY,
               ^
",
q914,no_mergejoin,1,,,,,,,,,,,,,,error,"syntax error at or near ""integer""
LINE 2:     id integer NOT NULL PRIMARY KEY,
               ^
",
q914,no_nestloop,1,,,,,,,,,,,,,,error,"syntax error at or near ""integer""
LINE 2:     id integer NOT NULL PRIMARY KEY,
               ^
",
q915,default,1,,,,,,,,,,,,,,error,"syntax error at or near ""integer""
LINE 2:     id integer NOT NULL PRIMARY KEY,
               ^
",
q915,no_hashjoin,1,,,,,,,,,,,,,,error,"syntax error at or near ""integer""
LINE 2:     id integer NOT NULL PRIMARY KEY,
               ^
",
q915,no_mergejoin,1,,,,,,,,,,,,,,error,"syntax error at or near ""integer""
LINE 2:     id integer NOT NULL PRIMARY KEY,
               ^
",
q915,no_nestloop,1,,,,,,,,,,,,,,error,"syntax error at or near ""integer""
LINE 2:     id integer NOT NULL PRIMARY KEY,
               ^
",
q916,default,1,,,,,,,,,,,,,,error,"syntax error at or near ""integer""
LINE 2:     id integer NOT NULL PRIMARY KEY,
               ^
",
q916,no_hashjoin,1,,,,,,,,,,,,,,error,"syntax error at or near ""integer""
LINE 2:     id integer NOT NULL PRIMARY KEY,
               ^
",
q916,no_mergejoin,1,,,,,,,,,,,,,,error,"syntax error at or near ""integer""
LINE 2:     id integer NOT NULL PRIMARY KEY,
               ^
",
q916,no_nestloop,1,,,,,,,,,,,,,,error,"syntax error at or near ""integer""
LINE 2:     id integer NOT NULL PRIMARY KEY,
               ^
",
q917,default,1,,,,,,,,,,,,,,error,"syntax error at or near ""integer""
LINE 2:     id integer NOT NULL PRIMARY KEY,
               ^
",
q917,no_hashjoin,1,,,,,,,,,,,,,,error,"syntax error at or near ""integer""
LINE 2:     id integer NOT NULL PRIMARY KEY,
               ^
",
q917,no_mergejoin,1,,,,,,,,,,,,,,error,"syntax error at or near ""integer""
LINE 2:     id integer NOT NULL PRIMARY KEY,
               ^
",
q917,no_nestloop,1,,,,,,,,,,,,,,error,"syntax error at or near ""integer""
LINE 2:     id integer NOT NULL PRIMARY KEY,
               ^
",
q918,default,1,,,,,,,,,,,,,,error,"syntax error at or near ""integer""
LINE 2:     id integer NOT NULL PRIMARY KEY,
               ^
",
q918,no_hashjoin,1,,,,,,,,,,,,,,error,"syntax error at or near ""integer""
LINE 2:     id integer NOT NULL PRIMARY KEY,
               ^
",
q918,no_mergejoin,1,,,,,,,,,,,,,,error,"syntax error at or near ""integer""
LINE 2:     id integer NOT NULL PRIMARY KEY,
               ^
",
q918,no_nestloop,1,,,,,,,,,,,,,,error,"syntax error at or near ""integer""
LINE 2:     id integer NOT NULL PRIMARY KEY,
               ^
",
q919,default,1,,,,,,,,,,,,,,error,"syntax error at or near ""integer""
LINE 2:     id integer NOT NULL PRIMARY KEY,
               ^
",
q919,no_hashjoin,1,,,,,,,,,,,,,,error,"syntax error at or near ""integer""
LINE 2:     id integer NOT NULL PRIMARY KEY,
               ^
",
q919,no_mergejoin,1,,,,,,,,,,,,,,error,"syntax error at or near ""integer""
LINE 2:     id integer NOT NULL PRIMARY KEY,
               ^
",
q919,no_nestloop,1,,,,,,,,,,,,,,error,"syntax error at or near ""integer""
LINE 2:     id integer NOT NULL PRIMARY KEY,
               ^
",
q92,default,1,,,,,,,,,,,,,,error,"relation ""company_name"" does not exist
LINE 4: FROM company_name AS cn,
             ^
",
q92,no_hashjoin,1,,,,,,,,,,,,,,error,"relation ""company_name"" does not exist
LINE 4: FROM company_name AS cn,
             ^
",
q92,no_mergejoin,1,,,,,,,,,,,,,,error,"relation ""company_name"" does not exist
LINE 4: FROM company_name AS cn,
             ^
",
q92,no_nestloop,1,,,,,,,,,,,,,,error,"relation ""company_name"" does not exist
LINE 4: FROM company_name AS cn,
             ^
",
q93,default,1,,,,,,,,,,,,,,error,"relation ""company_name"" does not exist
LINE 4: FROM company_name AS cn,
             ^
",
q93,no_hashjoin,1,,,,,,,,,,,,,,error,"relation ""company_name"" does not exist
LINE 4: FROM company_name AS cn,
             ^
",
q93,no_mergejoin,1,,,,,,,,,,,,,,error,"relation ""company_name"" does not exist
LINE 4: FROM company_name AS cn,
             ^
",
q93,no_nestloop,1,,,,,,,,,,,,,,error,"relation ""company_name"" does not exist
LINE 4: FROM company_name AS cn,
             ^
",
q94,default,1,,,,,,,,,,,,,,error,"relation ""company_name"" does not exist
LINE 4: FROM company_name AS cn,
             ^
",
q94,no_hashjoin,1,,,,,,,,,,,,,,error,"relation ""company_name"" does not exist
LINE 4: FROM company_name AS cn,
             ^
",
q94,no_mergejoin,1,,,,,,,,,,,,,,error,"relation ""company_name"" does not exist
LINE 4: FROM company_name AS cn,
             ^
",
q94,no_nestloop,1,,,,,,,,,,,,,,error,"relation ""company_name"" does not exist
LINE 4: FROM company_name AS cn,
             ^
",
q95,default,1,,,,,,,,,,,,,,error,"relation ""company_name"" does not exist
LINE 4: FROM company_name AS cn,
             ^
",
q95,no_hashjoin,1,,,,,,,,,,,,,,error,"relation ""company_name"" does not exist
LINE 4: FROM company_name AS cn,
             ^
",
q95,no_mergejoin,1,,,,,,,,,,,,,,error,"relation ""company_name"" does not exist
LINE 4: FROM company_name AS cn,
             ^
",
q95,no_nestloop,1,,,,,,,,,,,,,,error,"relation ""company_name"" does not exist
LINE 4: FROM company_name AS cn,
             ^
",
q96,default,1,,,,,,,,,,,,,,error,"relation ""company_name"" does not exist
LINE 4: FROM company_name AS cn,
             ^
",
q96,no_hashjoin,1,,,,,,,,,,,,,,error,"relation ""company_name"" does not exist
LINE 4: FROM company_name AS cn,
             ^
",
q96,no_mergejoin,1,,,,,,,,,,,,,,error,"relation ""company_name"" does not exist
LINE 4: FROM company_name AS cn,
             ^
",
q96,no_nestloop,1,,,,,,,,,,,,,,error,"relation ""company_name"" does not exist
LINE 4: FROM company_name AS cn,
             ^
",
q97,default,1,,,,,,,,,,,,,,error,"relation ""company_name"" does not exist
LINE 4: FROM company_name AS cn,
             ^
",
q97,no_hashjoin,1,,,,,,,,,,,,,,error,"relation ""company_name"" does not exist
LINE 4: FROM company_name AS cn,
             ^
",
q97,no_mergejoin,1,,,,,,,,,,,,,,error,"relation ""company_name"" does not exist
LINE 4: FROM company_name AS cn,
             ^
",
q97,no_nestloop,1,,,,,,,,,,,,,,error,"relation ""company_name"" does not exist
LINE 4: FROM company_name AS cn,
             ^
",
q98,default,1,,,,,,,,,,,,,,error,"relation ""company_name"" does not exist
LINE 4: FROM company_name AS cn,
             ^
",
q98,no_hashjoin,1,,,,,,,,,,,,,,error,"relation ""company_name"" does not exist
LINE 4: FROM company_name AS cn,
             ^
",
q98,no_mergejoin,1,,,,,,,,,,,,,,error,"relation ""company_name"" does not exist
LINE 4: FROM company_name AS cn,
             ^
",
q98,no_nestloop,1,,,,,,,,,,,,,,error,"relation ""company_name"" does not exist
LINE 4: FROM company_name AS cn,
             ^
",
q99,default,1,,,,,,,,,,,,,,error,"relation ""company_name"" does not exist
LINE 4: FROM company_name AS cn,
             ^
",
q99,no_hashjoin,1,,,,,,,,,,,,,,error,"relation ""company_name"" does not exist
LINE 4: FROM company_name AS cn,
             ^
",
q99,no_mergejoin,1,,,,,,,,,,,,,,error,"relation ""company_name"" does not exist
LINE 4: FROM company_name AS cn,
             ^
",
q99,no_nestloop,1,,,,,,,,,,,,,,error,"relation ""company_name"" does not exist
LINE 4: FROM company_name AS cn,
             ^
",
